Customer_ID,Customer_Name,Contact_Person,Customer_Type,Region,Phone,Email,Credit_Limit,Payment_Terms,Joined_Date,Is_Active
CUST-00001,Fidelis Danjuma,Fidelis Danjuma,Individual,Ibadan,08034842788,fidelis.danjuma@businessng.com,0,Net 14,2020-04-01,Yes
CUST-00002,Kunle Olatunji,Kunle Olatunji,Individual,Lagos,08169375710,kunle.olatunji@hotmail.com,1000000,Net 30,2018-10-20,Yes
CUST-00003,Lagos Ventures,Dele Agbaje,SME,Abuja,08127700828,dele.agbaje@outlook.com,50000,Net 7,2020-11-09,Yes
CUST-00004,Bright Enterprises,Emmanuel Ibrahim,Corporate,Port Harcourt,08052065818,emmanuel.ibrahim@hotmail.com,250000,Net 30,2020-12-19,Yes
CUST-00005,Abuja Group,Fidelis Agboola,Corporate,Lagos,07038294150,fidelis.agboola@yahoo.com,250000,Immediate,2022-01-18,No
CUST-00006,Central Nigeria Ltd,Blessing Salami,Corporate,Port Harcourt,07039517169,blessing.salami@centralnig.com.ng,50000,Net 7,2020-02-05,No
CUST-00007,Zenith Ventures,Kelechi Sanusi,SME,Lagos,09011326765,kelechi.sanusi@gmail.com,100000,Net 14,2019-05-06,Yes
CUST-00008,Urban Nigeria Ltd,Abubakar Mensah,Corporate,Ibadan,09073109911,abubakar.mensah@yahoo.com,1000000,Net 30,2021-01-30,Yes
CUST-00009,Global Trading Co,Grace Faleye,Corporate,Ibadan,08166229731,grace.faleye@hotmail.com,1000000,Net 14,2020-06-16,Yes
CUST-00010,Eagle Group,Adaora Chukwu,Corporate,Lagos,08124860684,adaora.chukwu@eaglegroup.com.ng,50000,Immediate,2018-05-26,Yes
CUST-00011,Future Nigeria Ltd,Bayo Osei,Corporate,Kano,08165672073,bayo.osei@tradingco.ng,250000,Net 7,2021-01-09,Yes
CUST-00012,Silver Global Ltd,Fatima Balogun,SME,Lagos,08068231838,fatima.balogun@outlook.com,250000,Net 30,2020-08-14,No
CUST-00013,Crown Ltd,Fidelis Fadipe,SME,Abuja,07062833230,fidelis.fadipe@yahoo.com,50000,Net 7,2021-01-03,Yes
CUST-00014,Steel Global Ltd,Ngozi Okafor,Corporate,Lagos,09012642635,ngozi.okafor@gmail.com,1000000,Immediate,2018-07-11,No
CUST-00015,Metro Global Ltd,Femi Adewale,SME,Abuja,08033762152,femi.adewale@hotmail.com,0,Net 30,2019-06-28,Yes
CUST-00016,Bisi Yusuf,Bisi Yusuf,Individual,Kano,08119164991,bisi.yusuf@yahoo.com,50000,Net 14,2019-03-22,Yes
CUST-00017,Star Ventures,Thompson Danjuma,Corporate,Abuja,09079910817,thompson.danjuma@yahoo.com,0,Immediate,2022-10-10,Yes
CUST-00018,Bashir Osei,Bashir Osei,Individual,Lagos,08053011363,bashir.osei@bashirosei.com.ng,50000,Immediate,2021-06-22,Yes
CUST-00019,Vision Solutions,Ebunoluwa Olayemi,SME,Lagos,08116271130,ebunoluwa.olayemi@yahoo.com,100000,Net 30,2018-09-26,Yes
CUST-00020,Folake Danjuma,Folake Danjuma,Individual,Lagos,08038688755,folake.danjuma@folakedanj.com.ng,500000,Immediate,2018-05-31,Yes
CUST-00021,Power Nigeria Ltd,Chukwudi Suleiman,Corporate,Lagos,07065781295,chukwudi.suleiman@yahoo.com,250000,Net 14,2021-06-06,Yes
CUST-00022,Heritage Nigeria Ltd,Ismail Bakare,SME,Lagos,07032936571,ismail.bakare@gmail.com,1000000,Net 7,2019-07-12,Yes
CUST-00023,Lagos Trading Co,Victor Wada,Corporate,Abuja,07031852264,victor.wada@gmail.com,1000000,Net 30,2022-08-26,Yes
CUST-00024,Chukwuemeka Wada,Chukwuemeka Wada,Individual,Lagos,08115394880,chukwuemeka.wada@yahoo.com,1000000,Net 30,2021-02-03,Yes
CUST-00025,Eagle Enterprises,Joy Adeyemi,Corporate,Kano,08037194416,joy.adeyemi@eagleenter.com.ng,500000,Net 7,2020-05-30,Yes
CUST-00026,Power Global Ltd,Ibrahim Abdullahi,Corporate,Port Harcourt,08162724590,ibrahim.abdullahi@outlook.com,500000,Net 30,2021-06-25,No
CUST-00027,Silver Ltd,Dele Adesanya,Corporate,Lagos,07067907400,dele.adesanya@businessng.com,1000000,Net 7,2019-07-01,Yes
CUST-00028,National Global Ltd,Garba Abubakar,SME,Abuja,07066120253,garba.abubakar@businessng.com,50000,Net 7,2018-02-18,Yes
CUST-00029,Eagle Solutions,Hamisu Wada,Corporate,Lagos,08119546409,hamisu.wada@hotmail.com,1000000,Net 14,2018-02-26,Yes
CUST-00030,Prime Nigeria Ltd,Funmilayo Olayemi,Corporate,Kano,08056799667,funmilayo.olayemi@tradingco.ng,100000,Net 30,2021-05-26,Yes
CUST-00031,Lagos Ltd,Garba Olatunji,Corporate,Port Harcourt,08051028374,garba.olatunji@lagosltd.com.ng,500000,Net 7,2020-01-16,Yes
CUST-00032,Vision Nigeria Ltd,Ismail Wada,SME,Ibadan,07039508103,ismail.wada@outlook.com,1000000,Net 30,2019-10-31,Yes
CUST-00033,Silver Holdings,Joy Fashola,Corporate,Port Harcourt,08136049101,joy.fashola@hotmail.com,500000,Immediate,2019-09-15,Yes
CUST-00034,Vision Services Ltd,Ngozi Balogun,SME,Abuja,09014585314,ngozi.balogun@visionserv.com.ng,250000,Net 7,2021-09-11,Yes
CUST-00035,Future Nigeria Ltd,Blessing Taiwo,SME,Ibadan,08166207974,blessing.taiwo@yahoo.com,50000,Net 7,2018-02-20,Yes
CUST-00036,Nnamdi Falode,Nnamdi Falode,Individual,Lagos,09017953166,nnamdi.falode@tradingco.ng,500000,Net 7,2022-01-11,Yes
CUST-00037,Bright Ltd,Toyin Akintoye,Corporate,Ibadan,08068132769,toyin.akintoye@yahoo.com,50000,Net 30,2018-04-13,Yes
CUST-00038,Unity Services Ltd,Akintunde Aliyu,SME,Port Harcourt,09076323376,akintunde.aliyu@businessng.com,250000,Net 30,2022-08-29,Yes
CUST-00039,Iron Solutions,Toluwani Agbaje,SME,Ibadan,08165652512,toluwani.agbaje@businessng.com,500000,Net 30,2021-07-07,Yes
CUST-00040,Titi Osei,Titi Osei,Individual,Lagos,08165558623,titi.osei@outlook.com,100000,Immediate,2018-10-11,Yes
CUST-00041,Global Nigeria Ltd,Garba Yusuf,Corporate,Abuja,08056551268,garba.yusuf@globalnige.com.ng,250000,Net 30,2018-05-08,Yes
CUST-00042,Apex Ventures,Yetunde Sanusi,SME,Abuja,09011098919,yetunde.sanusi@outlook.com,100000,Net 30,2022-10-14,Yes
CUST-00043,Platinum Services Ltd,Ifeanyi Obi,Corporate,Lagos,08056639317,ifeanyi.obi@tradingco.ng,1000000,Net 30,2022-01-23,Yes
CUST-00044,Apex Holdings,Titilayo Falode,SME,Kano,08121454696,titilayo.falode@gmail.com,1000000,Net 30,2018-10-05,Yes
CUST-00045,Vision Global Ltd,Adewale Suleiman,Corporate,Abuja,07066662319,adewale.suleiman@businessng.com,250000,Net 14,2022-03-21,Yes
CUST-00046,Star Group,Ifeoma Adeniyi,Corporate,Lagos,08112151225,ifeoma.adeniyi@businessng.com,1000000,Immediate,2022-03-25,Yes
CUST-00047,Bright Global Ltd,Tosin Okonkwo,SME,Lagos,09012919136,tosin.okonkwo@brightglob.com.ng,50000,Net 30,2021-12-03,Yes
CUST-00048,Royal Enterprises,Toluwani Faleye,SME,Lagos,08061430812,toluwani.faleye@outlook.com,500000,Net 30,2020-03-23,Yes
CUST-00049,Emeka Olayemi,Emeka Olayemi,Individual,Port Harcourt,08162709620,emeka.olayemi@tradingco.ng,100000,Immediate,2022-06-19,Yes
CUST-00050,Capital Nigeria Ltd,Bello Ogunwale,Corporate,Abuja,08116724909,bello.ogunwale@gmail.com,250000,Net 30,2018-08-05,Yes
CUST-00051,Chiamaka Adegoke,Chiamaka Adegoke,Individual,Lagos,08053955087,chiamaka.adegoke@tradingco.ng,500000,Net 14,2021-06-15,Yes
CUST-00052,Folake Adekunle,Folake Adekunle,Individual,Kano,07036407373,folake.adekunle@businessng.com,50000,Immediate,2019-07-26,Yes
CUST-00053,Diamond Group,Emmanuel Adegoke,SME,Lagos,09016452832,emmanuel.adegoke@yahoo.com,250000,Net 7,2019-12-28,Yes
CUST-00054,Zainab Faleye,Zainab Faleye,Individual,Lagos,09071170307,zainab.faleye@zainabfale.com.ng,50000,Immediate,2019-05-10,No
CUST-00055,Toyin Olawale,Toyin Olawale,Individual,Lagos,09019234615,toyin.olawale@hotmail.com,0,Immediate,2019-08-26,Yes
CUST-00056,Capital Services Ltd,Jumoke Chukwu,Corporate,Kano,09076767292,jumoke.chukwu@hotmail.com,1000000,Net 14,2019-12-22,Yes
CUST-00057,National Nigeria Ltd,Zainab Umar,Corporate,Ibadan,08166294016,zainab.umar@gmail.com,1000000,Net 7,2019-01-28,Yes
CUST-00058,Kano Nigeria Ltd,Zainab Agboola,SME,Lagos,07034816534,zainab.agboola@outlook.com,50000,Net 14,2018-01-29,Yes
CUST-00059,Kano Enterprises,Sola Abubakar,Corporate,Port Harcourt,09012721135,sola.abubakar@businessng.com,0,Net 14,2020-08-19,Yes
CUST-00060,Lagos Services Ltd,Aisha Okafor,Corporate,Lagos,08067722755,aisha.okafor@hotmail.com,0,Immediate,2018-11-07,Yes
CUST-00061,Silver Ventures,Ifeoma Chukwu,Corporate,Kano,08124786401,ifeoma.chukwu@businessng.com,500000,Net 30,2020-07-11,Yes
CUST-00062,Star Ventures,Peace Adekunle,Corporate,Ibadan,08064486102,peace.adekunle@tradingco.ng,50000,Net 14,2021-09-14,Yes
CUST-00063,Eagle Enterprises,Dele Okafor,SME,Lagos,08058558197,dele.okafor@tradingco.ng,500000,Net 30,2019-08-20,Yes
CUST-00064,Steel Nigeria Ltd,Musa Lawal,Corporate,Port Harcourt,08165438490,musa.lawal@businessng.com,1000000,Net 7,2020-05-20,Yes
CUST-00065,Bright Nigeria Ltd,Hassan Tinubu,Corporate,Lagos,08136160869,hassan.tinubu@brightnige.com.ng,1000000,Net 14,2020-06-18,Yes
CUST-00066,Jumoke Umar,Jumoke Umar,Individual,Abuja,07039396529,jumoke.umar@jumokeumar.com.ng,250000,Net 30,2018-06-14,Yes
CUST-00067,Lagos Ltd,Ngozi Agbaje,Corporate,Lagos,08161348050,ngozi.agbaje@businessng.com,1000000,Net 14,2021-03-26,Yes
CUST-00068,Iron Solutions,Nnamdi Ogunleye,SME,Lagos,08128312936,nnamdi.ogunleye@tradingco.ng,250000,Immediate,2020-08-20,Yes
CUST-00069,Aisha Danjuma,Aisha Danjuma,Individual,Lagos,08136533187,aisha.danjuma@hotmail.com,1000000,Net 30,2019-08-14,Yes
CUST-00070,Summit Group,Joy Abubakar,SME,Lagos,07062944841,joy.abubakar@businessng.com,250000,Immediate,2021-09-08,Yes
CUST-00071,Capital Ventures,Lola Ibrahim,Corporate,Ibadan,09018416216,lola.ibrahim@businessng.com,0,Net 7,2019-07-01,Yes
CUST-00072,Musa Adebayo,Musa Adebayo,Individual,Abuja,08061484348,musa.adebayo@tradingco.ng,500000,Net 7,2021-12-24,Yes
CUST-00073,Silver Nigeria Ltd,Joy Adeyemi,SME,Lagos,08068741810,joy.adeyemi@gmail.com,1000000,Net 7,2020-10-17,Yes
CUST-00074,Silver Services Ltd,Blessing Lawal,Corporate,Abuja,08168663605,blessing.lawal@silverserv.com.ng,50000,Net 30,2019-01-26,Yes
CUST-00075,Silver Group,Iyanuoluwa Osei,Corporate,Abuja,07031043037,iyanuoluwa.osei@outlook.com,1000000,Net 14,2022-09-12,Yes
CUST-00076,Metro Group,Oluwakemi Adebayo,SME,Lagos,09077328534,oluwakemi.adebayo@hotmail.com,100000,Net 7,2021-11-29,Yes
CUST-00077,Prime Group,Temitope Sanusi,Corporate,Ibadan,09017395997,temitope.sanusi@hotmail.com,1000000,Net 7,2020-10-11,Yes
CUST-00078,Crown Services Ltd,Chukwudi Olayemi,Corporate,Lagos,09078665981,chukwudi.olayemi@gmail.com,1000000,Net 7,2020-04-19,Yes
CUST-00079,Future Ventures,Emeka Adeniyi,Corporate,Port Harcourt,08052347467,emeka.adeniyi@businessng.com,100000,Net 30,2019-10-11,Yes
CUST-00080,Eagle Global Ltd,Mercy Abubakar,SME,Port Harcourt,08115821419,mercy.abubakar@yahoo.com,1000000,Immediate,2020-06-07,Yes
CUST-00081,Chidi Adesanya,Chidi Adesanya,Individual,Lagos,08031771600,chidi.adesanya@outlook.com,0,Net 14,2020-01-05,Yes
CUST-00082,Silver Ventures,Oluwakemi Chukwu,SME,Port Harcourt,08133851852,oluwakemi.chukwu@yahoo.com,0,Net 30,2021-06-23,Yes
CUST-00083,National Services Ltd,Ifeanyi Olayemi,Corporate,Port Harcourt,07038710313,ifeanyi.olayemi@outlook.com,1000000,Immediate,2022-07-06,Yes
CUST-00084,Eagle Services Ltd,Adeola Ogunwale,Corporate,Lagos,08126018975,adeola.ogunwale@tradingco.ng,250000,Net 14,2020-07-24,Yes
CUST-00085,Federal Holdings,Garba Adeniyi,Corporate,Kano,07065963914,garba.adeniyi@tradingco.ng,100000,Immediate,2022-08-27,Yes
CUST-00086,Star Ventures,Zainab Adeyemi,SME,Ibadan,09015801541,zainab.adeyemi@businessng.com,50000,Net 14,2019-03-25,Yes
CUST-00087,Nuhu Suleiman,Nuhu Suleiman,Individual,Ibadan,08113294774,nuhu.suleiman@tradingco.ng,0,Immediate,2019-09-25,Yes
CUST-00088,Sadiq Abdullahi,Sadiq Abdullahi,Individual,Lagos,08065951131,sadiq.abdullahi@outlook.com,1000000,Net 30,2018-12-26,Yes
CUST-00089,Central Solutions,Damilola Ogunwale,Corporate,Lagos,07039084065,damilola.ogunwale@businessng.com,100000,Net 14,2022-07-06,Yes
CUST-00090,Nneka Tinubu,Nneka Tinubu,Individual,Lagos,08117667458,nneka.tinubu@businessng.com,500000,Net 14,2018-07-04,Yes
CUST-00091,Steel Group,Ade Ogunwale,Corporate,Port Harcourt,08115398338,ade.ogunwale@steelgroup.com.ng,250000,Net 14,2018-08-10,Yes
CUST-00092,Vision Ventures,Nnamdi Okonkwo,SME,Lagos,08112060605,nnamdi.okonkwo@tradingco.ng,250000,Net 14,2021-08-22,Yes
CUST-00093,Heritage Services Ltd,Biodun Abubakar,Corporate,Lagos,08064939290,biodun.abubakar@heritagese.com.ng,50000,Net 30,2020-07-18,Yes
CUST-00094,Peace Agbaje,Peace Agbaje,Individual,Lagos,08052661307,peace.agbaje@businessng.com,250000,Net 30,2019-07-27,Yes
CUST-00095,Federal Group,Oluwatoyin Adebayo,SME,Lagos,08117162857,oluwatoyin.adebayo@federalgro.com.ng,1000000,Net 14,2018-05-05,Yes
CUST-00096,Summit Global Ltd,Abosede Aliyu,SME,Port Harcourt,08111358318,abosede.aliyu@gmail.com,100000,Net 7,2018-09-15,Yes
CUST-00097,Global Ventures,Emeka Salami,SME,Lagos,08166512314,emeka.salami@businessng.com,50000,Immediate,2019-07-22,Yes
CUST-00098,Royal Ltd,Kelechi Suleiman,Corporate,Lagos,08037010308,kelechi.suleiman@businessng.com,50000,Net 14,2018-02-02,Yes
CUST-00099,Amaka Fashola,Amaka Fashola,Individual,Abuja,09072906718,amaka.fashola@tradingco.ng,0,Net 30,2020-07-07,No
CUST-00100,Iron Trading Co,Blessing Olayemi,Corporate,Lagos,08121727544,blessing.olayemi@tradingco.ng,1000000,Net 14,2020-07-27,Yes
CUST-00101,Platinum Nigeria Ltd,Adewale Adeniyi,Corporate,Abuja,09012232969,adewale.adeniyi@gmail.com,100000,Net 7,2018-05-15,Yes
CUST-00102,Vision Holdings,Precious Fadahunsi,SME,Kano,09075947563,precious.fadahunsi@hotmail.com,500000,Net 30,2018-07-23,Yes
CUST-00103,Global Holdings,Akintunde Fadipe,SME,Abuja,08167942639,akintunde.fadipe@outlook.com,250000,Net 30,2020-05-01,No
CUST-00104,Lagos Group,Aliyu Adekunle,Corporate,Lagos,08118956894,aliyu.adekunle@gmail.com,0,Immediate,2018-07-10,Yes
CUST-00105,Unity Trading Co,Thompson Agbaje,Corporate,Lagos,08126530541,thompson.agbaje@tradingco.ng,0,Net 30,2019-12-26,Yes
CUST-00106,Heritage Group,Bunmi Ibrahim,Corporate,Lagos,08129512969,bunmi.ibrahim@yahoo.com,50000,Net 30,2019-04-05,Yes
CUST-00107,Abuja Ventures,Joy Abdullahi,Corporate,Lagos,08051440466,joy.abdullahi@abujaventu.com.ng,1000000,Net 14,2018-03-01,Yes
CUST-00108,Future Group,Jumoke Salami,Corporate,Lagos,08133403361,jumoke.salami@futuregrou.com.ng,1000000,Net 30,2018-05-23,Yes
CUST-00109,Global Holdings,Tunde Agbaje,SME,Abuja,09016719285,tunde.agbaje@yahoo.com,100000,Net 14,2022-01-17,Yes
CUST-00110,Star Nigeria Ltd,Adewale Tinubu,Corporate,Lagos,09018113787,adewale.tinubu@hotmail.com,500000,Net 30,2020-04-28,Yes
CUST-00111,Power Holdings,Emmanuel Ogundimu,Corporate,Lagos,07039164342,emmanuel.ogundimu@powerholdi.com.ng,1000000,Net 14,2018-04-04,Yes
CUST-00112,Global Solutions,Happy Ibrahim,Corporate,Lagos,08135286905,happy.ibrahim@outlook.com,100000,Immediate,2018-01-16,Yes
CUST-00113,National Trading Co,Funmilayo Fashola,Corporate,Kano,08116941939,funmilayo.fashola@gmail.com,250000,Immediate,2020-06-12,Yes
CUST-00114,Platinum Ventures,Nneka Danjuma,SME,Abuja,08118007741,nneka.danjuma@outlook.com,0,Net 30,2018-02-12,Yes
CUST-00115,Capital Nigeria Ltd,Temitope Falode,SME,Abuja,08065082173,temitope.falode@hotmail.com,500000,Net 30,2020-12-09,Yes
CUST-00116,National Group,Ramatu Agbaje,Corporate,Ibadan,08132281433,ramatu.agbaje@nationalgr.com.ng,1000000,Immediate,2020-12-22,Yes
CUST-00117,Bright Global Ltd,Godwin Shehu,Corporate,Lagos,08135294434,godwin.shehu@yahoo.com,50000,Net 7,2022-04-06,No
CUST-00118,Urban Services Ltd,Gbenga Sanusi,SME,Ibadan,08128531380,gbenga.sanusi@tradingco.ng,500000,Net 14,2022-11-05,Yes
CUST-00119,Metro Services Ltd,Oluwakemi Adebayo,Corporate,Port Harcourt,07035608259,oluwakemi.adebayo@metroservi.com.ng,0,Net 14,2020-11-05,Yes
CUST-00120,Star Group,Folake Adebayo,Corporate,Lagos,08062514923,folake.adebayo@stargroup.com.ng,500000,Net 30,2020-08-05,Yes
CUST-00121,Elite Group,Chidi Badmus,SME,Kano,09019411547,chidi.badmus@yahoo.com,0,Net 30,2018-07-31,Yes
CUST-00122,Prime Global Ltd,Chukwudi Fadipe,Corporate,Port Harcourt,09018372274,chukwudi.fadipe@primegloba.com.ng,500000,Net 7,2020-01-16,Yes
CUST-00123,Yetunde Adewale,Yetunde Adewale,Individual,Lagos,08111878547,yetunde.adewale@businessng.com,1000000,Net 14,2018-05-15,Yes
CUST-00124,Kano Solutions,Yusuf Kehinde,Corporate,Ibadan,08113522845,yusuf.kehinde@outlook.com,0,Net 7,2019-12-18,Yes
CUST-00125,Titilayo Faleye,Titilayo Faleye,Individual,Lagos,07037319630,titilayo.faleye@tradingco.ng,100000,Net 7,2021-10-04,Yes
CUST-00126,Central Group,Hassan Taiwo,Corporate,Lagos,07066181912,hassan.taiwo@yahoo.com,50000,Net 14,2022-04-19,Yes
CUST-00127,Eagle Solutions,Bayo Fashola,Corporate,Lagos,09079833734,bayo.fashola@gmail.com,1000000,Net 14,2022-11-30,No
CUST-00128,Swift Enterprises,Bashir Akinwale,Corporate,Port Harcourt,08123777286,bashir.akinwale@tradingco.ng,250000,Immediate,2020-04-21,Yes
CUST-00129,Iron Global Ltd,Chidi Falode,Corporate,Kano,08166192009,chidi.falode@businessng.com,250000,Net 7,2020-01-24,Yes
CUST-00130,Diamond Trading Co,Folake Sanusi,Corporate,Kano,08053718884,folake.sanusi@businessng.com,50000,Net 7,2022-11-23,Yes
CUST-00131,Crown Trading Co,Hassan Adeniyi,Corporate,Lagos,07032407191,hassan.adeniyi@businessng.com,50000,Net 14,2020-07-09,Yes
CUST-00132,National Services Ltd,Oluwaseun Adekunle,Corporate,Lagos,08037960815,oluwaseun.adekunle@gmail.com,250000,Net 14,2019-04-28,Yes
CUST-00133,Vision Nigeria Ltd,Suleiman Obi,Corporate,Port Harcourt,08116625238,suleiman.obi@businessng.com,50000,Net 7,2018-03-20,Yes
CUST-00134,Jumoke Fashola,Jumoke Fashola,Individual,Port Harcourt,09018526283,jumoke.fashola@jumokefash.com.ng,0,Immediate,2018-02-08,Yes
CUST-00135,Platinum Nigeria Ltd,Oluwaseun Tinubu,SME,Ibadan,07034986941,oluwaseun.tinubu@outlook.com,0,Immediate,2019-05-04,Yes
CUST-00136,Apex Trading Co,Nneka Aliyu,SME,Kano,08163408819,nneka.aliyu@outlook.com,250000,Immediate,2021-06-13,Yes
CUST-00137,Summit Trading Co,Abubakar Adewale,Corporate,Abuja,08069825812,abubakar.adewale@summittrad.com.ng,500000,Immediate,2020-03-10,Yes
CUST-00138,Lagos Ltd,Ahmed Akinwale,Corporate,Abuja,08066784825,ahmed.akinwale@yahoo.com,1000000,Immediate,2022-04-30,Yes
CUST-00139,Future Enterprises,Titilayo Abubakar,Corporate,Ibadan,08118795078,titilayo.abubakar@tradingco.ng,250000,Net 7,2022-07-20,Yes
CUST-00140,Prime Solutions,Victor Sanusi,SME,Lagos,08034346548,victor.sanusi@gmail.com,100000,Net 14,2020-11-21,Yes
CUST-00141,Hauwa Abubakar,Hauwa Abubakar,Individual,Port Harcourt,08165800144,hauwa.abubakar@outlook.com,0,Net 14,2019-07-14,Yes
CUST-00142,Bisi Akintoye,Bisi Akintoye,Individual,Abuja,08056688090,bisi.akintoye@yahoo.com,250000,Net 30,2020-01-23,Yes
CUST-00143,Summit Holdings,Ifeoma Agboola,Corporate,Kano,08135928582,ifeoma.agboola@outlook.com,0,Immediate,2019-11-03,Yes
CUST-00144,Platinum Enterprises,Ramatu Adebayo,SME,Port Harcourt,09016897979,ramatu.adebayo@hotmail.com,0,Net 14,2021-06-13,Yes
CUST-00145,Eagle Holdings,Chiamaka Balogun,Corporate,Abuja,09073684131,chiamaka.balogun@gmail.com,50000,Net 30,2018-03-13,Yes
CUST-00146,Capital Group,Dele Sanusi,SME,Abuja,08121543335,dele.sanusi@capitalgro.com.ng,50000,Net 30,2020-01-30,Yes
CUST-00147,Capital Holdings,Nneka Olatunji,Corporate,Lagos,08115675638,nneka.olatunji@yahoo.com,0,Immediate,2022-02-15,Yes
CUST-00148,Royal Solutions,Grace Akinwale,SME,Ibadan,07038487220,grace.akinwale@yahoo.com,500000,Net 14,2021-11-22,Yes
CUST-00149,Iron Enterprises,Kayode Fashola,Corporate,Port Harcourt,09012472884,kayode.fashola@businessng.com,1000000,Net 14,2021-09-29,Yes
CUST-00150,Heritage Enterprises,Yusuf Ogunwale,Corporate,Port Harcourt,08113920762,yusuf.ogunwale@businessng.com,100000,Net 7,2018-09-06,Yes
CUST-00151,Apex Group,Dele Balogun,SME,Kano,08127189302,dele.balogun@hotmail.com,500000,Net 7,2021-06-07,Yes
CUST-00152,Ibrahim Akintoye,Ibrahim Akintoye,Individual,Ibadan,09019819709,ibrahim.akintoye@hotmail.com,250000,Immediate,2018-09-14,Yes
CUST-00153,Chidi Adegoke,Chidi Adegoke,Individual,Kano,07063153097,chidi.adegoke@businessng.com,500000,Net 7,2022-04-22,Yes
CUST-00154,Bright Solutions,Blessing Ibrahim,Corporate,Lagos,08136413349,blessing.ibrahim@tradingco.ng,50000,Net 14,2020-11-28,Yes
CUST-00155,Abuja Enterprises,Ade Nwachukwu,SME,Port Harcourt,07039950276,ade.nwachukwu@gmail.com,500000,Net 7,2021-04-27,Yes
CUST-00156,Future Ventures,Femi Taiwo,SME,Lagos,08032362693,femi.taiwo@gmail.com,1000000,Net 14,2021-08-26,Yes
CUST-00157,Urban Trading Co,Precious Fadahunsi,Corporate,Lagos,08116068298,precious.fadahunsi@hotmail.com,50000,Net 30,2019-09-02,Yes
CUST-00158,Iron Holdings,Blessing Ibrahim,Corporate,Abuja,09014422938,blessing.ibrahim@outlook.com,500000,Net 7,2019-10-03,Yes
CUST-00159,Unity Group,Bunmi Shehu,Corporate,Kano,09072781470,bunmi.shehu@outlook.com,50000,Net 30,2018-09-08,Yes
CUST-00160,Star Solutions,Fatima Tinubu,Corporate,Abuja,08128015136,fatima.tinubu@yahoo.com,50000,Net 14,2021-03-29,No
CUST-00161,Urban Trading Co,Abosede Salami,Corporate,Abuja,09016176450,abosede.salami@hotmail.com,0,Immediate,2020-03-16,Yes
CUST-00162,Power Ltd,Fatima Eze,SME,Lagos,07039302946,fatima.eze@powerltd.com.ng,1000000,Net 30,2019-08-09,Yes
CUST-00163,Unity Solutions,Akintunde Bello,SME,Ibadan,07067765480,akintunde.bello@outlook.com,0,Net 30,2018-04-15,Yes
CUST-00164,Eagle Holdings,Suleiman Olawale,Corporate,Abuja,09015692934,suleiman.olawale@businessng.com,500000,Immediate,2018-09-21,Yes
CUST-00165,Capital Enterprises,Bola Balogun,Corporate,Lagos,08129541658,bola.balogun@hotmail.com,500000,Immediate,2018-04-03,Yes
CUST-00166,Steel Enterprises,Victor Wada,SME,Kano,09073345135,victor.wada@outlook.com,500000,Net 14,2018-11-29,Yes
CUST-00167,Central Trading Co,Peace Wada,SME,Abuja,08126029651,peace.wada@hotmail.com,0,Net 14,2019-11-10,Yes
CUST-00168,Apex Ventures,Aminu Olayemi,Corporate,Abuja,07034817541,aminu.olayemi@tradingco.ng,0,Net 30,2018-12-16,Yes
CUST-00169,Oluwakemi Bakare,Oluwakemi Bakare,Individual,Lagos,08032843740,oluwakemi.bakare@yahoo.com,0,Net 30,2019-10-05,Yes
CUST-00170,Silver Trading Co,Aminu Yusuf,Corporate,Ibadan,08128912226,aminu.yusuf@businessng.com,1000000,Immediate,2021-12-16,Yes
CUST-00171,Metro Trading Co,Yusuf Danjuma,SME,Abuja,07063905518,yusuf.danjuma@hotmail.com,500000,Net 14,2021-01-23,Yes
CUST-00172,Federal Solutions,Precious Adeniyi,Corporate,Kano,07034772642,precious.adeniyi@outlook.com,100000,Net 7,2021-11-14,Yes
CUST-00173,Abuja Solutions,Hadiza Adeniyi,Corporate,Lagos,08127370211,hadiza.adeniyi@hotmail.com,100000,Net 7,2019-08-18,Yes
CUST-00174,Iron Solutions,Kike Mensah,Corporate,Ibadan,09014590102,kike.mensah@yahoo.com,500000,Net 14,2021-02-25,Yes
CUST-00175,Federal Global Ltd,Titilayo Bello,SME,Lagos,08119909397,titilayo.bello@yahoo.com,1000000,Net 7,2018-04-18,Yes
CUST-00176,Crown Enterprises,Aisha Lawal,SME,Lagos,09073649811,aisha.lawal@hotmail.com,1000000,Net 30,2020-09-04,Yes
CUST-00177,Kano Ltd,Emmanuel Musa,Corporate,Ibadan,08064896008,emmanuel.musa@kanoltd.com.ng,1000000,Immediate,2018-12-25,Yes
CUST-00178,Dynamic Solutions,Babatunde Akintoye,SME,Lagos,08036006190,babatunde.akintoye@dynamicsol.com.ng,500000,Immediate,2019-11-18,Yes
CUST-00179,Urban Enterprises,Chinyere Ogunwale,SME,Abuja,09015577446,chinyere.ogunwale@yahoo.com,0,Net 14,2018-11-29,No
CUST-00180,Chinyere Suleiman,Chinyere Suleiman,Individual,Lagos,08036655803,chinyere.suleiman@businessng.com,100000,Net 7,2018-12-26,Yes
CUST-00181,Summit Holdings,Bisi Ogundimu,Corporate,Port Harcourt,08064100114,bisi.ogundimu@yahoo.com,250000,Net 14,2019-05-24,Yes
CUST-00182,Abuja Group,Yetunde Chukwu,SME,Lagos,08121191859,yetunde.chukwu@outlook.com,1000000,Net 14,2021-11-19,Yes
CUST-00183,Heritage Enterprises,Ismail Aliyu,SME,Abuja,08119430894,ismail.aliyu@tradingco.ng,100000,Immediate,2021-08-01,Yes
CUST-00184,Unity Services Ltd,Precious Obi,Corporate,Lagos,09017268384,precious.obi@hotmail.com,1000000,Net 30,2022-04-01,Yes
CUST-00185,Emmanuel Chukwu,Emmanuel Chukwu,Individual,Ibadan,08122373555,emmanuel.chukwu@emmanuelch.com.ng,250000,Net 14,2018-06-09,Yes
CUST-00186,Elite Ventures,Adewale Olawale,SME,Kano,08133760475,adewale.olawale@outlook.com,500000,Net 30,2018-08-27,Yes
CUST-00187,Summit Trading Co,Victor Olayemi,SME,Abuja,08038607331,victor.olayemi@yahoo.com,500000,Net 30,2020-07-24,Yes
CUST-00188,Yusuf Adegoke,Yusuf Adegoke,Individual,Lagos,08037642917,yusuf.adegoke@outlook.com,0,Net 7,2021-03-30,Yes
CUST-00189,Ngozi Shehu,Ngozi Shehu,Individual,Lagos,09072010921,ngozi.shehu@gmail.com,250000,Immediate,2019-08-11,Yes
CUST-00190,Godwin Fashola,Godwin Fashola,Individual,Port Harcourt,08118052503,godwin.fashola@outlook.com,250000,Net 30,2022-11-16,Yes
CUST-00191,Unity Group,Ifeoma Kehinde,SME,Lagos,08137594429,ifeoma.kehinde@unitygroup.com.ng,50000,Net 7,2022-09-06,Yes
CUST-00192,Ibrahim Adegoke,Ibrahim Adegoke,Individual,Ibadan,09078115687,ibrahim.adegoke@ibrahimade.com.ng,250000,Net 7,2019-05-22,Yes
CUST-00193,Royal Ltd,Oluwakemi Garba,Corporate,Port Harcourt,08051262492,oluwakemi.garba@yahoo.com,50000,Immediate,2018-07-26,Yes
CUST-00194,Chidi Faleye,Chidi Faleye,Individual,Port Harcourt,08035105957,chidi.faleye@tradingco.ng,0,Net 30,2020-06-17,Yes
CUST-00195,Unity Trading Co,Emmanuel Sanusi,Corporate,Lagos,08166350316,emmanuel.sanusi@unitytradi.com.ng,500000,Net 14,2019-05-01,Yes
CUST-00196,Silver Solutions,Ismail Ogunleye,Corporate,Lagos,08033938247,ismail.ogunleye@tradingco.ng,1000000,Net 30,2021-02-12,Yes
CUST-00197,Bello Fadipe,Bello Fadipe,Individual,Abuja,09076347476,bello.fadipe@tradingco.ng,250000,Net 30,2018-11-02,Yes
CUST-00198,Metro Global Ltd,Funmilayo Salami,SME,Lagos,07033421820,funmilayo.salami@businessng.com,250000,Immediate,2021-02-25,Yes
CUST-00199,Diamond Global Ltd,Joy Ogunleye,Corporate,Lagos,08166540893,joy.ogunleye@tradingco.ng,0,Net 30,2022-10-01,Yes
CUST-00200,Star Solutions,Kelechi Agboola,Corporate,Abuja,08111663497,kelechi.agboola@businessng.com,0,Net 7,2022-07-06,No
CUST-00201,Heritage Ltd,Nnamdi Eze,Corporate,Lagos,08162968239,nnamdi.eze@tradingco.ng,250000,Net 7,2021-11-25,Yes
CUST-00202,Vision Solutions,Hamisu Chukwu,SME,Abuja,09019953163,hamisu.chukwu@tradingco.ng,100000,Net 14,2019-06-20,Yes
CUST-00203,Folake Bello,Folake Bello,Individual,Abuja,07064407913,folake.bello@outlook.com,100000,Net 30,2018-04-04,Yes
CUST-00204,Lagos Trading Co,Thompson Tinubu,Corporate,Kano,08128005797,thompson.tinubu@outlook.com,50000,Net 7,2019-11-07,Yes
CUST-00205,Future Solutions,Faith Chukwu,SME,Ibadan,09019230828,faith.chukwu@hotmail.com,50000,Net 14,2018-12-13,Yes
CUST-00206,Star Trading Co,Funmilayo Ogunwale,SME,Lagos,08061813936,funmilayo.ogunwale@businessng.com,0,Net 30,2018-10-09,Yes
CUST-00207,Zenith Global Ltd,Emeka Lawal,Corporate,Abuja,09017261268,emeka.lawal@gmail.com,500000,Net 30,2021-09-12,Yes
CUST-00208,Silver Ltd,Chukwuemeka Ogunwale,SME,Lagos,09075609384,chukwuemeka.ogunwale@silverltd.com.ng,100000,Immediate,2020-10-25,Yes
CUST-00209,Bright Global Ltd,Funmilayo Bello,Corporate,Lagos,08129832465,funmilayo.bello@outlook.com,100000,Net 14,2022-06-17,Yes
CUST-00210,Federal Global Ltd,Suleiman Akintoye,SME,Lagos,08112352527,suleiman.akintoye@tradingco.ng,1000000,Immediate,2018-07-11,Yes
CUST-00211,Star Ltd,Yetunde Olawale,SME,Port Harcourt,08132387242,yetunde.olawale@hotmail.com,250000,Net 14,2021-03-04,Yes
CUST-00212,Bayo Eze,Bayo Eze,Individual,Kano,09015548220,bayo.eze@gmail.com,0,Net 14,2021-01-17,Yes
CUST-00213,Global Ventures,Gbenga Danjuma,Corporate,Lagos,08052290796,gbenga.danjuma@outlook.com,50000,Net 7,2021-03-06,Yes
CUST-00214,Yetunde Salami,Yetunde Salami,Individual,Lagos,08069401909,yetunde.salami@tradingco.ng,100000,Immediate,2018-07-20,Yes
CUST-00215,Gold Group,Oluwaseun Osei,Corporate,Lagos,08115585666,oluwaseun.osei@businessng.com,250000,Net 30,2019-04-13,Yes
CUST-00216,Bisi Okafor,Bisi Okafor,Individual,Kano,08117376562,bisi.okafor@gmail.com,500000,Net 14,2022-06-23,Yes
CUST-00217,Diamond Enterprises,Tunde Garba,Corporate,Ibadan,08056312979,tunde.garba@outlook.com,0,Immediate,2018-01-11,Yes
CUST-00218,Crown Enterprises,Bola Salami,Corporate,Lagos,08138230636,bola.salami@hotmail.com,500000,Net 30,2018-07-31,Yes
CUST-00219,Vision Holdings,Bello Olawale,Corporate,Lagos,07037942580,bello.olawale@hotmail.com,0,Net 7,2021-03-17,Yes
CUST-00220,Unity Solutions,Fidelis Akinwale,Corporate,Lagos,07039273246,fidelis.akinwale@yahoo.com,0,Net 7,2020-06-09,Yes
CUST-00221,Capital Solutions,Ramatu Adeniyi,Corporate,Lagos,08119318184,ramatu.adeniyi@capitalsol.com.ng,500000,Net 7,2020-07-26,Yes
CUST-00222,Future Ventures,Ibrahim Adeyemi,Corporate,Abuja,07068385715,ibrahim.adeyemi@outlook.com,250000,Net 7,2019-09-08,Yes
CUST-00223,Gold Group,Nnamdi Danjuma,Corporate,Lagos,08119237735,nnamdi.danjuma@goldgroup.com.ng,50000,Net 14,2020-02-10,Yes
CUST-00224,Elite Ventures,Bola Aliyu,SME,Kano,08131451577,bola.aliyu@tradingco.ng,250000,Net 7,2020-06-16,Yes
CUST-00225,Urban Enterprises,Abiodun Balogun,Corporate,Port Harcourt,07035060441,abiodun.balogun@outlook.com,1000000,Net 7,2022-01-04,Yes
CUST-00226,Metro Ventures,Nneka Adebayo,SME,Abuja,09079499549,nneka.adebayo@businessng.com,1000000,Net 30,2021-01-18,Yes
CUST-00227,Summit Nigeria Ltd,Jumoke Badmus,SME,Ibadan,08166956059,jumoke.badmus@yahoo.com,1000000,Immediate,2021-02-27,Yes
CUST-00228,Crown Ltd,Aisha Balogun,SME,Lagos,07034724560,aisha.balogun@crownltd.com.ng,1000000,Net 7,2020-07-01,Yes
CUST-00229,Folake Sanusi,Folake Sanusi,Individual,Kano,09073529080,folake.sanusi@outlook.com,0,Net 30,2018-08-03,Yes
CUST-00230,Ifeoma Aliyu,Ifeoma Aliyu,Individual,Lagos,07066232651,ifeoma.aliyu@outlook.com,250000,Net 7,2020-12-03,Yes
CUST-00231,Iron Group,Ronke Bello,SME,Lagos,07031749657,ronke.bello@businessng.com,1000000,Immediate,2018-02-16,Yes
CUST-00232,Federal Trading Co,Fidelis Badmus,Corporate,Lagos,09073686631,fidelis.badmus@outlook.com,500000,Net 30,2020-08-04,Yes
CUST-00233,Platinum Holdings,Chiamaka Okafor,Corporate,Lagos,08124310554,chiamaka.okafor@hotmail.com,500000,Net 30,2020-03-07,Yes
CUST-00234,Kunle Garba,Kunle Garba,Individual,Port Harcourt,08062707116,kunle.garba@businessng.com,500000,Net 7,2020-01-20,Yes
CUST-00235,Urban Trading Co,Obiora Aliyu,Corporate,Port Harcourt,07067520284,obiora.aliyu@urbantradi.com.ng,250000,Immediate,2019-12-14,Yes
CUST-00236,Precious Okafor,Precious Okafor,Individual,Port Harcourt,07032421902,precious.okafor@tradingco.ng,50000,Net 14,2018-08-30,Yes
CUST-00237,Bright Trading Co,Adaora Okafor,Corporate,Abuja,08053313029,adaora.okafor@brighttrad.com.ng,250000,Net 30,2019-01-16,Yes
CUST-00238,Kano Enterprises,Yusuf Adesanya,SME,Lagos,07068566540,yusuf.adesanya@kanoenterp.com.ng,0,Net 14,2018-01-20,Yes
CUST-00239,Central Services Ltd,Tosin Bakare,Corporate,Abuja,08119249791,tosin.bakare@hotmail.com,1000000,Net 30,2020-09-27,Yes
CUST-00240,Abubakar Okonkwo,Abubakar Okonkwo,Individual,Lagos,07031548532,abubakar.okonkwo@outlook.com,50000,Net 14,2018-12-11,No
CUST-00241,Faith Agbaje,Faith Agbaje,Individual,Ibadan,09019569902,faith.agbaje@gmail.com,500000,Immediate,2019-07-03,No
CUST-00242,Mercy Bakare,Mercy Bakare,Individual,Lagos,09014666525,mercy.bakare@hotmail.com,0,Net 7,2019-09-02,Yes
CUST-00243,Iron Nigeria Ltd,Hauwa Shehu,Corporate,Ibadan,08164521171,hauwa.shehu@businessng.com,1000000,Net 14,2022-10-30,Yes
CUST-00244,Global Global Ltd,Toluwani Falode,Corporate,Lagos,08126885707,toluwani.falode@globalglob.com.ng,100000,Net 7,2019-10-25,Yes
CUST-00245,Central Nigeria Ltd,Maryam Olatunji,Corporate,Lagos,08051994652,maryam.olatunji@outlook.com,1000000,Net 7,2021-12-07,Yes
CUST-00246,Federal Holdings,Rotimi Lawal,Corporate,Abuja,08135508325,rotimi.lawal@tradingco.ng,250000,Net 30,2020-07-14,Yes
CUST-00247,Hamisu Ogundimu,Hamisu Ogundimu,Individual,Lagos,07068628527,hamisu.ogundimu@hotmail.com,100000,Immediate,2022-11-15,No
CUST-00248,Power Nigeria Ltd,Monday Adegoke,SME,Kano,08054654579,monday.adegoke@hotmail.com,50000,Net 30,2019-07-04,Yes
CUST-00249,Unity Ventures,Aisha Olawale,SME,Abuja,07061812172,aisha.olawale@gmail.com,0,Net 30,2018-02-03,Yes
CUST-00250,Platinum Global Ltd,Chidi Adegoke,Corporate,Port Harcourt,08136064462,chidi.adegoke@yahoo.com,100000,Immediate,2021-09-02,Yes
CUST-00251,Ifeoma Abdullahi,Ifeoma Abdullahi,Individual,Port Harcourt,08131868846,ifeoma.abdullahi@hotmail.com,1000000,Net 14,2022-01-26,Yes
CUST-00252,Crown Ltd,Ngozi Fadipe,Corporate,Lagos,09012307594,ngozi.fadipe@yahoo.com,500000,Net 7,2020-11-29,Yes
CUST-00253,Chidinma Adeyemi,Chidinma Adeyemi,Individual,Lagos,08068085252,chidinma.adeyemi@tradingco.ng,50000,Net 30,2018-05-26,Yes
CUST-00254,Crown Group,Ifeoma Agboola,Corporate,Abuja,07033300647,ifeoma.agboola@hotmail.com,50000,Net 7,2018-05-21,Yes
CUST-00255,Iron Group,Nuhu Fadipe,Corporate,Ibadan,08163539636,nuhu.fadipe@hotmail.com,500000,Net 30,2022-10-28,Yes
CUST-00256,Segun Fashola,Segun Fashola,Individual,Lagos,08127442986,segun.fashola@outlook.com,250000,Net 14,2022-06-09,Yes
CUST-00257,Federal Trading Co,Sola Fadipe,Corporate,Kano,08125780177,sola.fadipe@businessng.com,1000000,Immediate,2022-10-03,Yes
CUST-00258,Central Global Ltd,Oluwatoyin Ogunleye,SME,Ibadan,08055958372,oluwatoyin.ogunleye@tradingco.ng,0,Net 7,2020-10-10,Yes
CUST-00259,Eagle Trading Co,Dele Ogundele,SME,Lagos,07066309530,dele.ogundele@yahoo.com,250000,Net 30,2020-01-19,Yes
CUST-00260,Emmanuel Adeniyi,Emmanuel Adeniyi,Individual,Lagos,08032133008,emmanuel.adeniyi@gmail.com,100000,Net 7,2018-03-23,Yes
CUST-00261,Central Holdings,Blessing Musa,SME,Abuja,08052382909,blessing.musa@tradingco.ng,500000,Net 7,2019-07-23,Yes
CUST-00262,Bright Trading Co,Ifeoma Ogundimu,Corporate,Lagos,08052109227,ifeoma.ogundimu@outlook.com,1000000,Net 30,2022-02-03,Yes
CUST-00263,Royal Services Ltd,Dele Mensah,SME,Kano,08121923227,dele.mensah@outlook.com,1000000,Net 7,2018-09-02,Yes
CUST-00264,Urban Group,Blessing Adeyemi,Corporate,Kano,09075349442,blessing.adeyemi@yahoo.com,100000,Net 7,2022-03-16,No
CUST-00265,Bunmi Aliyu,Bunmi Aliyu,Individual,Lagos,07068202871,bunmi.aliyu@outlook.com,500000,Immediate,2019-06-23,Yes
CUST-00266,Capital Ltd,Ifeanyi Adegoke,SME,Abuja,08123799805,ifeanyi.adegoke@outlook.com,50000,Net 14,2022-05-03,Yes
CUST-00267,Zenith Ltd,Bayo Agbaje,SME,Lagos,08161771442,bayo.agbaje@hotmail.com,100000,Net 30,2018-11-04,Yes
CUST-00268,Yusuf Badmus,Yusuf Badmus,Individual,Ibadan,08118035849,yusuf.badmus@yahoo.com,100000,Net 7,2020-05-02,No
CUST-00269,Capital Nigeria Ltd,Zainab Bakare,Corporate,Abuja,08111883692,zainab.bakare@yahoo.com,50000,Immediate,2020-04-01,Yes
CUST-00270,Vision Nigeria Ltd,Maryam Sanusi,Corporate,Kano,09011133700,maryam.sanusi@outlook.com,50000,Net 14,2021-02-28,Yes
CUST-00271,Urban Global Ltd,Obiora Abdullahi,SME,Ibadan,09075112546,obiora.abdullahi@yahoo.com,0,Net 30,2018-02-18,Yes
CUST-00272,Future Ltd,Chiamaka Yusuf,Corporate,Ibadan,08117312844,chiamaka.yusuf@businessng.com,1000000,Net 14,2018-08-01,Yes
CUST-00273,Bright Solutions,Aminu Ogundele,Corporate,Lagos,08034883465,aminu.ogundele@businessng.com,500000,Net 30,2021-12-06,Yes
CUST-00274,Central Enterprises,Ifeoma Olayemi,Corporate,Port Harcourt,08052255447,ifeoma.olayemi@centralent.com.ng,500000,Immediate,2020-06-09,Yes
CUST-00275,Vision Holdings,Dele Musa,Corporate,Port Harcourt,07066336123,dele.musa@hotmail.com,100000,Net 7,2018-06-02,Yes
CUST-00276,Crown Enterprises,Godwin Sanusi,SME,Lagos,08138542478,godwin.sanusi@hotmail.com,100000,Net 30,2018-09-05,Yes
CUST-00277,Steel Solutions,Oluwatoyin Adebayo,Corporate,Lagos,08063644347,oluwatoyin.adebayo@businessng.com,1000000,Net 14,2022-08-20,Yes
CUST-00278,Summit Global Ltd,Kunle Danjuma,Corporate,Abuja,08059614423,kunle.danjuma@gmail.com,1000000,Net 14,2019-06-17,Yes
CUST-00279,Federal Nigeria Ltd,Hamisu Adebayo,SME,Abuja,08063345338,hamisu.adebayo@gmail.com,0,Immediate,2022-08-28,No
CUST-00280,Capital Nigeria Ltd,Biodun Nwachukwu,Corporate,Kano,08125342289,biodun.nwachukwu@businessng.com,0,Immediate,2018-05-13,Yes
CUST-00281,Royal Ltd,Titilayo Mensah,Corporate,Abuja,08033818391,titilayo.mensah@royalltd.com.ng,250000,Net 30,2020-10-13,Yes
CUST-00282,Power Global Ltd,Adeola Adekunle,Corporate,Lagos,07035695180,adeola.adekunle@hotmail.com,50000,Immediate,2021-06-11,Yes
CUST-00283,Silver Trading Co,Hassan Musa,SME,Abuja,08032471723,hassan.musa@outlook.com,250000,Net 7,2020-05-08,Yes
CUST-00284,Apex Holdings,Ahmed Badmus,SME,Port Harcourt,07069047769,ahmed.badmus@apexholdin.com.ng,250000,Net 14,2021-03-04,Yes
CUST-00285,Apex Group,Yetunde Garba,Corporate,Kano,08161491630,yetunde.garba@businessng.com,100000,Immediate,2022-07-15,Yes
CUST-00286,Crown Global Ltd,Peace Obi,Corporate,Port Harcourt,08165471581,peace.obi@crowngloba.com.ng,1000000,Immediate,2022-04-14,Yes
CUST-00287,Federal Ventures,Khadija Okafor,Corporate,Lagos,07061473227,khadija.okafor@tradingco.ng,1000000,Net 14,2021-03-08,Yes
CUST-00288,Heritage Enterprises,Abubakar Nwachukwu,SME,Abuja,08032514267,abubakar.nwachukwu@gmail.com,50000,Net 7,2018-02-10,Yes
CUST-00289,Elite Enterprises,Chidinma Wada,SME,Lagos,08136428919,chidinma.wada@gmail.com,0,Net 7,2021-04-16,Yes
CUST-00290,Capital Nigeria Ltd,Godwin Aliyu,SME,Abuja,08117636992,godwin.aliyu@capitalnig.com.ng,0,Net 14,2019-09-11,Yes
CUST-00291,Urban Group,Femi Agboola,SME,Lagos,09076986539,femi.agboola@yahoo.com,1000000,Net 7,2020-02-14,Yes
CUST-00292,Titilayo Okafor,Titilayo Okafor,Individual,Lagos,08127569981,titilayo.okafor@businessng.com,500000,Immediate,2019-01-08,Yes
CUST-00293,Crown Services Ltd,Precious Obi,SME,Lagos,07062305378,precious.obi@yahoo.com,100000,Net 14,2018-12-10,Yes
CUST-00294,Abiodun Lawal,Abiodun Lawal,Individual,Port Harcourt,07068493206,abiodun.lawal@gmail.com,100000,Net 7,2019-05-27,Yes
CUST-00295,Zenith Ltd,Bello Suleiman,Corporate,Abuja,09018040612,bello.suleiman@yahoo.com,250000,Net 30,2020-02-15,Yes
CUST-00296,National Enterprises,Chioma Adeniyi,SME,Abuja,08061560573,chioma.adeniyi@outlook.com,0,Net 14,2019-06-19,Yes
CUST-00297,Swift Nigeria Ltd,Umar Adesanya,Corporate,Kano,08066669869,umar.adesanya@swiftniger.com.ng,500000,Net 30,2021-12-13,Yes
CUST-00298,Platinum Enterprises,Chinyere Adesanya,SME,Lagos,08066554845,chinyere.adesanya@yahoo.com,50000,Net 30,2021-11-28,Yes
CUST-00299,Federal Nigeria Ltd,Ebunoluwa Musa,Corporate,Lagos,08059236745,ebunoluwa.musa@yahoo.com,0,Net 14,2018-01-08,Yes
CUST-00300,Metro Global Ltd,Musa Bakare,SME,Lagos,08034472094,musa.bakare@yahoo.com,1000000,Net 14,2018-06-17,Yes
CUST-00301,Metro Services Ltd,Ibrahim Balogun,Corporate,Port Harcourt,07032529023,ibrahim.balogun@tradingco.ng,500000,Net 30,2019-01-14,Yes
CUST-00302,Prime Solutions,Bola Okafor,SME,Abuja,09015419132,bola.okafor@yahoo.com,100000,Immediate,2018-11-06,No
CUST-00303,Silver Ventures,Tunde Taiwo,Corporate,Lagos,09072023137,tunde.taiwo@businessng.com,250000,Net 30,2021-01-01,Yes
CUST-00304,Heritage Nigeria Ltd,Faith Chukwu,SME,Abuja,08039423864,faith.chukwu@heritageni.com.ng,500000,Net 7,2018-09-04,No
CUST-00305,Elite Enterprises,Funmilayo Adesanya,Corporate,Lagos,08052314805,funmilayo.adesanya@tradingco.ng,250000,Net 7,2022-08-12,Yes
CUST-00306,Vision Nigeria Ltd,Oluwaseun Faleye,Corporate,Lagos,08057666510,oluwaseun.faleye@visionnige.com.ng,100000,Net 14,2020-11-30,Yes
CUST-00307,Silver Nigeria Ltd,Damilola Yusuf,SME,Abuja,08133486379,damilola.yusuf@silvernige.com.ng,500000,Immediate,2018-08-05,Yes
CUST-00308,Power Holdings,Damilola Musa,SME,Lagos,08059146760,damilola.musa@powerholdi.com.ng,500000,Net 30,2018-03-18,Yes
CUST-00309,Gold Ltd,Sade Tinubu,SME,Abuja,07064985919,sade.tinubu@gmail.com,1000000,Net 30,2019-07-05,Yes
CUST-00310,Heritage Solutions,Umar Bakare,Corporate,Abuja,08112647814,umar.bakare@businessng.com,50000,Net 7,2019-09-08,No
CUST-00311,Hadiza Garba,Hadiza Garba,Individual,Abuja,08122497984,hadiza.garba@yahoo.com,250000,Net 7,2022-08-15,Yes
CUST-00312,Central Enterprises,Grace Abdullahi,Corporate,Lagos,07039502613,grace.abdullahi@hotmail.com,50000,Immediate,2018-12-22,Yes
CUST-00313,Prime Services Ltd,Oluwaseun Ibrahim,Corporate,Lagos,07064340507,oluwaseun.ibrahim@outlook.com,100000,Net 30,2020-10-31,Yes
CUST-00314,Capital Services Ltd,Fidelis Okonkwo,Corporate,Kano,09013979359,fidelis.okonkwo@businessng.com,250000,Net 14,2019-12-07,Yes
CUST-00315,Apex Holdings,Jumoke Mensah,Corporate,Lagos,08134595669,jumoke.mensah@businessng.com,50000,Net 7,2021-10-19,Yes
CUST-00316,Apex Ltd,Chinyere Adewale,SME,Abuja,08133905824,chinyere.adewale@apexltd.com.ng,0,Net 7,2019-06-01,Yes
CUST-00317,Abuja Holdings,Kike Lawal,SME,Abuja,07068700708,kike.lawal@outlook.com,50000,Net 30,2019-09-11,Yes
CUST-00318,Central Group,Peace Bello,Corporate,Kano,08115742531,peace.bello@outlook.com,1000000,Immediate,2020-09-13,Yes
CUST-00319,Abuja Solutions,Zainab Fadahunsi,Corporate,Port Harcourt,08116012883,zainab.fadahunsi@yahoo.com,50000,Net 7,2018-04-27,Yes
CUST-00320,Ebunoluwa Danjuma,Ebunoluwa Danjuma,Individual,Lagos,08039344531,ebunoluwa.danjuma@outlook.com,100000,Net 30,2020-04-08,Yes
CUST-00321,Elite Group,Sadiq Lawal,SME,Ibadan,08169969688,sadiq.lawal@tradingco.ng,250000,Net 14,2020-11-04,Yes
CUST-00322,Dynamic Solutions,Oluwaseun Taiwo,SME,Lagos,09013146546,oluwaseun.taiwo@tradingco.ng,100000,Net 7,2021-10-24,Yes
CUST-00323,Heritage Holdings,Bayo Shehu,Corporate,Lagos,07065371458,bayo.shehu@heritageho.com.ng,100000,Net 30,2022-10-10,Yes
CUST-00324,Eagle Services Ltd,Amaka Fadahunsi,SME,Lagos,09073010177,amaka.fadahunsi@businessng.com,1000000,Net 30,2020-12-21,Yes
CUST-00325,Elite Group,Amaka Tinubu,Corporate,Abuja,08128676774,amaka.tinubu@yahoo.com,100000,Net 7,2022-05-15,Yes
CUST-00326,Vision Ltd,Aisha Fadahunsi,Corporate,Lagos,09015589036,aisha.fadahunsi@yahoo.com,50000,Net 7,2020-09-29,No
CUST-00327,Platinum Holdings,Biodun Falode,SME,Abuja,09017430982,biodun.falode@gmail.com,0,Net 7,2022-02-05,Yes
CUST-00328,Elite Ltd,Aliyu Salami,SME,Port Harcourt,08035174559,aliyu.salami@yahoo.com,1000000,Net 14,2019-10-02,Yes
CUST-00329,Heritage Enterprises,Garba Ogundimu,SME,Lagos,08036003003,garba.ogundimu@outlook.com,250000,Net 14,2020-06-07,Yes
CUST-00330,Elite Enterprises,Umar Ogundele,Corporate,Abuja,08034832222,umar.ogundele@yahoo.com,1000000,Net 7,2019-03-09,No
CUST-00331,Royal Group,Sadiq Ogundimu,Corporate,Port Harcourt,08111626854,sadiq.ogundimu@hotmail.com,1000000,Net 14,2022-04-29,Yes
CUST-00332,Crown Ltd,Bashir Ibrahim,SME,Lagos,08067992333,bashir.ibrahim@hotmail.com,250000,Immediate,2021-01-25,Yes
CUST-00333,Zenith Solutions,Jumoke Tinubu,Corporate,Abuja,08112694160,jumoke.tinubu@tradingco.ng,500000,Net 14,2021-06-29,Yes
CUST-00334,Royal Solutions,Aminu Bello,SME,Lagos,08069350675,aminu.bello@yahoo.com,500000,Net 7,2022-05-13,Yes
CUST-00335,Kano Enterprises,Bello Lawal,Corporate,Lagos,09079327450,bello.lawal@yahoo.com,1000000,Net 30,2019-11-09,Yes
CUST-00336,Royal Ventures,Chukwuemeka Taiwo,Corporate,Port Harcourt,09013502229,chukwuemeka.taiwo@gmail.com,500000,Immediate,2022-01-21,No
CUST-00337,Steel Solutions,Ade Fadipe,Corporate,Lagos,09011840206,ade.fadipe@gmail.com,50000,Immediate,2022-10-12,Yes
CUST-00338,Royal Nigeria Ltd,Adeola Danjuma,Corporate,Ibadan,08031162274,adeola.danjuma@businessng.com,50000,Net 7,2019-11-05,Yes
CUST-00339,Precious Garba,Precious Garba,Individual,Lagos,07066749933,precious.garba@yahoo.com,0,Net 30,2020-03-30,Yes
CUST-00340,Silver Enterprises,Yetunde Yusuf,SME,Lagos,08131983923,yetunde.yusuf@businessng.com,50000,Immediate,2020-05-02,Yes
CUST-00341,Dynamic Ventures,Faith Kehinde,SME,Abuja,07061483456,faith.kehinde@businessng.com,1000000,Net 7,2020-09-16,Yes
CUST-00342,Eagle Solutions,Aminu Adebayo,Corporate,Port Harcourt,07061207369,aminu.adebayo@tradingco.ng,1000000,Net 7,2021-10-03,Yes
CUST-00343,Ngozi Taiwo,Ngozi Taiwo,Individual,Lagos,09016800713,ngozi.taiwo@tradingco.ng,1000000,Net 30,2018-11-01,Yes
CUST-00344,Central Services Ltd,Chukwuemeka Fadipe,Corporate,Abuja,08132256030,chukwuemeka.fadipe@businessng.com,250000,Net 14,2019-05-09,Yes
CUST-00345,Diamond Holdings,Amaka Ogundimu,Corporate,Lagos,08068702329,amaka.ogundimu@hotmail.com,500000,Net 30,2018-06-30,Yes
CUST-00346,Apex Nigeria Ltd,Hadiza Aliyu,SME,Abuja,08051601160,hadiza.aliyu@apexnigeri.com.ng,500000,Immediate,2022-08-19,Yes
CUST-00347,Steel Group,Blessing Olawale,Corporate,Abuja,08034739945,blessing.olawale@businessng.com,250000,Net 14,2021-02-21,No
CUST-00348,Iron Nigeria Ltd,Kike Taiwo,Corporate,Lagos,08114720299,kike.taiwo@gmail.com,100000,Net 14,2022-08-27,Yes
CUST-00349,Crown Ltd,Joy Ogunleye,Corporate,Lagos,09013356346,joy.ogunleye@businessng.com,1000000,Net 30,2018-08-08,Yes
CUST-00350,Global Services Ltd,Tosin Aliyu,Corporate,Lagos,07062808009,tosin.aliyu@businessng.com,250000,Immediate,2021-07-20,Yes
CUST-00351,Central Enterprises,Godwin Adebayo,SME,Abuja,08039898037,godwin.adebayo@tradingco.ng,0,Net 30,2022-09-14,Yes
CUST-00352,Dynamic Enterprises,Blessing Sanusi,Corporate,Lagos,08056399642,blessing.sanusi@dynamicent.com.ng,250000,Net 30,2021-06-01,Yes
CUST-00353,Kano Services Ltd,Sola Akintoye,Corporate,Lagos,08137924719,sola.akintoye@kanoservic.com.ng,1000000,Net 14,2022-09-23,Yes
CUST-00354,Global Global Ltd,Kike Agbaje,SME,Lagos,08125875114,kike.agbaje@tradingco.ng,100000,Net 7,2021-12-25,Yes
CUST-00355,Chukwudi Ogunwale,Chukwudi Ogunwale,Individual,Port Harcourt,07062936178,chukwudi.ogunwale@businessng.com,100000,Net 30,2021-04-08,Yes
CUST-00356,Kano Holdings,Adeola Agbaje,SME,Lagos,09072786278,adeola.agbaje@gmail.com,250000,Net 7,2018-04-19,Yes
CUST-00357,Tosin Garba,Tosin Garba,Individual,Lagos,07035203716,tosin.garba@yahoo.com,0,Net 14,2019-02-22,No
CUST-00358,Crown Ventures,Bello Bakare,SME,Port Harcourt,09074763253,bello.bakare@tradingco.ng,1000000,Net 30,2019-05-02,Yes
CUST-00359,Diamond Holdings,Jumoke Taiwo,Corporate,Abuja,08116245463,jumoke.taiwo@diamondhol.com.ng,0,Immediate,2022-03-04,Yes
CUST-00360,National Group,Nuhu Sanusi,SME,Ibadan,08124296204,nuhu.sanusi@businessng.com,1000000,Net 7,2019-08-26,Yes
CUST-00361,Dynamic Trading Co,Fidelis Osei,Corporate,Lagos,08051681729,fidelis.osei@hotmail.com,100000,Net 14,2018-09-24,Yes
CUST-00362,Bright Ltd,Chidinma Wada,SME,Lagos,07061853212,chidinma.wada@businessng.com,1000000,Net 14,2020-10-01,Yes
CUST-00363,Nneka Balogun,Nneka Balogun,Individual,Lagos,09074690350,nneka.balogun@yahoo.com,500000,Immediate,2022-05-30,Yes
CUST-00364,Gold Nigeria Ltd,Aminu Ogunwale,SME,Lagos,08164579482,aminu.ogunwale@tradingco.ng,100000,Net 14,2020-01-09,Yes
CUST-00365,Metro Trading Co,Emmanuel Falode,SME,Ibadan,08111147701,emmanuel.falode@gmail.com,1000000,Net 14,2020-07-01,Yes
CUST-00366,Diamond Nigeria Ltd,Babatunde Kehinde,Corporate,Abuja,07035745083,babatunde.kehinde@gmail.com,500000,Net 14,2020-11-19,Yes
CUST-00367,Elite Group,Toyin Abubakar,Corporate,Kano,08062609881,toyin.abubakar@yahoo.com,500000,Immediate,2021-07-07,Yes
CUST-00368,Ismail Fadahunsi,Ismail Fadahunsi,Individual,Lagos,08118117053,ismail.fadahunsi@businessng.com,0,Net 7,2021-01-06,Yes
CUST-00369,Bright Ltd,Chinyere Bakare,Corporate,Abuja,07061635626,chinyere.bakare@gmail.com,0,Immediate,2018-12-31,Yes
CUST-00370,Lagos Holdings,Abubakar Bakare,Corporate,Abuja,09017785511,abubakar.bakare@hotmail.com,100000,Immediate,2020-03-08,Yes
CUST-00371,Eagle Ventures,Kelechi Adeyemi,SME,Lagos,08067001212,kelechi.adeyemi@eagleventu.com.ng,0,Net 14,2022-05-31,Yes
CUST-00372,Iron Holdings,Happy Mensah,Corporate,Abuja,08111517059,happy.mensah@hotmail.com,50000,Net 7,2018-10-07,No
CUST-00373,Bright Solutions,Mercy Musa,SME,Port Harcourt,08117260091,mercy.musa@gmail.com,500000,Net 7,2018-09-10,Yes
CUST-00374,Summit Solutions,Abubakar Faleye,Corporate,Lagos,07064552356,abubakar.faleye@hotmail.com,1000000,Net 7,2018-11-26,Yes
CUST-00375,Royal Enterprises,Nuhu Suleiman,Corporate,Port Harcourt,08121912484,nuhu.suleiman@businessng.com,500000,Net 30,2021-08-13,Yes
CUST-00376,Lagos Nigeria Ltd,Musa Taiwo,Corporate,Lagos,08129173698,musa.taiwo@outlook.com,100000,Net 7,2021-10-06,Yes
CUST-00377,Eagle Global Ltd,Segun Musa,SME,Lagos,09018560584,segun.musa@outlook.com,500000,Net 14,2021-11-21,Yes
CUST-00378,Vision Holdings,Abubakar Olatunji,Corporate,Lagos,08036254872,abubakar.olatunji@yahoo.com,50000,Net 30,2019-07-21,Yes
CUST-00379,Metro Services Ltd,Fidelis Agboola,Corporate,Abuja,07066124966,fidelis.agboola@hotmail.com,500000,Immediate,2018-12-26,Yes
CUST-00380,Elite Solutions,Oluwaseun Garba,Corporate,Ibadan,08112282825,oluwaseun.garba@tradingco.ng,0,Immediate,2022-10-06,Yes
CUST-00381,Gold Ventures,Abiodun Olayemi,SME,Lagos,08035372416,abiodun.olayemi@goldventur.com.ng,500000,Net 30,2021-09-01,No
CUST-00382,Kano Enterprises,Suleiman Akintoye,Corporate,Abuja,09079563292,suleiman.akintoye@gmail.com,250000,Net 14,2020-10-25,Yes
CUST-00383,Swift Trading Co,Akintunde Badmus,SME,Lagos,09013671308,akintunde.badmus@yahoo.com,500000,Net 7,2022-02-16,No
CUST-00384,Urban Global Ltd,Khadija Abubakar,Corporate,Lagos,07037198093,khadija.abubakar@yahoo.com,0,Net 7,2020-11-26,Yes
CUST-00385,Prime Group,Ronke Adegoke,Corporate,Lagos,09075588489,ronke.adegoke@businessng.com,1000000,Net 14,2021-03-31,Yes
CUST-00386,Capital Ventures,Garba Fadipe,Corporate,Port Harcourt,08069668165,garba.fadipe@outlook.com,250000,Net 7,2020-11-23,Yes
CUST-00387,Zenith Trading Co,Khadija Ogundele,SME,Lagos,09013778404,khadija.ogundele@yahoo.com,0,Net 14,2019-03-10,Yes
CUST-00388,Royal Global Ltd,Femi Abdullahi,SME,Abuja,07062901507,femi.abdullahi@hotmail.com,1000000,Net 30,2020-09-08,Yes
CUST-00389,Federal Ltd,Hassan Adewale,Corporate,Lagos,08123703298,hassan.adewale@yahoo.com,1000000,Immediate,2021-03-18,Yes
CUST-00390,Gold Ventures,Femi Suleiman,Corporate,Kano,08111312392,femi.suleiman@tradingco.ng,1000000,Net 14,2018-06-25,Yes
CUST-00391,Swift Global Ltd,Happy Adeniyi,SME,Abuja,08123394312,happy.adeniyi@businessng.com,500000,Net 7,2021-06-30,Yes
CUST-00392,Toluwani Agboola,Toluwani Agboola,Individual,Lagos,09012154992,toluwani.agboola@yahoo.com,250000,Net 30,2018-09-28,Yes
CUST-00393,Silver Enterprises,Tosin Ogunleye,SME,Kano,08063976650,tosin.ogunleye@hotmail.com,500000,Immediate,2022-12-03,Yes
CUST-00394,Unity Ventures,Tunde Adeniyi,SME,Kano,08038239315,tunde.adeniyi@unityventu.com.ng,250000,Net 14,2022-11-27,Yes
CUST-00395,Diamond Group,Temitope Badmus,SME,Kano,08122639417,temitope.badmus@hotmail.com,50000,Net 14,2020-09-04,No
CUST-00396,Silver Solutions,Akintunde Mensah,Corporate,Lagos,08031119354,akintunde.mensah@silversolu.com.ng,500000,Immediate,2020-11-30,Yes
CUST-00397,Chinyere Eze,Chinyere Eze,Individual,Lagos,08057077878,chinyere.eze@gmail.com,50000,Net 30,2021-08-27,Yes
CUST-00398,Capital Ventures,Hauwa Ogunwale,Corporate,Lagos,08117668174,hauwa.ogunwale@businessng.com,50000,Net 30,2021-02-04,Yes
CUST-00399,Metro Solutions,Funmilayo Abdullahi,SME,Lagos,08126777340,funmilayo.abdullahi@businessng.com,1000000,Net 30,2022-02-15,Yes
CUST-00400,Swift Nigeria Ltd,Thompson Obi,SME,Lagos,09077720296,thompson.obi@businessng.com,100000,Immediate,2018-11-26,Yes
CUST-00401,Metro Ventures,Temitope Mensah,Corporate,Abuja,08062075091,temitope.mensah@outlook.com,50000,Net 14,2018-06-13,Yes
CUST-00402,Kano Ventures,Monday Akinwale,Corporate,Lagos,08139294125,monday.akinwale@hotmail.com,0,Net 7,2022-10-08,Yes
CUST-00403,Central Trading Co,Abosede Abubakar,SME,Port Harcourt,08163843451,abosede.abubakar@tradingco.ng,0,Net 14,2019-05-05,Yes
CUST-00404,Gold Group,Femi Mensah,Corporate,Port Harcourt,08057802338,femi.mensah@goldgroup.com.ng,50000,Immediate,2022-02-18,Yes
CUST-00405,Power Group,Tunde Olawale,Corporate,Lagos,08164263591,tunde.olawale@hotmail.com,250000,Immediate,2019-06-19,Yes
CUST-00406,Eagle Trading Co,Blessing Bello,SME,Lagos,07062963085,blessing.bello@businessng.com,500000,Net 14,2022-11-30,Yes
CUST-00407,Metro Global Ltd,Jumoke Adebayo,Corporate,Ibadan,07068698199,jumoke.adebayo@tradingco.ng,250000,Immediate,2020-09-14,Yes
CUST-00408,National Global Ltd,Nneka Akinwale,SME,Lagos,08056923972,nneka.akinwale@nationalgl.com.ng,500000,Immediate,2021-12-06,Yes
CUST-00409,Future Nigeria Ltd,Musa Mensah,Corporate,Kano,08138995273,musa.mensah@outlook.com,100000,Net 7,2021-03-20,Yes
CUST-00410,Urban Global Ltd,Thompson Kehinde,Corporate,Lagos,08165452763,thompson.kehinde@yahoo.com,50000,Net 7,2022-09-06,Yes
CUST-00411,Royal Nigeria Ltd,Oluwakemi Sanusi,Corporate,Port Harcourt,08119265544,oluwakemi.sanusi@royalniger.com.ng,0,Immediate,2022-10-03,Yes
CUST-00412,Abuja Services Ltd,Precious Danjuma,SME,Lagos,09075702093,precious.danjuma@hotmail.com,50000,Net 7,2018-04-21,Yes
CUST-00413,Central Group,Ronke Ogunwale,Corporate,Abuja,08113932663,ronke.ogunwale@hotmail.com,0,Net 30,2019-10-09,Yes
CUST-00414,Diamond Ventures,Chukwuemeka Kehinde,Corporate,Lagos,07067066680,chukwuemeka.kehinde@diamondven.com.ng,100000,Net 7,2021-01-28,Yes
CUST-00415,Future Group,Sola Adeniyi,SME,Lagos,09018112581,sola.adeniyi@yahoo.com,250000,Net 14,2020-01-18,Yes
CUST-00416,Unity Ventures,Titi Okafor,SME,Port Harcourt,08162675536,titi.okafor@tradingco.ng,100000,Net 7,2021-02-11,Yes
CUST-00417,Abosede Tinubu,Abosede Tinubu,Individual,Lagos,09011163448,abosede.tinubu@yahoo.com,250000,Net 30,2018-10-03,Yes
CUST-00418,Star Holdings,Toyin Umar,Corporate,Lagos,08132007243,toyin.umar@yahoo.com,100000,Net 30,2022-09-15,Yes
CUST-00419,Lagos Group,Chidi Agbaje,Corporate,Abuja,09075323737,chidi.agbaje@outlook.com,0,Net 30,2018-09-06,Yes
CUST-00420,Dynamic Solutions,Abubakar Olatunji,SME,Abuja,07069563838,abubakar.olatunji@hotmail.com,1000000,Net 30,2018-06-10,Yes
CUST-00421,Swift Group,Folake Fadahunsi,Corporate,Abuja,08117790959,folake.fadahunsi@businessng.com,0,Immediate,2018-11-28,Yes
CUST-00422,Kano Solutions,Aliyu Danjuma,SME,Kano,08117634639,aliyu.danjuma@outlook.com,250000,Net 14,2022-03-12,Yes
CUST-00423,Apex Enterprises,Lola Adesanya,Corporate,Ibadan,08165221936,lola.adesanya@tradingco.ng,1000000,Immediate,2019-03-08,Yes
CUST-00424,Metro Trading Co,Chioma Bello,Corporate,Lagos,08037660764,chioma.bello@metrotradi.com.ng,0,Immediate,2019-06-22,Yes
CUST-00425,Heritage Global Ltd,Tunde Fadipe,Corporate,Lagos,07038434998,tunde.fadipe@tradingco.ng,50000,Net 7,2020-12-14,Yes
CUST-00426,Vision Services Ltd,Babatunde Taiwo,Corporate,Abuja,09075570355,babatunde.taiwo@visionserv.com.ng,250000,Net 7,2021-11-29,Yes
CUST-00427,Platinum Trading Co,Sadiq Faleye,SME,Port Harcourt,08119955411,sadiq.faleye@outlook.com,100000,Net 30,2021-01-10,Yes
CUST-00428,Silver Solutions,Chidi Umar,Corporate,Lagos,07031177097,chidi.umar@gmail.com,500000,Net 7,2019-12-06,Yes
CUST-00429,Mercy Adeyemi,Mercy Adeyemi,Individual,Abuja,09016026630,mercy.adeyemi@gmail.com,250000,Net 14,2021-05-07,Yes
CUST-00430,Silver Trading Co,Yusuf Abdullahi,Corporate,Abuja,08055192561,yusuf.abdullahi@yahoo.com,1000000,Net 30,2022-08-24,Yes
CUST-00431,Federal Trading Co,Ade Mensah,Corporate,Ibadan,08125561139,ade.mensah@outlook.com,1000000,Net 14,2020-04-25,Yes
CUST-00432,Royal Services Ltd,Gbenga Fashola,Corporate,Kano,09015565653,gbenga.fashola@tradingco.ng,500000,Net 30,2019-01-20,Yes
CUST-00433,Apex Enterprises,Rotimi Ibrahim,SME,Lagos,07035516344,rotimi.ibrahim@yahoo.com,1000000,Net 30,2022-01-29,Yes
CUST-00434,Urban Global Ltd,Tunde Tinubu,Corporate,Lagos,08056227389,tunde.tinubu@businessng.com,250000,Net 14,2020-08-07,Yes
CUST-00435,Umar Mensah,Umar Mensah,Individual,Lagos,08035471188,umar.mensah@businessng.com,250000,Immediate,2021-01-17,Yes
CUST-00436,Zenith Nigeria Ltd,Tosin Suleiman,Corporate,Ibadan,08167455837,tosin.suleiman@businessng.com,250000,Net 7,2022-02-19,Yes
CUST-00437,Obiora Agbaje,Obiora Agbaje,Individual,Lagos,09074497162,obiora.agbaje@hotmail.com,250000,Net 14,2019-10-24,Yes
CUST-00438,Royal Solutions,Thompson Olawale,SME,Abuja,08116013251,thompson.olawale@yahoo.com,100000,Immediate,2022-11-04,Yes
CUST-00439,Platinum Group,Kayode Chukwu,SME,Lagos,08135632190,kayode.chukwu@platinumgr.com.ng,0,Net 30,2022-06-05,Yes
CUST-00440,Babatunde Olayemi,Babatunde Olayemi,Individual,Abuja,08123600333,babatunde.olayemi@outlook.com,0,Net 7,2018-11-19,Yes
CUST-00441,Star Ltd,Fidelis Falode,Corporate,Abuja,08113582322,fidelis.falode@tradingco.ng,500000,Immediate,2018-09-15,Yes
CUST-00442,Power Services Ltd,Aliyu Olawale,SME,Ibadan,08161358241,aliyu.olawale@tradingco.ng,250000,Net 14,2022-01-23,Yes
CUST-00443,Adaeze Ogundele,Adaeze Ogundele,Individual,Abuja,09075944490,adaeze.ogundele@adaezeogun.com.ng,1000000,Net 30,2019-01-24,Yes
CUST-00444,Steel Solutions,Kelechi Shehu,Corporate,Kano,09073690116,kelechi.shehu@gmail.com,500000,Net 7,2020-07-09,Yes
CUST-00445,Zenith Trading Co,Mercy Abdullahi,SME,Abuja,08131314067,mercy.abdullahi@zenithtrad.com.ng,100000,Net 7,2019-10-19,No
CUST-00446,Elite Trading Co,Ismail Ogunwale,Corporate,Port Harcourt,09013585897,ismail.ogunwale@elitetradi.com.ng,100000,Net 14,2020-04-19,Yes
CUST-00447,Eagle Ltd,Adaora Bello,SME,Lagos,08131524686,adaora.bello@yahoo.com,0,Net 30,2019-01-28,Yes
CUST-00448,Urban Trading Co,Abubakar Fadipe,Corporate,Kano,08125293936,abubakar.fadipe@gmail.com,100000,Net 7,2021-05-25,Yes
CUST-00449,Urban Nigeria Ltd,Chukwuemeka Eze,SME,Abuja,08112018380,chukwuemeka.eze@outlook.com,500000,Net 30,2022-08-11,Yes
CUST-00450,Prime Nigeria Ltd,Abiodun Falode,Corporate,Lagos,08064622201,abiodun.falode@primeniger.com.ng,0,Immediate,2022-01-25,Yes
CUST-00451,Federal Ventures,Abosede Nwachukwu,SME,Port Harcourt,08137965641,abosede.nwachukwu@tradingco.ng,0,Net 14,2021-10-13,Yes
CUST-00452,Gold Trading Co,Chioma Adesanya,Corporate,Lagos,08113653760,chioma.adesanya@goldtradin.com.ng,500000,Net 30,2019-12-23,Yes
CUST-00453,Bola Adewale,Bola Adewale,Individual,Port Harcourt,08056426605,bola.adewale@bolaadewal.com.ng,50000,Net 7,2020-02-08,No
CUST-00454,Gold Ltd,Bola Adebayo,SME,Ibadan,08035772818,bola.adebayo@goldltd.com.ng,0,Net 7,2019-09-11,Yes
CUST-00455,Apex Solutions,Temitope Eze,Corporate,Kano,09073595683,temitope.eze@gmail.com,0,Net 30,2019-12-30,Yes
CUST-00456,Federal Global Ltd,Ade Abdullahi,SME,Lagos,07032541912,ade.abdullahi@federalglo.com.ng,250000,Net 7,2022-02-12,Yes
CUST-00457,Crown Ventures,Ronke Okafor,SME,Port Harcourt,07031626991,ronke.okafor@tradingco.ng,500000,Net 30,2018-06-10,No
CUST-00458,Platinum Holdings,Godwin Wada,Corporate,Lagos,08161191837,godwin.wada@tradingco.ng,1000000,Net 30,2018-04-21,Yes
CUST-00459,Bright Group,Aliyu Ogunwale,SME,Abuja,08163570227,aliyu.ogunwale@gmail.com,1000000,Net 30,2020-07-01,No
CUST-00460,Gold Enterprises,Bayo Adekunle,Corporate,Lagos,07062384877,bayo.adekunle@hotmail.com,500000,Immediate,2021-01-27,Yes
CUST-00461,Platinum Enterprises,Ifeoma Akintoye,SME,Ibadan,08139068540,ifeoma.akintoye@platinumen.com.ng,50000,Net 30,2020-03-20,Yes
CUST-00462,Yusuf Falode,Yusuf Falode,Individual,Kano,08165065372,yusuf.falode@gmail.com,100000,Net 30,2019-10-25,Yes
CUST-00463,Platinum Group,Kayode Taiwo,Corporate,Lagos,08166381096,kayode.taiwo@outlook.com,500000,Immediate,2022-04-26,Yes
CUST-00464,Bright Services Ltd,Bello Falode,SME,Lagos,08164350161,bello.falode@tradingco.ng,100000,Net 7,2022-04-01,No
CUST-00465,Federal Ventures,Kayode Agbaje,Corporate,Lagos,07031230406,kayode.agbaje@outlook.com,1000000,Immediate,2019-09-17,Yes
CUST-00466,Global Global Ltd,Ngozi Wada,Corporate,Kano,09075339561,ngozi.wada@globalglob.com.ng,250000,Net 7,2021-11-24,Yes
CUST-00467,Prime Solutions,Garba Olayemi,SME,Lagos,08035764956,garba.olayemi@yahoo.com,1000000,Net 14,2018-04-19,Yes
CUST-00468,Abuja Group,Emeka Akinwale,SME,Lagos,08035907261,emeka.akinwale@businessng.com,1000000,Net 30,2019-04-19,Yes
CUST-00469,Summit Enterprises,Aliyu Ogundele,SME,Lagos,09078683734,aliyu.ogundele@summitente.com.ng,1000000,Immediate,2018-03-23,Yes
CUST-00470,Swift Ltd,Aisha Ogundele,Corporate,Lagos,08116904121,aisha.ogundele@outlook.com,1000000,Net 14,2019-04-29,Yes
CUST-00471,Diamond Ltd,Amaka Fadahunsi,Corporate,Kano,07034784649,amaka.fadahunsi@yahoo.com,100000,Net 30,2021-09-07,Yes
CUST-00472,National Holdings,Monday Akinwale,SME,Lagos,08123562705,monday.akinwale@hotmail.com,100000,Net 14,2020-07-08,Yes
CUST-00473,Elite Enterprises,Kunle Fadipe,Corporate,Lagos,09073269160,kunle.fadipe@hotmail.com,50000,Net 7,2019-10-13,Yes
CUST-00474,Apex Group,Gbenga Danjuma,Corporate,Abuja,08056089336,gbenga.danjuma@hotmail.com,1000000,Net 14,2018-11-08,No
CUST-00475,Apex Ventures,Segun Fashola,Corporate,Kano,07034874049,segun.fashola@apexventur.com.ng,50000,Net 7,2021-11-08,Yes
CUST-00476,Ifeoma Yusuf,Ifeoma Yusuf,Individual,Abuja,08139427608,ifeoma.yusuf@businessng.com,500000,Net 30,2021-12-29,Yes
CUST-00477,Metro Enterprises,Funmilayo Akinwale,SME,Lagos,08164796232,funmilayo.akinwale@gmail.com,250000,Immediate,2019-07-07,Yes
CUST-00478,Global Nigeria Ltd,Thompson Taiwo,Corporate,Lagos,09019219877,thompson.taiwo@tradingco.ng,100000,Net 30,2019-05-21,Yes
CUST-00479,Adaeze Faleye,Adaeze Faleye,Individual,Abuja,07067612751,adaeze.faleye@adaezefale.com.ng,1000000,Immediate,2020-12-02,Yes
CUST-00480,Federal Trading Co,Folake Bakare,Corporate,Kano,08051658532,folake.bakare@federaltra.com.ng,250000,Immediate,2019-01-24,Yes
CUST-00481,Sade Umar,Sade Umar,Individual,Lagos,09013793181,sade.umar@hotmail.com,100000,Immediate,2021-11-14,Yes
CUST-00482,Summit Trading Co,Obiora Fadipe,SME,Lagos,08133270069,obiora.fadipe@hotmail.com,250000,Net 14,2020-07-12,Yes
CUST-00483,Obiora Olayemi,Obiora Olayemi,Individual,Lagos,09012512963,obiora.olayemi@outlook.com,100000,Net 7,2022-01-11,No
CUST-00484,Tunde Aliyu,Tunde Aliyu,Individual,Abuja,08117089179,tunde.aliyu@gmail.com,500000,Net 30,2022-01-28,Yes
CUST-00485,Prime Enterprises,Garba Olawale,Corporate,Lagos,08123518087,garba.olawale@yahoo.com,50000,Net 7,2022-04-25,Yes
CUST-00486,Iron Solutions,Aminu Umar,Corporate,Port Harcourt,08132972228,aminu.umar@yahoo.com,50000,Immediate,2021-06-29,No
CUST-00487,Urban Trading Co,Chidinma Adegoke,SME,Lagos,08129278999,chidinma.adegoke@yahoo.com,50000,Net 30,2020-07-18,Yes
CUST-00488,Zenith Global Ltd,Ifeoma Faleye,SME,Kano,07034483580,ifeoma.faleye@gmail.com,50000,Net 7,2018-04-23,Yes
CUST-00489,Heritage Group,Adaeze Tinubu,Corporate,Lagos,08032826831,adaeze.tinubu@hotmail.com,50000,Net 7,2021-10-08,Yes
CUST-00490,Capital Ltd,Obiora Agbaje,SME,Lagos,07036416051,obiora.agbaje@outlook.com,250000,Immediate,2022-04-03,Yes
CUST-00491,Royal Solutions,Musa Adeniyi,Corporate,Lagos,09077941705,musa.adeniyi@royalsolut.com.ng,50000,Net 7,2021-06-07,Yes
CUST-00492,Summit Services Ltd,Abubakar Agboola,SME,Ibadan,08125818203,abubakar.agboola@hotmail.com,500000,Net 14,2019-06-16,Yes
CUST-00493,Urban Trading Co,Titilayo Falode,SME,Ibadan,08119350710,titilayo.falode@hotmail.com,50000,Net 7,2021-12-22,Yes
CUST-00494,Steel Nigeria Ltd,Chukwuemeka Aliyu,Corporate,Ibadan,08167956372,chukwuemeka.aliyu@hotmail.com,0,Net 14,2019-12-18,Yes
CUST-00495,Kano Solutions,Chukwuemeka Fadahunsi,Corporate,Lagos,07036037929,chukwuemeka.fadahunsi@kanosoluti.com.ng,500000,Net 14,2022-04-20,Yes
CUST-00496,Gold Ventures,Fidelis Wada,Corporate,Kano,08033946567,fidelis.wada@yahoo.com,100000,Net 14,2021-10-09,Yes
CUST-00497,Metro Enterprises,Adaeze Fadipe,Corporate,Port Harcourt,09016622207,adaeze.fadipe@hotmail.com,250000,Immediate,2022-09-07,Yes
CUST-00498,Faith Agboola,Faith Agboola,Individual,Lagos,09079990666,faith.agboola@gmail.com,50000,Net 14,2022-06-26,Yes
CUST-00499,Future Holdings,Rotimi Garba,Corporate,Port Harcourt,09073784505,rotimi.garba@futurehold.com.ng,500000,Net 30,2019-01-19,Yes
CUST-00500,Iyanuoluwa Balogun,Iyanuoluwa Balogun,Individual,Lagos,07061530633,iyanuoluwa.balogun@outlook.com,250000,Immediate,2020-10-14,Yes
CUST-00501,Heritage Enterprises,Titi Umar,Corporate,Lagos,07061627384,titi.umar@businessng.com,50000,Immediate,2020-06-27,Yes
CUST-00502,Bright Global Ltd,Temitope Adeniyi,SME,Lagos,09019785019,temitope.adeniyi@outlook.com,100000,Net 7,2022-04-25,Yes
CUST-00503,Steel Holdings,Kunle Agboola,Corporate,Port Harcourt,09072943405,kunle.agboola@gmail.com,100000,Immediate,2021-11-08,Yes
CUST-00504,Crown Trading Co,Umar Adegoke,Corporate,Ibadan,08116242557,umar.adegoke@gmail.com,500000,Net 14,2021-08-01,Yes
CUST-00505,Abuja Trading Co,Abosede Nwachukwu,Corporate,Lagos,09012973853,abosede.nwachukwu@outlook.com,50000,Net 7,2019-07-15,Yes
CUST-00506,Crown Global Ltd,Nuhu Olawale,SME,Kano,07066343290,nuhu.olawale@outlook.com,50000,Net 14,2021-03-21,Yes
CUST-00507,Future Trading Co,Emeka Umar,SME,Abuja,08033182279,emeka.umar@gmail.com,250000,Immediate,2018-08-05,Yes
CUST-00508,Dynamic Ventures,Tunde Adekunle,Corporate,Kano,08118479891,tunde.adekunle@dynamicven.com.ng,100000,Net 14,2019-11-12,Yes
CUST-00509,Unity Nigeria Ltd,Emmanuel Salami,SME,Port Harcourt,09012631802,emmanuel.salami@hotmail.com,100000,Net 30,2020-08-21,Yes
CUST-00510,Capital Holdings,Rotimi Falode,Corporate,Lagos,08116541983,rotimi.falode@businessng.com,100000,Net 30,2020-09-25,Yes
CUST-00511,Metro Services Ltd,Nnamdi Aliyu,Corporate,Lagos,07036848796,nnamdi.aliyu@metroservi.com.ng,500000,Net 7,2020-11-06,Yes
CUST-00512,Vision Trading Co,Kike Balogun,Corporate,Port Harcourt,08066068701,kike.balogun@visiontrad.com.ng,250000,Net 30,2021-04-24,Yes
CUST-00513,Swift Services Ltd,Nuhu Chukwu,SME,Abuja,08066716235,nuhu.chukwu@yahoo.com,1000000,Net 30,2022-05-26,Yes
CUST-00514,Dynamic Nigeria Ltd,Mercy Yusuf,Corporate,Ibadan,08129164301,mercy.yusuf@gmail.com,500000,Net 30,2019-10-29,Yes
CUST-00515,Heritage Holdings,Abiodun Adebayo,Corporate,Lagos,08122824432,abiodun.adebayo@tradingco.ng,500000,Net 30,2019-11-02,Yes
CUST-00516,Zenith Enterprises,Tunde Eze,Corporate,Port Harcourt,08138599649,tunde.eze@zenithente.com.ng,100000,Net 30,2021-06-14,Yes
CUST-00517,Abosede Eze,Abosede Eze,Individual,Lagos,07036109503,abosede.eze@hotmail.com,1000000,Net 14,2018-07-02,Yes
CUST-00518,Unity Solutions,Nuhu Ogundimu,Corporate,Lagos,07061891328,nuhu.ogundimu@gmail.com,1000000,Net 14,2018-08-13,Yes
CUST-00519,Dele Adekunle,Dele Adekunle,Individual,Kano,08056337290,dele.adekunle@tradingco.ng,250000,Net 30,2020-02-21,Yes
CUST-00520,Unity Global Ltd,Ismail Okafor,SME,Kano,08057044627,ismail.okafor@businessng.com,250000,Net 7,2019-08-14,Yes
CUST-00521,Apex Enterprises,Biodun Adeyemi,Corporate,Ibadan,09018327199,biodun.adeyemi@yahoo.com,0,Net 7,2021-08-08,Yes
CUST-00522,Dynamic Services Ltd,Jumoke Faleye,Corporate,Kano,08058550515,jumoke.faleye@hotmail.com,100000,Net 7,2019-01-16,Yes
CUST-00523,Abubakar Ogundele,Abubakar Ogundele,Individual,Lagos,09075517272,abubakar.ogundele@hotmail.com,500000,Net 14,2018-03-10,Yes
CUST-00524,Metro Nigeria Ltd,Kike Abdullahi,Corporate,Lagos,09075687895,kike.abdullahi@hotmail.com,500000,Immediate,2020-12-07,Yes
CUST-00525,Eagle Trading Co,Dele Adeniyi,SME,Kano,07031885405,dele.adeniyi@outlook.com,500000,Immediate,2020-08-18,Yes
CUST-00526,Silver Group,Faith Agboola,Corporate,Lagos,07033810320,faith.agboola@gmail.com,1000000,Net 14,2022-01-28,Yes
CUST-00527,Swift Ventures,Amaka Fadahunsi,SME,Lagos,08115894806,amaka.fadahunsi@businessng.com,1000000,Immediate,2019-08-11,Yes
CUST-00528,Abuja Solutions,Biodun Ogundimu,Corporate,Lagos,08125713926,biodun.ogundimu@outlook.com,100000,Immediate,2022-02-27,Yes
CUST-00529,Iron Group,Sadiq Agbaje,Corporate,Lagos,07034962709,sadiq.agbaje@hotmail.com,50000,Immediate,2019-12-04,Yes
CUST-00530,Urban Holdings,Bashir Bakare,Corporate,Ibadan,08054992095,bashir.bakare@tradingco.ng,250000,Net 7,2019-03-08,Yes
CUST-00531,Royal Ltd,Amaka Fadipe,Corporate,Lagos,09017689827,amaka.fadipe@hotmail.com,100000,Net 30,2022-03-09,No
CUST-00532,Garba Kehinde,Garba Kehinde,Individual,Abuja,09015406118,garba.kehinde@yahoo.com,500000,Net 30,2018-01-25,Yes
CUST-00533,Prime Nigeria Ltd,Yetunde Kehinde,Corporate,Kano,08116936250,yetunde.kehinde@businessng.com,250000,Net 14,2019-11-18,Yes
CUST-00534,Gold Services Ltd,Chioma Suleiman,SME,Ibadan,08115056679,chioma.suleiman@tradingco.ng,1000000,Net 7,2020-11-30,Yes
CUST-00535,Zenith Nigeria Ltd,Aliyu Olawale,Corporate,Lagos,08052639113,aliyu.olawale@zenithnige.com.ng,0,Net 30,2019-12-21,Yes
CUST-00536,Apex Ventures,Hauwa Nwachukwu,Corporate,Lagos,08034637715,hauwa.nwachukwu@apexventur.com.ng,1000000,Immediate,2021-12-21,Yes
CUST-00537,Diamond Ventures,Akintunde Faleye,Corporate,Lagos,08064091420,akintunde.faleye@outlook.com,100000,Net 30,2021-09-14,Yes
CUST-00538,Vision Solutions,Zainab Sanusi,Corporate,Lagos,08065652111,zainab.sanusi@businessng.com,0,Net 30,2020-03-06,Yes
CUST-00539,Dynamic Services Ltd,Ade Bakare,Corporate,Lagos,09014366669,ade.bakare@dynamicser.com.ng,250000,Net 7,2021-08-14,Yes
CUST-00540,Rotimi Ogunwale,Rotimi Ogunwale,Individual,Abuja,08162782574,rotimi.ogunwale@hotmail.com,1000000,Net 14,2018-07-31,Yes
CUST-00541,Emeka Olatunji,Emeka Olatunji,Individual,Lagos,09011314820,emeka.olatunji@hotmail.com,50000,Immediate,2018-03-19,Yes
CUST-00542,Zainab Tinubu,Zainab Tinubu,Individual,Lagos,08051062138,zainab.tinubu@zainabtinu.com.ng,1000000,Net 30,2020-09-06,Yes
CUST-00543,National Ltd,Bunmi Sanusi,Corporate,Abuja,09013033459,bunmi.sanusi@nationallt.com.ng,500000,Net 14,2019-11-14,Yes
CUST-00544,Summit Group,Sade Ibrahim,SME,Kano,07062349840,sade.ibrahim@businessng.com,250000,Net 14,2021-08-19,Yes
CUST-00545,Elite Solutions,Yusuf Abubakar,Corporate,Port Harcourt,08052791270,yusuf.abubakar@tradingco.ng,1000000,Net 14,2020-09-23,Yes
CUST-00546,Elite Ltd,Abosede Fashola,Corporate,Ibadan,08125001116,abosede.fashola@hotmail.com,250000,Immediate,2022-06-12,Yes
CUST-00547,Apex Ltd,Toyin Ogunwale,SME,Lagos,08036665977,toyin.ogunwale@businessng.com,1000000,Immediate,2020-04-10,Yes
CUST-00548,Temitope Fadipe,Temitope Fadipe,Individual,Kano,09013499027,temitope.fadipe@tradingco.ng,500000,Net 7,2018-05-28,Yes
CUST-00549,Metro Ventures,Ifeanyi Fadipe,Corporate,Lagos,08163190059,ifeanyi.fadipe@gmail.com,50000,Immediate,2019-09-22,Yes
CUST-00550,Eagle Nigeria Ltd,Precious Adesanya,SME,Lagos,09014700592,precious.adesanya@gmail.com,50000,Net 30,2019-11-22,No
CUST-00551,Hadiza Aliyu,Hadiza Aliyu,Individual,Kano,09073304005,hadiza.aliyu@outlook.com,50000,Immediate,2021-04-29,Yes
CUST-00552,Bright Holdings,Nneka Aliyu,Corporate,Lagos,07063768343,nneka.aliyu@hotmail.com,50000,Immediate,2018-10-01,Yes
CUST-00553,Summit Ltd,Toluwani Okonkwo,SME,Lagos,08132495541,toluwani.okonkwo@tradingco.ng,1000000,Net 14,2020-05-02,Yes
CUST-00554,Bright Solutions,Jumoke Fashola,Corporate,Kano,09017912738,jumoke.fashola@yahoo.com,50000,Immediate,2021-05-06,Yes
CUST-00555,Heritage Group,Precious Mensah,SME,Abuja,08034953366,precious.mensah@yahoo.com,0,Immediate,2021-06-21,Yes
CUST-00556,Global Solutions,Obiora Sanusi,SME,Lagos,08162890441,obiora.sanusi@businessng.com,50000,Net 30,2020-10-15,Yes
CUST-00557,Capital Solutions,Ismail Abubakar,Corporate,Lagos,08055217486,ismail.abubakar@outlook.com,500000,Net 30,2018-03-30,Yes
CUST-00558,Apex Services Ltd,Kelechi Okafor,Corporate,Kano,08062188825,kelechi.okafor@yahoo.com,1000000,Net 30,2021-04-28,Yes
CUST-00559,Lola Nwachukwu,Lola Nwachukwu,Individual,Port Harcourt,07064859820,lola.nwachukwu@businessng.com,0,Net 14,2019-04-12,Yes
CUST-00560,Diamond Global Ltd,Thompson Adewale,Corporate,Lagos,09019127012,thompson.adewale@gmail.com,250000,Net 7,2019-03-19,Yes
CUST-00561,Unity Services Ltd,Funmilayo Akinwale,Corporate,Ibadan,08167016144,funmilayo.akinwale@outlook.com,50000,Net 14,2018-09-18,Yes
CUST-00562,Steel Services Ltd,Sola Fashola,Corporate,Abuja,08136764248,sola.fashola@yahoo.com,100000,Net 7,2022-06-05,Yes
CUST-00563,Summit Holdings,Abubakar Olawale,Corporate,Kano,09014631304,abubakar.olawale@summithold.com.ng,250000,Net 30,2019-07-26,Yes
CUST-00564,Platinum Ventures,Fatima Chukwu,Corporate,Lagos,08123499296,fatima.chukwu@platinumve.com.ng,0,Net 30,2018-04-01,Yes
CUST-00565,Prime Holdings,Bunmi Sanusi,SME,Kano,08059040805,bunmi.sanusi@businessng.com,1000000,Immediate,2020-07-15,Yes
CUST-00566,Tunde Olawale,Tunde Olawale,Individual,Lagos,08054657541,tunde.olawale@yahoo.com,100000,Net 14,2019-05-05,Yes
CUST-00567,Olumide Adeniyi,Olumide Adeniyi,Individual,Lagos,08138705487,olumide.adeniyi@businessng.com,500000,Immediate,2020-07-20,Yes
CUST-00568,Dynamic Group,Iyanuoluwa Lawal,Corporate,Port Harcourt,09011022878,iyanuoluwa.lawal@businessng.com,1000000,Immediate,2020-02-28,Yes
CUST-00569,Platinum Solutions,Grace Abubakar,Corporate,Port Harcourt,08124475340,grace.abubakar@businessng.com,1000000,Immediate,2021-06-24,Yes
CUST-00570,Star Nigeria Ltd,Chukwudi Kehinde,Corporate,Abuja,07068807325,chukwudi.kehinde@starnigeri.com.ng,0,Net 14,2020-01-21,Yes
CUST-00571,Yusuf Lawal,Yusuf Lawal,Individual,Lagos,08136619187,yusuf.lawal@yahoo.com,500000,Immediate,2021-08-22,Yes
CUST-00572,Emmanuel Agbaje,Emmanuel Agbaje,Individual,Lagos,07066917519,emmanuel.agbaje@outlook.com,500000,Net 30,2019-07-22,Yes
CUST-00573,Urban Trading Co,Suleiman Shehu,SME,Kano,08068888040,suleiman.shehu@tradingco.ng,500000,Net 14,2020-07-14,Yes
CUST-00574,Elite Services Ltd,Adeola Yusuf,Corporate,Lagos,08067554564,adeola.yusuf@yahoo.com,100000,Immediate,2018-08-12,Yes
CUST-00575,Urban Enterprises,Adaora Yusuf,Corporate,Lagos,09071380679,adaora.yusuf@outlook.com,250000,Net 7,2020-08-28,Yes
CUST-00576,Apex Solutions,Titi Agbaje,SME,Lagos,08061369713,titi.agbaje@businessng.com,50000,Net 14,2020-04-23,Yes
CUST-00577,Urban Ventures,Chinyere Fadipe,Corporate,Port Harcourt,09078470161,chinyere.fadipe@hotmail.com,100000,Net 7,2022-06-05,Yes
CUST-00578,Metro Group,Damilola Suleiman,Corporate,Lagos,08033488704,damilola.suleiman@outlook.com,100000,Net 30,2018-12-07,Yes
CUST-00579,Dynamic Enterprises,Victor Ogunwale,Corporate,Port Harcourt,08113575047,victor.ogunwale@yahoo.com,50000,Immediate,2018-03-26,Yes
CUST-00580,Dynamic Global Ltd,Chidi Suleiman,Corporate,Kano,08036317433,chidi.suleiman@outlook.com,50000,Net 14,2020-07-07,Yes
CUST-00581,Apex Holdings,Kelechi Umar,Corporate,Abuja,08138684648,kelechi.umar@outlook.com,50000,Immediate,2022-02-21,Yes
CUST-00582,Metro Solutions,Chinyere Lawal,Corporate,Ibadan,08123467651,chinyere.lawal@businessng.com,500000,Net 30,2019-11-25,Yes
CUST-00583,Unity Trading Co,Monday Adeniyi,Corporate,Lagos,07031416001,monday.adeniyi@hotmail.com,500000,Net 7,2020-07-02,Yes
CUST-00584,Elite Ventures,Aliyu Ibrahim,SME,Kano,08165662844,aliyu.ibrahim@yahoo.com,0,Immediate,2021-01-07,Yes
CUST-00585,Urban Group,Chukwudi Akintoye,Corporate,Kano,08129582482,chukwudi.akintoye@gmail.com,1000000,Net 14,2020-03-25,Yes
CUST-00586,Zenith Solutions,Bola Akinwale,Corporate,Lagos,07066168814,bola.akinwale@hotmail.com,500000,Immediate,2019-03-18,No
CUST-00587,Kano Enterprises,Lola Badmus,SME,Ibadan,08057949018,lola.badmus@yahoo.com,500000,Immediate,2018-10-22,Yes
CUST-00588,Eagle Ventures,Ronke Ogunleye,Corporate,Ibadan,08052483915,ronke.ogunleye@gmail.com,250000,Net 14,2020-04-28,Yes
CUST-00589,Kike Olatunji,Kike Olatunji,Individual,Lagos,08164120669,kike.olatunji@businessng.com,250000,Net 14,2021-02-08,Yes
CUST-00590,Heritage Services Ltd,Abiodun Bakare,Corporate,Kano,09014766824,abiodun.bakare@gmail.com,0,Net 7,2019-06-22,Yes
CUST-00591,Adaora Fadipe,Adaora Fadipe,Individual,Lagos,08054009367,adaora.fadipe@hotmail.com,1000000,Net 7,2018-02-28,Yes
CUST-00592,Capital Ventures,Toyin Osei,SME,Abuja,08128316015,toyin.osei@businessng.com,100000,Net 30,2021-11-22,Yes
CUST-00593,Apex Solutions,Blessing Agboola,SME,Lagos,08121981641,blessing.agboola@yahoo.com,100000,Net 30,2022-12-04,Yes
CUST-00594,Abuja Group,Bello Adesanya,Corporate,Abuja,08116972425,bello.adesanya@gmail.com,100000,Net 14,2020-12-20,Yes
CUST-00595,Chukwudi Nwachukwu,Chukwudi Nwachukwu,Individual,Port Harcourt,08132585592,chukwudi.nwachukwu@chukwudinw.com.ng,50000,Net 14,2022-11-22,Yes
CUST-00596,Zainab Kehinde,Zainab Kehinde,Individual,Port Harcourt,07062607817,zainab.kehinde@zainabkehi.com.ng,500000,Net 14,2022-08-14,Yes
CUST-00597,Capital Services Ltd,Biodun Ogunleye,Corporate,Abuja,07063735175,biodun.ogunleye@gmail.com,50000,Net 7,2020-10-27,Yes
CUST-00598,Royal Holdings,Damilola Olawale,SME,Abuja,08062955647,damilola.olawale@businessng.com,50000,Immediate,2020-09-09,Yes
CUST-00599,Iron Ventures,Jumoke Abdullahi,Corporate,Kano,07063889156,jumoke.abdullahi@tradingco.ng,100000,Immediate,2022-03-05,Yes
CUST-00600,National Solutions,Biodun Yusuf,Corporate,Lagos,08163184699,biodun.yusuf@gmail.com,250000,Immediate,2018-06-09,Yes
CUST-00601,Crown Ltd,Bisi Abubakar,Corporate,Port Harcourt,09071994305,bisi.abubakar@hotmail.com,0,Net 14,2018-03-30,Yes
CUST-00602,Ebunoluwa Adeyemi,Ebunoluwa Adeyemi,Individual,Lagos,08064446060,ebunoluwa.adeyemi@ebunoluwaa.com.ng,50000,Net 7,2021-10-05,Yes
CUST-00603,Tunde Tinubu,Tunde Tinubu,Individual,Lagos,08126835728,tunde.tinubu@outlook.com,50000,Net 7,2020-10-31,Yes
CUST-00604,Zenith Trading Co,Segun Bakare,SME,Lagos,08165728772,segun.bakare@yahoo.com,500000,Immediate,2022-01-25,Yes
CUST-00605,Capital Ventures,Chukwudi Lawal,SME,Lagos,09012800606,chukwudi.lawal@yahoo.com,100000,Net 30,2020-05-18,Yes
CUST-00606,Aminu Aliyu,Aminu Aliyu,Individual,Lagos,08068816533,aminu.aliyu@gmail.com,500000,Net 7,2020-10-12,No
CUST-00607,Prime Nigeria Ltd,Kike Musa,SME,Lagos,09012941503,kike.musa@hotmail.com,100000,Net 30,2021-05-14,No
CUST-00608,Silver Solutions,Adeola Adebayo,Corporate,Abuja,08162167847,adeola.adebayo@businessng.com,250000,Net 14,2019-01-03,Yes
CUST-00609,Iron Trading Co,Adeola Bello,Corporate,Port Harcourt,08112426162,adeola.bello@gmail.com,50000,Net 30,2020-03-31,Yes
CUST-00610,Capital Global Ltd,Thompson Adesanya,Corporate,Lagos,08167782844,thompson.adesanya@gmail.com,50000,Net 30,2022-01-25,Yes
CUST-00611,Abuja Holdings,Kike Sanusi,SME,Abuja,09017785437,kike.sanusi@hotmail.com,500000,Net 14,2018-10-29,No
CUST-00612,Urban Services Ltd,Chioma Aliyu,Corporate,Lagos,08113258353,chioma.aliyu@gmail.com,0,Immediate,2022-08-28,Yes
CUST-00613,Diamond Ventures,Adeola Okonkwo,Corporate,Port Harcourt,07063562495,adeola.okonkwo@outlook.com,500000,Immediate,2022-04-06,Yes
CUST-00614,Urban Services Ltd,Folake Nwachukwu,Corporate,Abuja,07036764913,folake.nwachukwu@businessng.com,500000,Immediate,2022-04-14,Yes
CUST-00615,Vision Holdings,Adaora Akinwale,SME,Abuja,09011603663,adaora.akinwale@gmail.com,50000,Net 14,2021-12-17,Yes
CUST-00616,Diamond Services Ltd,Bisi Fashola,Corporate,Ibadan,08069230125,bisi.fashola@tradingco.ng,500000,Net 30,2020-09-01,Yes
CUST-00617,Lagos Services Ltd,Chukwudi Ibrahim,Corporate,Kano,08056918393,chukwudi.ibrahim@businessng.com,100000,Net 14,2018-05-06,Yes
CUST-00618,Apex Group,Biodun Abdullahi,Corporate,Abuja,08068183134,biodun.abdullahi@outlook.com,100000,Net 30,2019-12-21,Yes
CUST-00619,Heritage Ventures,Dele Chukwu,SME,Lagos,08066115582,dele.chukwu@gmail.com,100000,Net 7,2018-02-10,Yes
CUST-00620,Platinum Ventures,Adaeze Adegoke,SME,Kano,08055473122,adaeze.adegoke@gmail.com,1000000,Net 30,2021-04-19,Yes
CUST-00621,Vision Ventures,Yetunde Olatunji,Corporate,Lagos,09012678672,yetunde.olatunji@tradingco.ng,1000000,Net 7,2019-11-20,Yes
CUST-00622,Capital Holdings,Toluwani Falode,Corporate,Lagos,09012263679,toluwani.falode@businessng.com,500000,Net 7,2019-08-12,Yes
CUST-00623,National Ventures,Ibrahim Olatunji,Corporate,Ibadan,08062589366,ibrahim.olatunji@nationalve.com.ng,100000,Net 14,2018-05-18,Yes
CUST-00624,Eagle Solutions,Bisi Eze,Corporate,Abuja,07038263032,bisi.eze@tradingco.ng,500000,Net 14,2019-02-14,Yes
CUST-00625,Steel Trading Co,Hauwa Falode,SME,Lagos,08039660803,hauwa.falode@businessng.com,50000,Net 30,2019-03-13,Yes
CUST-00626,Platinum Ventures,Zainab Fadahunsi,SME,Ibadan,08112004647,zainab.fadahunsi@platinumve.com.ng,50000,Net 14,2020-08-05,Yes
CUST-00627,Rotimi Agbaje,Rotimi Agbaje,Individual,Ibadan,07038304611,rotimi.agbaje@hotmail.com,100000,Immediate,2021-07-22,Yes
CUST-00628,Swift Solutions,Zainab Bakare,Corporate,Port Harcourt,08124961601,zainab.bakare@hotmail.com,50000,Immediate,2018-11-04,Yes
CUST-00629,Steel Services Ltd,Dele Badmus,Corporate,Kano,08058080306,dele.badmus@tradingco.ng,0,Net 7,2018-11-23,Yes
CUST-00630,Dynamic Ltd,Olumide Suleiman,Corporate,Ibadan,09011334013,olumide.suleiman@gmail.com,0,Net 14,2021-05-17,Yes
CUST-00631,Aminu Abdullahi,Aminu Abdullahi,Individual,Port Harcourt,08067658793,aminu.abdullahi@businessng.com,1000000,Net 7,2019-04-29,Yes
CUST-00632,Lagos Services Ltd,Uchenna Taiwo,SME,Lagos,08163051464,uchenna.taiwo@businessng.com,100000,Net 14,2022-09-01,Yes
CUST-00633,Bright Nigeria Ltd,Fatima Adekunle,Corporate,Lagos,08165606139,fatima.adekunle@hotmail.com,250000,Net 14,2022-11-03,Yes
CUST-00634,Royal Group,Ifeanyi Ogunwale,Corporate,Kano,08058966730,ifeanyi.ogunwale@tradingco.ng,50000,Net 14,2022-05-26,Yes
CUST-00635,Heritage Ltd,Ronke Lawal,Corporate,Port Harcourt,08121584005,ronke.lawal@businessng.com,1000000,Immediate,2021-11-15,Yes
CUST-00636,Heritage Group,Ade Olawale,Corporate,Port Harcourt,08069974312,ade.olawale@businessng.com,50000,Net 30,2020-03-06,Yes
CUST-00637,Federal Solutions,Hauwa Umar,Corporate,Lagos,08138362611,hauwa.umar@tradingco.ng,100000,Net 30,2022-06-05,Yes
CUST-00638,Ifeoma Bakare,Ifeoma Bakare,Individual,Abuja,09017928341,ifeoma.bakare@businessng.com,100000,Net 30,2022-12-01,Yes
CUST-00639,Eagle Group,Blessing Suleiman,SME,Abuja,08126482263,blessing.suleiman@hotmail.com,1000000,Immediate,2022-04-10,Yes
CUST-00640,Unity Ltd,Ahmed Adebayo,SME,Abuja,08166126237,ahmed.adebayo@outlook.com,500000,Immediate,2018-08-15,Yes
CUST-00641,Uchenna Lawal,Uchenna Lawal,Individual,Port Harcourt,08137883963,uchenna.lawal@businessng.com,100000,Net 30,2020-09-06,No
CUST-00642,Ade Okafor,Ade Okafor,Individual,Kano,07065727774,ade.okafor@yahoo.com,0,Net 30,2020-01-23,Yes
CUST-00643,Apex Ltd,Yetunde Olatunji,Corporate,Kano,08114837070,yetunde.olatunji@gmail.com,250000,Net 7,2019-06-21,Yes
CUST-00644,Platinum Ventures,Adewale Akintoye,SME,Lagos,08132494200,adewale.akintoye@outlook.com,50000,Immediate,2018-01-29,Yes
CUST-00645,Folake Bakare,Folake Bakare,Individual,Abuja,08064766215,folake.bakare@tradingco.ng,50000,Net 7,2022-11-01,Yes
CUST-00646,Platinum Global Ltd,Toyin Akinwale,Corporate,Kano,08165747402,toyin.akinwale@tradingco.ng,1000000,Net 7,2020-05-06,Yes
CUST-00647,Lagos Global Ltd,Oluwakemi Okonkwo,Corporate,Kano,09015166084,oluwakemi.okonkwo@outlook.com,500000,Net 30,2018-06-25,Yes
CUST-00648,Titilayo Danjuma,Titilayo Danjuma,Individual,Abuja,08114560421,titilayo.danjuma@tradingco.ng,250000,Net 30,2022-02-16,Yes
CUST-00649,Star Ltd,Nneka Bello,SME,Lagos,08168900934,nneka.bello@outlook.com,500000,Immediate,2018-01-11,Yes
CUST-00650,Ramatu Akintoye,Ramatu Akintoye,Individual,Abuja,08131689962,ramatu.akintoye@ramatuakin.com.ng,50000,Net 14,2018-12-14,Yes
CUST-00651,Summit Group,Aisha Adegoke,Corporate,Port Harcourt,09078263354,aisha.adegoke@yahoo.com,100000,Immediate,2019-10-04,Yes
CUST-00652,Ifeanyi Garba,Ifeanyi Garba,Individual,Abuja,08055746702,ifeanyi.garba@outlook.com,500000,Net 14,2020-11-24,Yes
CUST-00653,Toluwani Danjuma,Toluwani Danjuma,Individual,Abuja,08138381800,toluwani.danjuma@gmail.com,50000,Net 7,2018-04-22,Yes
CUST-00654,Swift Services Ltd,Babatunde Adeniyi,Corporate,Abuja,08069303225,babatunde.adeniyi@gmail.com,250000,Net 14,2021-12-23,Yes
CUST-00655,Bright Nigeria Ltd,Folake Ogundele,Corporate,Lagos,08064418084,folake.ogundele@businessng.com,100000,Net 7,2022-09-06,Yes
CUST-00656,Global Ventures,Faith Taiwo,SME,Lagos,09074029442,faith.taiwo@hotmail.com,0,Net 7,2022-04-23,Yes
CUST-00657,Royal Holdings,Umar Okonkwo,Corporate,Abuja,08122779557,umar.okonkwo@businessng.com,100000,Net 7,2018-03-01,Yes
CUST-00658,Steel Solutions,Kike Taiwo,SME,Kano,08111097397,kike.taiwo@outlook.com,0,Net 30,2019-10-28,No
CUST-00659,Kano Group,Kunle Ibrahim,SME,Lagos,08067398678,kunle.ibrahim@gmail.com,250000,Net 14,2018-12-31,Yes
CUST-00660,Swift Holdings,Ifeoma Okonkwo,Corporate,Ibadan,08055780430,ifeoma.okonkwo@tradingco.ng,1000000,Net 7,2018-09-04,Yes
CUST-00661,Unity Group,Bisi Agbaje,Corporate,Port Harcourt,08067164902,bisi.agbaje@unitygroup.com.ng,50000,Net 30,2020-07-01,Yes
CUST-00662,Platinum Nigeria Ltd,Zainab Olatunji,SME,Ibadan,08057177975,zainab.olatunji@platinumni.com.ng,50000,Net 30,2021-07-15,Yes
CUST-00663,Steel Global Ltd,Babatunde Ogundimu,Corporate,Port Harcourt,08113601637,babatunde.ogundimu@hotmail.com,500000,Immediate,2019-08-19,Yes
CUST-00664,Heritage Enterprises,Ifeoma Badmus,SME,Lagos,08116040020,ifeoma.badmus@businessng.com,50000,Net 30,2019-08-29,Yes
CUST-00665,Central Nigeria Ltd,Yusuf Osei,Corporate,Kano,08057929315,yusuf.osei@gmail.com,250000,Net 14,2019-12-29,Yes
CUST-00666,Royal Services Ltd,Godwin Ogundimu,Corporate,Lagos,08137592730,godwin.ogundimu@gmail.com,0,Net 30,2022-12-01,Yes
CUST-00667,Hadiza Olayemi,Hadiza Olayemi,Individual,Abuja,08118548873,hadiza.olayemi@hadizaolay.com.ng,100000,Net 14,2022-11-20,Yes
CUST-00668,Gbenga Mensah,Gbenga Mensah,Individual,Kano,07032783932,gbenga.mensah@hotmail.com,500000,Immediate,2018-01-12,Yes
CUST-00669,Metro Services Ltd,Chukwuemeka Adesanya,SME,Port Harcourt,08059165848,chukwuemeka.adesanya@outlook.com,500000,Net 14,2021-11-15,Yes
CUST-00670,Unity Ltd,Ramatu Mensah,Corporate,Lagos,08061266510,ramatu.mensah@tradingco.ng,50000,Immediate,2019-03-05,Yes
CUST-00671,Elite Nigeria Ltd,Hassan Chukwu,SME,Lagos,09013485807,hassan.chukwu@hotmail.com,250000,Immediate,2018-08-27,Yes
CUST-00672,Urban Services Ltd,Thompson Yusuf,SME,Lagos,09015070650,thompson.yusuf@yahoo.com,100000,Net 30,2018-04-15,Yes
CUST-00673,Segun Fadahunsi,Segun Fadahunsi,Individual,Abuja,08059316519,segun.fadahunsi@tradingco.ng,500000,Net 14,2018-03-17,Yes
CUST-00674,Urban Global Ltd,Toyin Ogundimu,SME,Port Harcourt,08039863551,toyin.ogundimu@gmail.com,250000,Net 14,2021-02-07,Yes
CUST-00675,Royal Services Ltd,Chinyere Adewale,SME,Kano,08116817736,chinyere.adewale@hotmail.com,1000000,Net 30,2018-02-12,Yes
CUST-00676,Power Services Ltd,Bunmi Nwachukwu,SME,Lagos,09074685993,bunmi.nwachukwu@powerservi.com.ng,1000000,Net 14,2021-05-18,Yes
CUST-00677,Titilayo Musa,Titilayo Musa,Individual,Port Harcourt,08057993768,titilayo.musa@businessng.com,1000000,Net 14,2022-06-19,Yes
CUST-00678,Summit Services Ltd,Nuhu Eze,Corporate,Lagos,08134346789,nuhu.eze@yahoo.com,500000,Net 30,2018-07-26,Yes
CUST-00679,Star Ltd,Ramatu Chukwu,Corporate,Abuja,07036990202,ramatu.chukwu@tradingco.ng,50000,Net 7,2022-08-23,Yes
CUST-00680,Platinum Nigeria Ltd,Temitope Osei,Corporate,Kano,08163024809,temitope.osei@platinumni.com.ng,50000,Net 30,2019-06-13,Yes
CUST-00681,Abuja Enterprises,Adaeze Sanusi,SME,Port Harcourt,09072747213,adaeze.sanusi@tradingco.ng,0,Net 30,2022-06-25,Yes
CUST-00682,Crown Trading Co,Segun Balogun,SME,Lagos,09072768504,segun.balogun@yahoo.com,1000000,Immediate,2022-11-19,Yes
CUST-00683,Iron Trading Co,Toluwani Agboola,Corporate,Abuja,08063588652,toluwani.agboola@tradingco.ng,100000,Net 14,2022-08-05,Yes
CUST-00684,Silver Ltd,Akintunde Nwachukwu,SME,Lagos,09016726400,akintunde.nwachukwu@outlook.com,500000,Net 7,2018-06-24,Yes
CUST-00685,Capital Global Ltd,Kike Salami,Corporate,Lagos,09078075324,kike.salami@businessng.com,50000,Net 7,2022-07-01,Yes
CUST-00686,Capital Ltd,Lola Adegoke,SME,Abuja,08131166911,lola.adegoke@tradingco.ng,500000,Immediate,2018-06-23,Yes
CUST-00687,Platinum Ltd,Sade Sanusi,Corporate,Abuja,08033532555,sade.sanusi@platinumlt.com.ng,0,Net 14,2020-05-08,Yes
CUST-00688,Power Ltd,Bunmi Agbaje,Corporate,Lagos,09073463932,bunmi.agbaje@tradingco.ng,250000,Net 30,2021-08-11,Yes
CUST-00689,Gold Global Ltd,Jumoke Shehu,SME,Lagos,08061620256,jumoke.shehu@goldglobal.com.ng,100000,Net 30,2022-01-25,No
CUST-00690,Global Nigeria Ltd,Uchenna Ogunwale,Corporate,Kano,09076238726,uchenna.ogunwale@globalnige.com.ng,100000,Net 7,2018-02-17,Yes
CUST-00691,Platinum Trading Co,Fatima Sanusi,Corporate,Lagos,08037257547,fatima.sanusi@outlook.com,1000000,Net 14,2018-09-11,Yes
CUST-00692,Zenith Services Ltd,Chidi Umar,SME,Lagos,08169947098,chidi.umar@businessng.com,500000,Net 7,2019-12-19,Yes
CUST-00693,Ebunoluwa Balogun,Ebunoluwa Balogun,Individual,Kano,08113348331,ebunoluwa.balogun@tradingco.ng,250000,Net 7,2018-08-04,Yes
CUST-00694,Steel Nigeria Ltd,Abiodun Sanusi,Corporate,Lagos,08057913101,abiodun.sanusi@gmail.com,0,Immediate,2020-05-20,Yes
CUST-00695,Capital Trading Co,Oluwatoyin Adebayo,Corporate,Abuja,08129706452,oluwatoyin.adebayo@businessng.com,250000,Net 14,2021-04-11,Yes
CUST-00696,Silver Enterprises,Titi Yusuf,SME,Lagos,09073132786,titi.yusuf@hotmail.com,1000000,Net 30,2018-09-22,Yes
CUST-00697,Metro Ltd,Blessing Eze,SME,Ibadan,08137196363,blessing.eze@gmail.com,500000,Net 30,2018-08-14,Yes
CUST-00698,Bright Nigeria Ltd,Faith Musa,Corporate,Abuja,07037282392,faith.musa@outlook.com,100000,Net 30,2018-02-27,Yes
CUST-00699,Star Solutions,Damilola Olayemi,Corporate,Lagos,08164071524,damilola.olayemi@businessng.com,1000000,Net 30,2018-01-05,Yes
CUST-00700,Metro Ventures,Nneka Abubakar,Corporate,Lagos,08128589583,nneka.abubakar@outlook.com,250000,Net 30,2022-09-05,No
CUST-00701,Steel Services Ltd,Emmanuel Fashola,SME,Port Harcourt,09013499513,emmanuel.fashola@businessng.com,1000000,Net 14,2018-07-02,Yes
CUST-00702,Future Trading Co,Yetunde Obi,Corporate,Lagos,08118433920,yetunde.obi@tradingco.ng,100000,Immediate,2022-11-09,Yes
CUST-00703,Abubakar Fadahunsi,Abubakar Fadahunsi,Individual,Port Harcourt,07033076710,abubakar.fadahunsi@tradingco.ng,500000,Immediate,2019-01-30,Yes
CUST-00704,Metro Trading Co,Abubakar Ogunleye,Corporate,Lagos,08069923120,abubakar.ogunleye@yahoo.com,0,Net 14,2022-05-31,Yes
CUST-00705,Iron Nigeria Ltd,Oluwaseun Lawal,SME,Kano,08126375942,oluwaseun.lawal@hotmail.com,500000,Immediate,2020-10-03,Yes
CUST-00706,Apex Trading Co,Bisi Okafor,Corporate,Lagos,08055314727,bisi.okafor@gmail.com,0,Immediate,2021-01-14,Yes
CUST-00707,Summit Enterprises,Oluwakemi Okafor,Corporate,Lagos,08053838554,oluwakemi.okafor@gmail.com,500000,Net 14,2019-01-07,Yes
CUST-00708,Vision Enterprises,Ibrahim Akinwale,Corporate,Abuja,07065327419,ibrahim.akinwale@hotmail.com,0,Immediate,2019-02-19,Yes
CUST-00709,Ifeanyi Ogundimu,Ifeanyi Ogundimu,Individual,Abuja,08052930745,ifeanyi.ogundimu@outlook.com,0,Net 14,2020-08-09,Yes
CUST-00710,Silver Global Ltd,Nneka Adeniyi,Corporate,Lagos,07032703045,nneka.adeniyi@yahoo.com,500000,Net 7,2019-09-16,Yes
CUST-00711,Central Global Ltd,Titi Mensah,SME,Lagos,07063821731,titi.mensah@businessng.com,50000,Net 30,2021-02-10,Yes
CUST-00712,Kano Enterprises,Chukwuemeka Bakare,SME,Lagos,08039089743,chukwuemeka.bakare@outlook.com,500000,Net 14,2022-09-16,Yes
CUST-00713,Central Solutions,Khadija Fadahunsi,Corporate,Lagos,08139960531,khadija.fadahunsi@centralsol.com.ng,0,Net 14,2018-07-03,Yes
CUST-00714,Oluwaseun Fashola,Oluwaseun Fashola,Individual,Kano,07038247127,oluwaseun.fashola@yahoo.com,500000,Net 14,2021-10-28,Yes
CUST-00715,Federal Group,Kike Adebayo,Corporate,Lagos,08168714152,kike.adebayo@federalgro.com.ng,100000,Immediate,2021-11-17,Yes
CUST-00716,Zenith Enterprises,Bashir Adeniyi,Corporate,Abuja,09079203667,bashir.adeniyi@businessng.com,250000,Immediate,2022-06-01,Yes
CUST-00717,Kelechi Okonkwo,Kelechi Okonkwo,Individual,Abuja,08113070570,kelechi.okonkwo@outlook.com,250000,Net 14,2020-03-03,Yes
CUST-00718,Elite Services Ltd,Kayode Adegoke,Corporate,Lagos,08161331881,kayode.adegoke@businessng.com,100000,Net 14,2019-01-28,Yes
CUST-00719,Urban Group,Kike Obi,Corporate,Lagos,07039268447,kike.obi@tradingco.ng,1000000,Net 7,2018-01-15,Yes
CUST-00720,Central Services Ltd,Adaora Garba,SME,Lagos,09074250925,adaora.garba@tradingco.ng,1000000,Net 7,2018-05-14,Yes
CUST-00721,Lagos Ventures,Thompson Osei,Corporate,Lagos,09075602459,thompson.osei@yahoo.com,1000000,Immediate,2021-11-20,Yes
CUST-00722,Zenith Holdings,Adeola Olawale,SME,Port Harcourt,08111870113,adeola.olawale@businessng.com,100000,Net 30,2022-09-26,Yes
CUST-00723,Steel Services Ltd,Adaora Kehinde,SME,Abuja,09071729216,adaora.kehinde@tradingco.ng,50000,Immediate,2019-07-24,Yes
CUST-00724,Elite Group,Hadiza Adeyemi,Corporate,Lagos,08121425670,hadiza.adeyemi@tradingco.ng,50000,Net 30,2018-06-02,Yes
CUST-00725,Eagle Nigeria Ltd,Femi Wada,Corporate,Lagos,09018246900,femi.wada@businessng.com,0,Net 14,2022-09-18,Yes
CUST-00726,Future Ltd,Segun Adeniyi,Corporate,Lagos,09074971899,segun.adeniyi@gmail.com,500000,Net 30,2022-04-14,Yes
CUST-00727,Star Ltd,Peace Aliyu,Corporate,Abuja,07062090992,peace.aliyu@businessng.com,50000,Immediate,2022-07-02,Yes
CUST-00728,Platinum Nigeria Ltd,Ibrahim Falode,SME,Lagos,08111936000,ibrahim.falode@platinumni.com.ng,0,Net 14,2022-10-07,Yes
CUST-00729,Chioma Falode,Chioma Falode,Individual,Abuja,08161177948,chioma.falode@hotmail.com,250000,Net 30,2022-06-17,Yes
CUST-00730,Umar Fadipe,Umar Fadipe,Individual,Lagos,09019677392,umar.fadipe@outlook.com,500000,Net 7,2018-08-10,Yes
CUST-00731,Elite Ventures,Bashir Lawal,Corporate,Lagos,08119537891,bashir.lawal@outlook.com,100000,Net 30,2020-09-12,No
CUST-00732,Prime Ltd,Funmilayo Chukwu,Corporate,Lagos,07038312318,funmilayo.chukwu@primeltd.com.ng,1000000,Net 14,2019-09-30,Yes
CUST-00733,Future Solutions,Rotimi Adeniyi,Corporate,Abuja,08039685239,rotimi.adeniyi@futuresolu.com.ng,1000000,Net 7,2018-04-28,Yes
CUST-00734,Elite Global Ltd,Ngozi Shehu,Corporate,Lagos,07064176859,ngozi.shehu@tradingco.ng,250000,Net 30,2021-05-13,Yes
CUST-00735,Heritage Holdings,Peace Olatunji,Corporate,Lagos,08132759055,peace.olatunji@hotmail.com,0,Net 30,2019-03-26,Yes
CUST-00736,Global Global Ltd,Blessing Obi,SME,Abuja,07067306753,blessing.obi@yahoo.com,250000,Net 7,2022-08-19,Yes
CUST-00737,Apex Trading Co,Chidinma Osei,Corporate,Lagos,08135875059,chidinma.osei@hotmail.com,50000,Net 14,2018-03-31,Yes
CUST-00738,National Solutions,Tosin Musa,Corporate,Ibadan,08136701191,tosin.musa@businessng.com,500000,Net 7,2019-01-01,Yes
CUST-00739,Apex Enterprises,Gbenga Suleiman,Corporate,Abuja,08112861751,gbenga.suleiman@outlook.com,50000,Net 14,2020-07-23,Yes
CUST-00740,Platinum Nigeria Ltd,Bola Taiwo,Corporate,Lagos,08133194370,bola.taiwo@businessng.com,50000,Net 7,2020-12-26,Yes
CUST-00741,Federal Ltd,Hadiza Faleye,Corporate,Ibadan,08124172607,hadiza.faleye@businessng.com,500000,Net 14,2022-06-06,Yes
CUST-00742,Abuja Enterprises,Fatima Ibrahim,SME,Kano,08129203901,fatima.ibrahim@yahoo.com,1000000,Immediate,2022-05-26,Yes
CUST-00743,Central Group,Femi Ogundimu,Corporate,Abuja,09078789112,femi.ogundimu@yahoo.com,100000,Net 14,2020-12-12,Yes
CUST-00744,Abuja Ventures,Kike Ogundele,SME,Abuja,08111614121,kike.ogundele@yahoo.com,50000,Net 7,2020-07-14,Yes
CUST-00745,Diamond Ventures,Oluwatoyin Umar,Corporate,Lagos,07065270292,oluwatoyin.umar@diamondven.com.ng,0,Net 7,2022-03-20,Yes
CUST-00746,National Ventures,Titi Ogunleye,Corporate,Lagos,09019594331,titi.ogunleye@nationalve.com.ng,100000,Net 30,2020-07-12,Yes
CUST-00747,Vision Solutions,Lola Abdullahi,SME,Abuja,08034012613,lola.abdullahi@hotmail.com,50000,Net 14,2021-08-14,Yes
CUST-00748,Central Trading Co,Ifeoma Musa,SME,Port Harcourt,08065637641,ifeoma.musa@yahoo.com,0,Immediate,2018-05-27,Yes
CUST-00749,Elite Group,Kelechi Nwachukwu,Corporate,Lagos,07035604751,kelechi.nwachukwu@yahoo.com,1000000,Net 7,2022-10-18,No
CUST-00750,Kano Group,Chidinma Sanusi,Corporate,Abuja,08051199493,chidinma.sanusi@hotmail.com,1000000,Net 7,2022-11-08,Yes
CUST-00751,Bayo Agboola,Bayo Agboola,Individual,Lagos,09014921224,bayo.agboola@bayoagbool.com.ng,500000,Net 30,2022-01-19,Yes
CUST-00752,Platinum Holdings,Ifeoma Danjuma,Corporate,Lagos,09018549276,ifeoma.danjuma@businessng.com,500000,Immediate,2020-02-07,Yes
CUST-00753,Urban Group,Ibrahim Agbaje,Corporate,Lagos,08168032125,ibrahim.agbaje@hotmail.com,1000000,Net 30,2022-04-12,No
CUST-00754,Prime Enterprises,Hadiza Olayemi,Corporate,Lagos,07067557976,hadiza.olayemi@hotmail.com,50000,Net 30,2018-05-11,Yes
CUST-00755,Future Ventures,Abosede Adeniyi,Corporate,Abuja,08116111102,abosede.adeniyi@gmail.com,50000,Immediate,2021-10-14,Yes
CUST-00756,Babatunde Bakare,Babatunde Bakare,Individual,Kano,09011450275,babatunde.bakare@yahoo.com,50000,Immediate,2020-03-01,Yes
CUST-00757,Eagle Services Ltd,Bayo Musa,SME,Lagos,07069699518,bayo.musa@gmail.com,50000,Net 14,2022-10-27,Yes
CUST-00758,Silver Services Ltd,Toluwani Aliyu,Corporate,Ibadan,08067526217,toluwani.aliyu@businessng.com,50000,Net 7,2022-11-18,Yes
CUST-00759,Bisi Bakare,Bisi Bakare,Individual,Port Harcourt,09013663907,bisi.bakare@bisibakare.com.ng,500000,Net 14,2021-04-18,Yes
CUST-00760,Bright Services Ltd,Zainab Nwachukwu,Corporate,Lagos,08055141290,zainab.nwachukwu@brightserv.com.ng,100000,Net 30,2020-07-31,Yes
CUST-00761,Steel Group,Thompson Mensah,Corporate,Port Harcourt,07037561407,thompson.mensah@steelgroup.com.ng,50000,Net 30,2019-05-26,Yes
CUST-00762,Dynamic Ventures,Folake Akinwale,SME,Lagos,08051732568,folake.akinwale@yahoo.com,50000,Net 14,2021-07-10,Yes
CUST-00763,Ebunoluwa Osei,Ebunoluwa Osei,Individual,Ibadan,08169279347,ebunoluwa.osei@hotmail.com,500000,Immediate,2020-01-26,Yes
CUST-00764,Chukwudi Sanusi,Chukwudi Sanusi,Individual,Lagos,08058565450,chukwudi.sanusi@yahoo.com,100000,Net 7,2020-11-02,Yes
CUST-00765,Steel Holdings,Ngozi Osei,SME,Lagos,08054261550,ngozi.osei@hotmail.com,0,Immediate,2019-05-29,Yes
CUST-00766,Aliyu Taiwo,Aliyu Taiwo,Individual,Abuja,09018740286,aliyu.taiwo@gmail.com,0,Net 7,2022-01-01,Yes
CUST-00767,Swift Enterprises,Nnamdi Bakare,Corporate,Lagos,08122686363,nnamdi.bakare@yahoo.com,100000,Immediate,2020-12-30,No
CUST-00768,Toluwani Osei,Toluwani Osei,Individual,Ibadan,08035584412,toluwani.osei@yahoo.com,250000,Net 14,2018-12-31,Yes
CUST-00769,Iron Ltd,Fidelis Ogunwale,Corporate,Port Harcourt,09072724585,fidelis.ogunwale@hotmail.com,1000000,Net 14,2020-06-28,Yes
CUST-00770,Elite Global Ltd,Adewale Sanusi,Corporate,Abuja,08164355203,adewale.sanusi@gmail.com,0,Net 30,2018-02-27,Yes
CUST-00771,Abosede Kehinde,Abosede Kehinde,Individual,Lagos,08162620732,abosede.kehinde@businessng.com,1000000,Net 7,2022-01-22,Yes
CUST-00772,Vision Group,Aminu Ogundimu,Corporate,Kano,08114180079,aminu.ogundimu@visiongrou.com.ng,50000,Net 30,2020-05-26,Yes
CUST-00773,Vision Enterprises,Kunle Bello,Corporate,Lagos,08056305630,kunle.bello@gmail.com,250000,Net 7,2020-07-28,Yes
CUST-00774,Capital Ltd,Ismail Bakare,Corporate,Lagos,08167897060,ismail.bakare@outlook.com,500000,Net 30,2018-07-28,Yes
CUST-00775,Vision Holdings,Ade Bello,SME,Port Harcourt,08136570816,ade.bello@yahoo.com,1000000,Net 14,2022-10-10,Yes
CUST-00776,Iron Holdings,Nneka Wada,Corporate,Kano,08114899452,nneka.wada@ironholdin.com.ng,500000,Immediate,2019-04-22,Yes
CUST-00777,Ibrahim Chukwu,Ibrahim Chukwu,Individual,Abuja,08162331937,ibrahim.chukwu@gmail.com,50000,Net 14,2020-10-18,Yes
CUST-00778,Prime Global Ltd,Rotimi Akinwale,Corporate,Ibadan,08128444490,rotimi.akinwale@tradingco.ng,100000,Net 7,2019-07-24,Yes
CUST-00779,Kano Ltd,Uchenna Balogun,Corporate,Lagos,07066750028,uchenna.balogun@yahoo.com,50000,Immediate,2021-09-23,Yes
CUST-00780,Vision Enterprises,Bashir Akinwale,SME,Abuja,08111101379,bashir.akinwale@gmail.com,250000,Immediate,2019-01-30,Yes
CUST-00781,Dynamic Ventures,Kunle Fashola,Corporate,Kano,08164964626,kunle.fashola@dynamicven.com.ng,0,Net 30,2022-01-24,Yes
CUST-00782,Federal Holdings,Toluwani Agboola,Corporate,Lagos,08125177013,toluwani.agboola@outlook.com,100000,Net 30,2021-07-25,Yes
CUST-00783,Gold Holdings,Ronke Mensah,Corporate,Lagos,09018405061,ronke.mensah@hotmail.com,500000,Net 30,2022-04-07,Yes
CUST-00784,Platinum Nigeria Ltd,Ngozi Salami,Corporate,Ibadan,07033563536,ngozi.salami@platinumni.com.ng,1000000,Net 7,2019-06-11,Yes
CUST-00785,Diamond Trading Co,Ramatu Adegoke,Corporate,Kano,09012206947,ramatu.adegoke@outlook.com,50000,Net 30,2019-02-05,Yes
CUST-00786,Capital Services Ltd,Chukwuemeka Adeyemi,SME,Abuja,08057621123,chukwuemeka.adeyemi@tradingco.ng,100000,Net 30,2020-09-29,Yes
CUST-00787,Diamond Ventures,Aminu Abubakar,Corporate,Lagos,08168319864,aminu.abubakar@outlook.com,1000000,Net 14,2020-11-09,Yes
CUST-00788,Star Holdings,Chiamaka Yusuf,Corporate,Abuja,08165066006,chiamaka.yusuf@hotmail.com,0,Net 14,2021-07-16,Yes
CUST-00789,Bright Solutions,Blessing Taiwo,SME,Kano,09013472414,blessing.taiwo@outlook.com,50000,Net 7,2018-01-26,Yes
CUST-00790,Gold Ventures,Hassan Lawal,Corporate,Lagos,09074167928,hassan.lawal@hotmail.com,50000,Net 30,2019-06-02,Yes
CUST-00791,Diamond Ventures,Blessing Ogunwale,SME,Lagos,08052491048,blessing.ogunwale@gmail.com,1000000,Net 14,2022-07-26,Yes
CUST-00792,Heritage Ltd,Oluwatoyin Agbaje,Corporate,Lagos,09011026484,oluwatoyin.agbaje@gmail.com,0,Net 30,2020-12-11,Yes
CUST-00793,Dynamic Group,Bunmi Adekunle,Corporate,Lagos,08134322233,bunmi.adekunle@hotmail.com,50000,Immediate,2020-07-11,Yes
CUST-00794,Dynamic Global Ltd,Gbenga Nwachukwu,Corporate,Lagos,08058394229,gbenga.nwachukwu@tradingco.ng,500000,Immediate,2022-11-14,Yes
CUST-00795,Diamond Nigeria Ltd,Tunde Musa,Corporate,Lagos,08066740356,tunde.musa@gmail.com,500000,Net 7,2020-09-05,Yes
CUST-00796,Zenith Ventures,Chukwuemeka Ibrahim,Corporate,Lagos,08064541139,chukwuemeka.ibrahim@zenithvent.com.ng,0,Net 30,2021-05-19,Yes
CUST-00797,Toyin Adeniyi,Toyin Adeniyi,Individual,Lagos,08128205036,toyin.adeniyi@outlook.com,100000,Net 14,2019-10-08,Yes
CUST-00798,Star Group,Ebunoluwa Akintoye,Corporate,Lagos,08061051752,ebunoluwa.akintoye@hotmail.com,1000000,Net 30,2022-01-25,Yes
CUST-00799,Abuja Global Ltd,Bashir Aliyu,SME,Abuja,09018972523,bashir.aliyu@abujagloba.com.ng,250000,Net 7,2018-01-07,Yes
CUST-00800,Prime Group,Ngozi Fadahunsi,Corporate,Port Harcourt,09014918463,ngozi.fadahunsi@primegroup.com.ng,250000,Net 30,2022-02-22,Yes
CUST-00801,Crown Holdings,Bello Adekunle,SME,Lagos,08124272848,bello.adekunle@tradingco.ng,50000,Immediate,2018-09-19,Yes
CUST-00802,Steel Enterprises,Ibrahim Kehinde,SME,Abuja,08069089445,ibrahim.kehinde@tradingco.ng,500000,Net 7,2019-05-14,Yes
CUST-00803,Emmanuel Taiwo,Emmanuel Taiwo,Individual,Lagos,08068296300,emmanuel.taiwo@tradingco.ng,0,Net 7,2019-10-31,Yes
CUST-00804,Metro Nigeria Ltd,Temitope Agboola,Corporate,Port Harcourt,08139968148,temitope.agboola@tradingco.ng,1000000,Net 30,2018-07-05,Yes
CUST-00805,Temitope Olatunji,Temitope Olatunji,Individual,Kano,08066758373,temitope.olatunji@hotmail.com,1000000,Net 30,2021-09-01,Yes
CUST-00806,Royal Solutions,Temitope Obi,Corporate,Lagos,08062495511,temitope.obi@outlook.com,1000000,Net 7,2022-03-05,Yes
CUST-00807,Zenith Solutions,Titilayo Danjuma,Corporate,Lagos,08129985927,titilayo.danjuma@yahoo.com,250000,Net 30,2019-10-17,No
CUST-00808,National Nigeria Ltd,Adeola Balogun,Corporate,Abuja,08038727632,adeola.balogun@outlook.com,50000,Net 14,2022-09-11,Yes
CUST-00809,Kano Enterprises,Adeola Adegoke,Corporate,Ibadan,08111576194,adeola.adegoke@kanoenterp.com.ng,100000,Net 14,2020-10-25,Yes
CUST-00810,Metro Global Ltd,Sola Lawal,SME,Abuja,07037320122,sola.lawal@gmail.com,100000,Net 7,2022-08-23,Yes
CUST-00811,Star Enterprises,Akintunde Agboola,Corporate,Abuja,08056018095,akintunde.agboola@businessng.com,1000000,Net 7,2018-02-14,Yes
CUST-00812,Aisha Adekunle,Aisha Adekunle,Individual,Abuja,07067565976,aisha.adekunle@hotmail.com,0,Net 14,2019-08-02,Yes
CUST-00813,Crown Enterprises,Blessing Olawale,Corporate,Lagos,08121908038,blessing.olawale@businessng.com,1000000,Net 14,2020-07-26,Yes
CUST-00814,Metro Solutions,Abubakar Fashola,SME,Lagos,08164659722,abubakar.fashola@businessng.com,1000000,Net 7,2022-02-14,Yes
CUST-00815,Crown Enterprises,Suleiman Agboola,SME,Abuja,08053822312,suleiman.agboola@gmail.com,0,Net 14,2020-08-28,Yes
CUST-00816,Future Ventures,Kayode Ogundimu,SME,Abuja,08137777894,kayode.ogundimu@yahoo.com,0,Immediate,2019-05-09,Yes
CUST-00817,Dynamic Holdings,Ramatu Yusuf,SME,Ibadan,08112503425,ramatu.yusuf@businessng.com,250000,Net 30,2019-07-18,Yes
CUST-00818,Royal Nigeria Ltd,Bola Adeyemi,Corporate,Lagos,09019552160,bola.adeyemi@yahoo.com,0,Net 30,2019-07-15,Yes
CUST-00819,Diamond Services Ltd,Damilola Olayemi,Corporate,Port Harcourt,08056005706,damilola.olayemi@diamondser.com.ng,50000,Immediate,2019-10-29,Yes
CUST-00820,Hamisu Bakare,Hamisu Bakare,Individual,Lagos,08059999580,hamisu.bakare@businessng.com,500000,Net 30,2018-05-11,Yes
CUST-00821,Royal Enterprises,Emmanuel Salami,Corporate,Kano,08131089321,emmanuel.salami@royalenter.com.ng,250000,Net 14,2018-09-09,Yes
CUST-00822,Swift Nigeria Ltd,Abubakar Eze,SME,Kano,07031587291,abubakar.eze@gmail.com,0,Net 14,2020-01-15,Yes
CUST-00823,Federal Solutions,Ngozi Taiwo,Corporate,Lagos,09075922381,ngozi.taiwo@tradingco.ng,500000,Net 30,2018-10-14,Yes
CUST-00824,Power Ventures,Jumoke Danjuma,SME,Kano,09074520522,jumoke.danjuma@tradingco.ng,0,Immediate,2019-05-01,Yes
CUST-00825,Unity Ventures,Rotimi Umar,Corporate,Kano,08167024113,rotimi.umar@outlook.com,50000,Net 30,2018-06-02,Yes
CUST-00826,Swift Holdings,Hauwa Akinwale,SME,Abuja,08065264422,hauwa.akinwale@tradingco.ng,250000,Net 7,2021-01-02,Yes
CUST-00827,Elite Group,Ahmed Agboola,Corporate,Kano,08119580328,ahmed.agboola@elitegroup.com.ng,50000,Net 30,2022-08-10,Yes
CUST-00828,Federal Nigeria Ltd,Bisi Akinwale,Corporate,Lagos,08069916589,bisi.akinwale@gmail.com,1000000,Net 30,2018-05-16,Yes
CUST-00829,Suleiman Wada,Suleiman Wada,Individual,Lagos,08134787716,suleiman.wada@outlook.com,0,Immediate,2020-02-12,Yes
CUST-00830,Dynamic Trading Co,Chioma Balogun,Corporate,Ibadan,07039214437,chioma.balogun@gmail.com,500000,Net 14,2021-12-05,Yes
CUST-00831,Crown Ltd,Joy Garba,SME,Lagos,07067535788,joy.garba@yahoo.com,100000,Net 30,2020-09-03,Yes
CUST-00832,Ade Adeyemi,Ade Adeyemi,Individual,Kano,08133120109,ade.adeyemi@yahoo.com,250000,Net 14,2018-04-19,No
CUST-00833,Silver Services Ltd,Kike Sanusi,Corporate,Lagos,09016939158,kike.sanusi@businessng.com,250000,Net 14,2019-07-19,Yes
CUST-00834,Heritage Holdings,Ibrahim Fadahunsi,Corporate,Ibadan,07062512308,ibrahim.fadahunsi@tradingco.ng,0,Immediate,2022-02-03,Yes
CUST-00835,Summit Solutions,Femi Olatunji,Corporate,Kano,09011179426,femi.olatunji@hotmail.com,1000000,Net 7,2020-09-09,Yes
CUST-00836,Elite Ltd,Hamisu Adeyemi,SME,Port Harcourt,08059964482,hamisu.adeyemi@tradingco.ng,100000,Net 7,2022-02-22,Yes
CUST-00837,National Enterprises,Bashir Adebayo,Corporate,Lagos,07063236718,bashir.adebayo@nationalen.com.ng,100000,Immediate,2020-05-15,Yes
CUST-00838,Future Global Ltd,Toluwani Abdullahi,Corporate,Kano,08065866478,toluwani.abdullahi@outlook.com,250000,Net 14,2019-06-27,Yes
CUST-00839,Gold Global Ltd,Thompson Fadahunsi,SME,Lagos,08119649141,thompson.fadahunsi@businessng.com,0,Net 30,2021-06-19,Yes
CUST-00840,Steel Group,Bello Adeyemi,SME,Lagos,07062797914,bello.adeyemi@gmail.com,100000,Net 7,2020-04-03,Yes
CUST-00841,Elite Nigeria Ltd,Segun Adekunle,SME,Kano,09073578837,segun.adekunle@hotmail.com,0,Net 30,2018-01-15,Yes
CUST-00842,Capital Solutions,Temitope Adeniyi,Corporate,Abuja,08054056507,temitope.adeniyi@capitalsol.com.ng,100000,Immediate,2020-06-17,Yes
CUST-00843,Platinum Ltd,Toluwani Fashola,Corporate,Abuja,08162856661,toluwani.fashola@yahoo.com,100000,Immediate,2018-10-01,Yes
CUST-00844,Elite Services Ltd,Aisha Abubakar,Corporate,Port Harcourt,07032993004,aisha.abubakar@hotmail.com,250000,Net 30,2022-06-27,Yes
CUST-00845,Aliyu Salami,Aliyu Salami,Individual,Ibadan,08059419789,aliyu.salami@tradingco.ng,1000000,Net 30,2018-09-27,Yes
CUST-00846,Bright Group,Damilola Okonkwo,Corporate,Abuja,08034967894,damilola.okonkwo@gmail.com,1000000,Net 14,2020-05-29,Yes
CUST-00847,Kano Services Ltd,Ngozi Adeniyi,Corporate,Lagos,08055156509,ngozi.adeniyi@kanoservic.com.ng,50000,Net 7,2019-05-26,Yes
CUST-00848,Iyanuoluwa Suleiman,Iyanuoluwa Suleiman,Individual,Lagos,08118200092,iyanuoluwa.suleiman@yahoo.com,250000,Immediate,2021-12-06,No
CUST-00849,Bright Global Ltd,Tosin Olayemi,SME,Lagos,08137732414,tosin.olayemi@gmail.com,100000,Net 7,2018-10-27,Yes
CUST-00850,Star Holdings,Nuhu Nwachukwu,Corporate,Abuja,09076141309,nuhu.nwachukwu@tradingco.ng,1000000,Net 7,2019-03-31,Yes
CUST-00851,Platinum Ltd,Ronke Ibrahim,SME,Lagos,08065517199,ronke.ibrahim@outlook.com,100000,Net 14,2021-12-28,Yes
CUST-00852,Prime Ltd,Aliyu Ibrahim,Corporate,Lagos,08116396217,aliyu.ibrahim@yahoo.com,100000,Net 30,2019-07-28,Yes
CUST-00853,Urban Group,Ngozi Okafor,Corporate,Lagos,07032871139,ngozi.okafor@gmail.com,1000000,Immediate,2021-10-30,Yes
CUST-00854,Umar Abdullahi,Umar Abdullahi,Individual,Abuja,08129872833,umar.abdullahi@umarabdull.com.ng,100000,Net 7,2021-08-24,Yes
CUST-00855,Crown Enterprises,Sadiq Akinwale,Corporate,Port Harcourt,08123019210,sadiq.akinwale@gmail.com,500000,Net 7,2019-01-31,Yes
CUST-00856,Future Solutions,Chioma Osei,SME,Ibadan,09014388982,chioma.osei@futuresolu.com.ng,1000000,Net 7,2018-03-31,Yes
CUST-00857,Aminu Olawale,Aminu Olawale,Individual,Lagos,09076827390,aminu.olawale@outlook.com,250000,Immediate,2020-06-12,Yes
CUST-00858,Apex Enterprises,Lola Ogunleye,SME,Kano,07033163157,lola.ogunleye@outlook.com,0,Immediate,2022-06-15,Yes
CUST-00859,Urban Trading Co,Thompson Bakare,Corporate,Kano,08063776934,thompson.bakare@hotmail.com,500000,Net 30,2021-02-25,No
CUST-00860,Global Enterprises,Sade Faleye,Corporate,Lagos,08134654207,sade.faleye@globalente.com.ng,1000000,Immediate,2022-12-06,Yes
CUST-00861,Blessing Lawal,Blessing Lawal,Individual,Kano,07036090377,blessing.lawal@businessng.com,50000,Net 14,2021-12-21,Yes
CUST-00862,Federal Solutions,Femi Obi,Corporate,Lagos,08113485367,femi.obi@outlook.com,50000,Net 14,2022-11-24,Yes
CUST-00863,Royal Ltd,Abiodun Eze,SME,Port Harcourt,07067192640,abiodun.eze@outlook.com,0,Net 14,2022-01-18,Yes
CUST-00864,Star Ltd,Precious Musa,Corporate,Abuja,08165692416,precious.musa@yahoo.com,100000,Immediate,2021-01-05,Yes
CUST-00865,Monday Agbaje,Monday Agbaje,Individual,Abuja,08115317535,monday.agbaje@businessng.com,1000000,Net 7,2022-07-31,Yes
CUST-00866,Gold Enterprises,Aliyu Garba,Corporate,Abuja,08168279693,aliyu.garba@outlook.com,50000,Net 30,2018-07-11,Yes
CUST-00867,Elite Ventures,Obiora Okafor,Corporate,Abuja,08135731917,obiora.okafor@gmail.com,100000,Net 7,2018-12-30,Yes
CUST-00868,Platinum Global Ltd,Emeka Tinubu,Corporate,Abuja,08117752901,emeka.tinubu@gmail.com,1000000,Net 7,2022-01-28,No
CUST-00869,Diamond Ltd,Bashir Bello,Corporate,Lagos,08031733836,bashir.bello@yahoo.com,50000,Immediate,2019-07-03,Yes
CUST-00870,Future Nigeria Ltd,Damilola Adeyemi,Corporate,Lagos,08139060201,damilola.adeyemi@businessng.com,500000,Net 30,2022-07-29,Yes
CUST-00871,Federal Ltd,Aisha Adeniyi,Corporate,Kano,07033064864,aisha.adeniyi@gmail.com,0,Immediate,2021-01-20,Yes
CUST-00872,Zenith Global Ltd,Chukwudi Adewale,Corporate,Lagos,08168166143,chukwudi.adewale@hotmail.com,50000,Net 14,2021-09-04,Yes
CUST-00873,Fidelis Akinwale,Fidelis Akinwale,Individual,Port Harcourt,08069251380,fidelis.akinwale@yahoo.com,0,Net 7,2018-07-28,Yes
CUST-00874,Royal Group,Nneka Falode,Corporate,Lagos,08033535087,nneka.falode@yahoo.com,250000,Net 14,2021-05-13,Yes
CUST-00875,Oluwakemi Taiwo,Oluwakemi Taiwo,Individual,Lagos,08125815154,oluwakemi.taiwo@outlook.com,0,Net 14,2020-10-19,Yes
CUST-00876,Hauwa Badmus,Hauwa Badmus,Individual,Lagos,08033493814,hauwa.badmus@businessng.com,1000000,Net 7,2019-10-18,Yes
CUST-00877,Eagle Nigeria Ltd,Titi Agboola,SME,Kano,08055672054,titi.agboola@yahoo.com,0,Net 14,2018-09-19,Yes
CUST-00878,Platinum Services Ltd,Khadija Danjuma,SME,Port Harcourt,08056594616,khadija.danjuma@yahoo.com,1000000,Net 7,2020-02-24,Yes
CUST-00879,National Holdings,Mercy Ogunwale,SME,Lagos,08128077313,mercy.ogunwale@nationalho.com.ng,500000,Net 7,2021-12-10,Yes
CUST-00880,Apex Group,Suleiman Adeyemi,Corporate,Kano,09013241313,suleiman.adeyemi@gmail.com,0,Net 14,2020-01-10,No
CUST-00881,Silver Global Ltd,Musa Adegoke,Corporate,Lagos,08161937270,musa.adegoke@tradingco.ng,50000,Immediate,2021-11-25,Yes
CUST-00882,Platinum Group,Garba Agboola,Corporate,Lagos,08062237660,garba.agboola@hotmail.com,500000,Net 7,2018-03-03,Yes
CUST-00883,Eagle Ltd,Oluwakemi Mensah,Corporate,Kano,08053511838,oluwakemi.mensah@businessng.com,50000,Net 30,2022-03-03,Yes
CUST-00884,Ronke Adewale,Ronke Adewale,Individual,Lagos,09011221617,ronke.adewale@outlook.com,0,Net 7,2018-05-03,Yes
CUST-00885,Central Enterprises,Bashir Salami,Corporate,Lagos,08058107177,bashir.salami@tradingco.ng,250000,Net 14,2021-03-17,Yes
CUST-00886,Swift Solutions,Kike Obi,Corporate,Lagos,09077334410,kike.obi@yahoo.com,1000000,Net 7,2020-03-31,Yes
CUST-00887,Eagle Services Ltd,Bayo Akintoye,Corporate,Abuja,07067796448,bayo.akintoye@businessng.com,250000,Net 7,2018-04-22,Yes
CUST-00888,Crown Nigeria Ltd,Abosede Garba,Corporate,Abuja,08126628280,abosede.garba@gmail.com,50000,Net 14,2018-11-30,Yes
CUST-00889,Zenith Solutions,Emeka Eze,SME,Lagos,09074384399,emeka.eze@tradingco.ng,0,Net 7,2019-07-06,Yes
CUST-00890,Prime Ltd,Abubakar Balogun,SME,Lagos,08066177530,abubakar.balogun@gmail.com,100000,Net 14,2020-03-26,Yes
CUST-00891,Power Enterprises,Aliyu Salami,Corporate,Port Harcourt,08112633762,aliyu.salami@outlook.com,250000,Immediate,2020-10-25,No
CUST-00892,Metro Ventures,Olumide Olayemi,Corporate,Lagos,07033704873,olumide.olayemi@yahoo.com,1000000,Net 30,2018-06-11,Yes
CUST-00893,Bright Enterprises,Victor Obi,Corporate,Abuja,09079779300,victor.obi@businessng.com,100000,Net 30,2022-05-28,Yes
CUST-00894,Platinum Ltd,Maryam Abdullahi,SME,Port Harcourt,08117503423,maryam.abdullahi@yahoo.com,50000,Immediate,2018-11-09,Yes
CUST-00895,Bright Solutions,Chioma Badmus,Corporate,Kano,08069370358,chioma.badmus@gmail.com,250000,Net 14,2018-12-14,Yes
CUST-00896,Capital Group,Emeka Garba,SME,Lagos,08064006246,emeka.garba@tradingco.ng,250000,Net 14,2020-08-27,Yes
CUST-00897,Urban Ltd,Chinyere Fashola,Corporate,Abuja,07037726643,chinyere.fashola@hotmail.com,500000,Net 7,2020-06-21,Yes
CUST-00898,Bola Mensah,Bola Mensah,Individual,Abuja,09078551295,bola.mensah@outlook.com,1000000,Immediate,2021-06-25,Yes
CUST-00899,Zenith Enterprises,Thompson Balogun,Corporate,Lagos,07037305241,thompson.balogun@yahoo.com,500000,Net 30,2022-10-15,Yes
CUST-00900,Garba Adegoke,Garba Adegoke,Individual,Lagos,07068816129,garba.adegoke@hotmail.com,1000000,Net 30,2018-08-12,Yes
CUST-00901,Platinum Global Ltd,Monday Bello,Corporate,Abuja,07062081652,monday.bello@outlook.com,100000,Net 30,2019-03-12,Yes
CUST-00902,Prime Trading Co,Adaora Garba,SME,Lagos,09013441316,adaora.garba@tradingco.ng,50000,Net 14,2021-03-09,Yes
CUST-00903,Platinum Services Ltd,Amaka Badmus,Corporate,Lagos,08034548261,amaka.badmus@businessng.com,0,Net 30,2019-07-07,Yes
CUST-00904,Abuja Holdings,Tunde Tinubu,Corporate,Lagos,07038573586,tunde.tinubu@businessng.com,250000,Net 7,2021-10-03,Yes
CUST-00905,Platinum Group,Oluwaseun Ibrahim,Corporate,Ibadan,07033760410,oluwaseun.ibrahim@yahoo.com,100000,Net 30,2020-09-13,Yes
CUST-00906,Diamond Ltd,Blessing Adekunle,Corporate,Kano,08124331283,blessing.adekunle@gmail.com,1000000,Net 7,2019-10-26,Yes
CUST-00907,Bright Services Ltd,Chidinma Tinubu,SME,Lagos,08067818036,chidinma.tinubu@outlook.com,500000,Immediate,2020-07-11,Yes
CUST-00908,Prime Global Ltd,Chiamaka Olayemi,Corporate,Ibadan,08168049385,chiamaka.olayemi@tradingco.ng,500000,Net 7,2021-05-15,Yes
CUST-00909,Zenith Group,Bello Eze,Corporate,Abuja,08036065787,bello.eze@outlook.com,500000,Immediate,2021-12-03,Yes
CUST-00910,Power Trading Co,Lola Adewale,Corporate,Abuja,09076634235,lola.adewale@gmail.com,50000,Net 30,2020-05-27,Yes
CUST-00911,Platinum Holdings,Yusuf Faleye,Corporate,Lagos,08118339925,yusuf.faleye@tradingco.ng,100000,Immediate,2018-06-29,Yes
CUST-00912,Silver Nigeria Ltd,Hassan Okonkwo,SME,Abuja,08122672723,hassan.okonkwo@tradingco.ng,250000,Immediate,2021-09-29,Yes
CUST-00913,Oluwatoyin Obi,Oluwatoyin Obi,Individual,Abuja,09077393458,oluwatoyin.obi@gmail.com,50000,Net 30,2018-09-12,Yes
CUST-00914,Gold Ltd,Lola Bakare,SME,Abuja,08169515457,lola.bakare@outlook.com,100000,Net 14,2019-09-22,Yes
CUST-00915,Zenith Ltd,Chukwuemeka Adewale,Corporate,Lagos,07069706758,chukwuemeka.adewale@businessng.com,1000000,Net 14,2019-11-18,Yes
CUST-00916,Elite Ventures,Fatima Olawale,Corporate,Port Harcourt,08051865385,fatima.olawale@businessng.com,500000,Net 30,2018-09-21,Yes
CUST-00917,Vision Trading Co,Bunmi Okafor,Corporate,Lagos,08054875025,bunmi.okafor@gmail.com,1000000,Net 7,2020-10-29,Yes
CUST-00918,Swift Group,Chiamaka Suleiman,SME,Lagos,08062564733,chiamaka.suleiman@gmail.com,250000,Immediate,2021-07-11,No
CUST-00919,Olumide Falode,Olumide Falode,Individual,Kano,08067415688,olumide.falode@gmail.com,1000000,Net 7,2020-07-18,Yes
CUST-00920,National Solutions,Funmilayo Chukwu,SME,Lagos,09075114686,funmilayo.chukwu@tradingco.ng,250000,Net 14,2021-09-12,Yes
CUST-00921,Apex Ventures,Ifeoma Tinubu,SME,Lagos,08068702884,ifeoma.tinubu@apexventur.com.ng,0,Immediate,2018-10-18,Yes
CUST-00922,Urban Group,Funmilayo Mensah,Corporate,Lagos,08052688991,funmilayo.mensah@hotmail.com,0,Net 30,2018-05-31,Yes
CUST-00923,Diamond Group,Kunle Kehinde,Corporate,Port Harcourt,09013702870,kunle.kehinde@yahoo.com,100000,Immediate,2019-01-01,Yes
CUST-00924,Metro Ventures,Kayode Wada,Corporate,Kano,09071084130,kayode.wada@yahoo.com,500000,Net 14,2018-09-07,Yes
CUST-00925,Central Enterprises,Kelechi Okonkwo,SME,Lagos,07062925830,kelechi.okonkwo@yahoo.com,0,Net 14,2018-10-11,Yes
CUST-00926,Abuja Solutions,Monday Yusuf,Corporate,Abuja,08162542997,monday.yusuf@outlook.com,1000000,Net 14,2020-08-14,No
CUST-00927,Elite Solutions,Bisi Ogundimu,Corporate,Lagos,08165715786,bisi.ogundimu@hotmail.com,0,Net 14,2018-12-06,Yes
CUST-00928,Abuja Group,Bisi Adebayo,Corporate,Kano,08067426442,bisi.adebayo@hotmail.com,50000,Net 14,2020-02-05,Yes
CUST-00929,Central Solutions,Chidi Adesanya,Corporate,Kano,08055923669,chidi.adesanya@centralsol.com.ng,1000000,Net 14,2020-03-26,Yes
CUST-00930,Platinum Enterprises,Gbenga Badmus,Corporate,Abuja,08162218702,gbenga.badmus@yahoo.com,1000000,Net 14,2020-02-01,Yes
CUST-00931,Zenith Group,Adaora Adeyemi,Corporate,Lagos,09016394902,adaora.adeyemi@yahoo.com,500000,Immediate,2020-02-29,Yes
CUST-00932,Abuja Ventures,Uchenna Eze,Corporate,Port Harcourt,08068075793,uchenna.eze@tradingco.ng,250000,Net 14,2022-07-24,Yes
CUST-00933,Urban Ltd,Tosin Ibrahim,SME,Lagos,08053000834,tosin.ibrahim@gmail.com,250000,Net 7,2021-05-16,Yes
CUST-00934,Kano Ltd,Fatima Olatunji,Corporate,Port Harcourt,08121077963,fatima.olatunji@hotmail.com,100000,Net 7,2022-09-20,Yes
CUST-00935,Future Ltd,Kelechi Ogunleye,Corporate,Lagos,09012595845,kelechi.ogunleye@businessng.com,250000,Net 14,2019-07-17,Yes
CUST-00936,Vision Services Ltd,Sade Mensah,SME,Kano,08037598940,sade.mensah@outlook.com,1000000,Net 30,2020-10-07,Yes
CUST-00937,Crown Ltd,Oluwaseun Abdullahi,SME,Lagos,08031174416,oluwaseun.abdullahi@yahoo.com,0,Net 14,2022-10-31,Yes
CUST-00938,Elite Group,Temitope Adesanya,Corporate,Kano,08031880652,temitope.adesanya@outlook.com,0,Immediate,2018-04-09,Yes
CUST-00939,Ade Wada,Ade Wada,Individual,Kano,08055528372,ade.wada@tradingco.ng,50000,Net 7,2021-04-09,Yes
CUST-00940,Silver Services Ltd,Biodun Danjuma,Corporate,Port Harcourt,08069753742,biodun.danjuma@silverserv.com.ng,50000,Net 30,2021-09-16,Yes
CUST-00941,Hadiza Sanusi,Hadiza Sanusi,Individual,Abuja,08162540137,hadiza.sanusi@outlook.com,100000,Immediate,2019-12-24,Yes
CUST-00942,Ismail Fadipe,Ismail Fadipe,Individual,Lagos,08062260713,ismail.fadipe@hotmail.com,0,Net 7,2018-01-27,Yes
CUST-00943,Elite Services Ltd,Obiora Bakare,Corporate,Lagos,07064500758,obiora.bakare@businessng.com,500000,Net 14,2022-04-07,Yes
CUST-00944,Crown Enterprises,Chinyere Tinubu,SME,Lagos,07067468887,chinyere.tinubu@hotmail.com,500000,Net 7,2022-05-17,Yes
CUST-00945,Swift Solutions,Emeka Garba,Corporate,Kano,08112712355,emeka.garba@yahoo.com,250000,Immediate,2022-03-06,Yes
CUST-00946,Abuja Ltd,Olumide Adegoke,Corporate,Abuja,08119906779,olumide.adegoke@hotmail.com,100000,Net 14,2018-08-31,Yes
CUST-00947,Bright Holdings,Bello Adekunle,Corporate,Abuja,08059521598,bello.adekunle@outlook.com,0,Net 30,2019-07-13,Yes
CUST-00948,Platinum Global Ltd,Adewale Fadipe,Corporate,Lagos,08167756052,adewale.fadipe@yahoo.com,500000,Net 14,2020-12-20,Yes
CUST-00949,Star Global Ltd,Grace Adekunle,Corporate,Lagos,08162932532,grace.adekunle@gmail.com,0,Net 14,2019-05-04,Yes
CUST-00950,Gold Holdings,Sola Obi,SME,Abuja,08064689113,sola.obi@tradingco.ng,1000000,Net 14,2020-10-11,Yes
CUST-00951,Kano Ventures,Damilola Eze,Corporate,Lagos,08032581127,damilola.eze@yahoo.com,500000,Net 30,2022-02-22,Yes
CUST-00952,Femi Danjuma,Femi Danjuma,Individual,Lagos,08134143117,femi.danjuma@outlook.com,250000,Net 7,2018-01-27,Yes
CUST-00953,Dynamic Solutions,Bisi Wada,Corporate,Lagos,08131163307,bisi.wada@dynamicsol.com.ng,100000,Net 30,2021-04-09,Yes
CUST-00954,Prime Ltd,Fatima Adeniyi,Corporate,Kano,08115876441,fatima.adeniyi@businessng.com,50000,Net 7,2022-03-27,Yes
CUST-00955,Segun Umar,Segun Umar,Individual,Lagos,09019231939,segun.umar@tradingco.ng,100000,Net 14,2021-09-20,Yes
CUST-00956,Power Solutions,Bola Adegoke,Corporate,Port Harcourt,07069687763,bola.adegoke@businessng.com,1000000,Net 30,2018-08-19,Yes
CUST-00957,Bright Group,Rotimi Adewale,Corporate,Abuja,08035099811,rotimi.adewale@brightgrou.com.ng,1000000,Net 30,2020-01-07,Yes
CUST-00958,Crown Solutions,Tosin Akinwale,SME,Port Harcourt,08118537488,tosin.akinwale@crownsolut.com.ng,50000,Net 14,2021-10-22,Yes
CUST-00959,Abuja Solutions,Sade Olayemi,Corporate,Lagos,08039725456,sade.olayemi@tradingco.ng,100000,Immediate,2020-06-06,Yes
CUST-00960,Urban Enterprises,Maryam Aliyu,Corporate,Abuja,08113520403,maryam.aliyu@urbanenter.com.ng,100000,Net 7,2019-09-14,Yes
CUST-00961,Zenith Services Ltd,Nneka Badmus,Corporate,Lagos,08165748242,nneka.badmus@businessng.com,500000,Immediate,2018-04-19,Yes
CUST-00962,Zenith Ltd,Chidinma Adekunle,Corporate,Lagos,08136875686,chidinma.adekunle@outlook.com,500000,Net 7,2018-06-26,Yes
CUST-00963,Platinum Ventures,Oluwakemi Agboola,Corporate,Lagos,07034671824,oluwakemi.agboola@gmail.com,250000,Net 14,2019-05-25,Yes
CUST-00964,Lagos Solutions,Bisi Akintoye,Corporate,Kano,07033907524,bisi.akintoye@lagossolut.com.ng,250000,Net 14,2022-07-06,Yes
CUST-00965,Lagos Enterprises,Fidelis Sanusi,Corporate,Abuja,09074347443,fidelis.sanusi@outlook.com,100000,Immediate,2019-09-01,Yes
CUST-00966,Platinum Nigeria Ltd,Mercy Okafor,Corporate,Lagos,09078413874,mercy.okafor@tradingco.ng,100000,Net 14,2020-08-17,Yes
CUST-00967,Steel Ltd,Folake Adewale,Corporate,Kano,08038061842,folake.adewale@gmail.com,50000,Net 14,2022-05-31,Yes
CUST-00968,Kano Ltd,Titilayo Falode,SME,Ibadan,08053112852,titilayo.falode@hotmail.com,1000000,Immediate,2020-08-05,No
CUST-00969,Abuja Nigeria Ltd,Amaka Mensah,Corporate,Lagos,08122634085,amaka.mensah@businessng.com,100000,Net 30,2021-11-15,Yes
CUST-00970,Central Ltd,Kayode Agbaje,SME,Port Harcourt,08169661473,kayode.agbaje@yahoo.com,500000,Net 30,2018-10-07,Yes
CUST-00971,Zenith Services Ltd,Ibrahim Fadahunsi,Corporate,Kano,08162924495,ibrahim.fadahunsi@gmail.com,0,Net 7,2021-05-21,Yes
CUST-00972,Metro Ltd,Dele Eze,Corporate,Abuja,09017555091,dele.eze@gmail.com,0,Net 14,2020-04-08,Yes
CUST-00973,Lagos Ventures,Abiodun Chukwu,SME,Port Harcourt,09013066894,abiodun.chukwu@hotmail.com,50000,Immediate,2019-01-14,Yes
CUST-00974,Femi Ogundimu,Femi Ogundimu,Individual,Port Harcourt,09074361332,femi.ogundimu@hotmail.com,250000,Net 14,2019-08-16,Yes
CUST-00975,Abuja Holdings,Sadiq Ogundele,Corporate,Abuja,08068784019,sadiq.ogundele@hotmail.com,250000,Net 7,2018-02-27,Yes
CUST-00976,Zenith Ventures,Adaora Olatunji,Corporate,Lagos,08038457126,adaora.olatunji@gmail.com,100000,Net 7,2020-08-16,No
CUST-00977,Power Trading Co,Zainab Adeyemi,Corporate,Abuja,08166852464,zainab.adeyemi@tradingco.ng,500000,Net 30,2020-11-16,Yes
CUST-00978,Future Services Ltd,Hassan Tinubu,Corporate,Port Harcourt,08135669772,hassan.tinubu@businessng.com,1000000,Net 14,2020-03-17,Yes
CUST-00979,Dynamic Ventures,Yetunde Adeniyi,SME,Port Harcourt,09079815318,yetunde.adeniyi@outlook.com,50000,Net 14,2021-04-20,Yes
CUST-00980,Eagle Ltd,Peace Falode,Corporate,Lagos,08134887353,peace.falode@gmail.com,1000000,Immediate,2020-10-19,Yes
CUST-00981,Federal Nigeria Ltd,Hadiza Salami,Corporate,Lagos,08058047372,hadiza.salami@gmail.com,0,Net 14,2018-08-23,Yes
CUST-00982,Apex Enterprises,Chidi Salami,Corporate,Lagos,08068541520,chidi.salami@hotmail.com,50000,Net 7,2019-02-05,Yes
CUST-00983,National Global Ltd,Titi Kehinde,Corporate,Ibadan,08138282368,titi.kehinde@businessng.com,500000,Net 7,2018-06-26,Yes
CUST-00984,Global Ltd,Ahmed Taiwo,Corporate,Lagos,08037032432,ahmed.taiwo@businessng.com,250000,Immediate,2019-11-29,Yes
CUST-00985,Metro Trading Co,Abosede Eze,SME,Abuja,07063313134,abosede.eze@businessng.com,0,Net 30,2020-05-25,Yes
CUST-00986,Unity Trading Co,Nneka Olatunji,Corporate,Lagos,08062978495,nneka.olatunji@hotmail.com,50000,Immediate,2021-05-16,Yes
CUST-00987,Lagos Holdings,Ngozi Obi,Corporate,Port Harcourt,07062140059,ngozi.obi@businessng.com,50000,Net 14,2018-06-03,Yes
CUST-00988,Central Solutions,Akintunde Ogunleye,SME,Abuja,08121950399,akintunde.ogunleye@centralsol.com.ng,1000000,Immediate,2021-04-08,Yes
CUST-00989,Future Holdings,Chinyere Okonkwo,Corporate,Lagos,08166612670,chinyere.okonkwo@businessng.com,0,Net 7,2019-02-23,Yes
CUST-00990,Urban Nigeria Ltd,Ebunoluwa Ibrahim,Corporate,Kano,08121593277,ebunoluwa.ibrahim@outlook.com,0,Net 30,2021-05-10,No
CUST-00991,Abuja Ltd,Yusuf Adeniyi,Corporate,Lagos,08039331510,yusuf.adeniyi@abujaltd.com.ng,50000,Net 14,2020-06-02,Yes
CUST-00992,Apex Global Ltd,Temitope Okonkwo,Corporate,Kano,08127365080,temitope.okonkwo@tradingco.ng,1000000,Immediate,2021-02-05,Yes
CUST-00993,Unity Holdings,Garba Sanusi,Corporate,Port Harcourt,08053311404,garba.sanusi@gmail.com,250000,Immediate,2021-06-14,Yes
CUST-00994,Star Global Ltd,Abosede Wada,SME,Lagos,08061168605,abosede.wada@yahoo.com,250000,Immediate,2022-07-01,Yes
CUST-00995,Star Enterprises,Abiodun Ibrahim,Corporate,Abuja,08135741173,abiodun.ibrahim@gmail.com,100000,Net 14,2021-05-18,Yes
CUST-00996,Gold Services Ltd,Musa Fashola,SME,Port Harcourt,08062288554,musa.fashola@gmail.com,100000,Net 7,2020-10-10,Yes
CUST-00997,Temitope Adebayo,Temitope Adebayo,Individual,Lagos,07065910412,temitope.adebayo@businessng.com,1000000,Net 7,2020-12-14,Yes
CUST-00998,Crown Ltd,Jumoke Ogunwale,SME,Lagos,08059157211,jumoke.ogunwale@outlook.com,0,Net 7,2018-10-08,Yes
CUST-00999,Global Nigeria Ltd,Ibrahim Agbaje,SME,Abuja,08131601759,ibrahim.agbaje@yahoo.com,1000000,Net 30,2021-08-24,No
CUST-01000,Prime Solutions,Adaora Okonkwo,SME,Lagos,08127445414,adaora.okonkwo@outlook.com,0,Immediate,2019-07-26,Yes
CUST-01001,Diamond Services Ltd,Toyin Okonkwo,Corporate,Lagos,08164451578,toyin.okonkwo@hotmail.com,50000,Net 30,2020-12-26,Yes
CUST-01002,Adaeze Ogunwale,Adaeze Ogunwale,Individual,Lagos,08036640806,adaeze.ogunwale@businessng.com,100000,Net 7,2022-03-31,Yes
CUST-01003,Platinum Ltd,Bunmi Falode,SME,Lagos,09077511414,bunmi.falode@tradingco.ng,1000000,Net 14,2022-10-25,Yes
CUST-01004,Bisi Olatunji,Bisi Olatunji,Individual,Kano,09075363765,bisi.olatunji@yahoo.com,250000,Net 30,2022-03-08,Yes
CUST-01005,Chukwuemeka Garba,Chukwuemeka Garba,Individual,Lagos,08065193173,chukwuemeka.garba@businessng.com,500000,Net 14,2019-11-23,Yes
CUST-01006,Capital Solutions,Adaeze Falode,Corporate,Port Harcourt,07031207016,adaeze.falode@gmail.com,100000,Net 14,2022-09-09,Yes
CUST-01007,Iron Ltd,Chidi Adegoke,Corporate,Abuja,08037018384,chidi.adegoke@hotmail.com,1000000,Net 7,2020-04-16,Yes
CUST-01008,Vision Nigeria Ltd,Sola Falode,SME,Abuja,08135328638,sola.falode@businessng.com,100000,Net 14,2022-11-15,Yes
CUST-01009,Bright Ventures,Bayo Fadahunsi,Corporate,Port Harcourt,08034903596,bayo.fadahunsi@gmail.com,1000000,Immediate,2019-01-13,Yes
CUST-01010,National Ltd,Peace Danjuma,Corporate,Port Harcourt,07035319211,peace.danjuma@gmail.com,1000000,Net 14,2021-01-11,Yes
CUST-01011,Crown Nigeria Ltd,Bashir Chukwu,Corporate,Abuja,09012898888,bashir.chukwu@crownniger.com.ng,0,Net 7,2019-02-22,Yes
CUST-01012,Platinum Solutions,Adeola Adewale,Corporate,Lagos,08036478441,adeola.adewale@platinumso.com.ng,100000,Net 14,2020-04-15,Yes
CUST-01013,Apex Enterprises,Ronke Musa,SME,Abuja,08035880032,ronke.musa@yahoo.com,500000,Immediate,2018-08-06,Yes
CUST-01014,Central Ventures,Temitope Danjuma,SME,Port Harcourt,07064604898,temitope.danjuma@hotmail.com,500000,Immediate,2021-09-07,No
CUST-01015,Summit Nigeria Ltd,Garba Salami,SME,Lagos,08129447259,garba.salami@summitnige.com.ng,1000000,Net 30,2021-01-08,No
CUST-01016,Metro Trading Co,Akintunde Ogunleye,Corporate,Kano,09016317360,akintunde.ogunleye@outlook.com,50000,Net 14,2019-05-15,Yes
CUST-01017,National Services Ltd,Temitope Sanusi,Corporate,Lagos,08065044088,temitope.sanusi@hotmail.com,1000000,Net 30,2020-01-12,Yes
CUST-01018,Capital Services Ltd,Joy Ogundimu,Corporate,Kano,08168532433,joy.ogundimu@businessng.com,250000,Net 7,2021-03-12,Yes
CUST-01019,Godwin Adewale,Godwin Adewale,Individual,Kano,08113317607,godwin.adewale@godwinadew.com.ng,100000,Net 14,2019-12-01,Yes
CUST-01020,Central Enterprises,Tunde Adewale,Corporate,Kano,09014323637,tunde.adewale@yahoo.com,250000,Immediate,2018-12-08,Yes
CUST-01021,Metro Nigeria Ltd,Hauwa Salami,SME,Lagos,08038238024,hauwa.salami@gmail.com,1000000,Net 7,2018-05-30,Yes
CUST-01022,Gold Trading Co,Bisi Shehu,Corporate,Lagos,07032996986,bisi.shehu@outlook.com,100000,Immediate,2022-01-19,Yes
CUST-01023,Silver Services Ltd,Thompson Shehu,SME,Ibadan,08055853499,thompson.shehu@businessng.com,250000,Net 7,2022-02-11,Yes
CUST-01024,Capital Services Ltd,Rotimi Adeyemi,SME,Abuja,07068358269,rotimi.adeyemi@yahoo.com,500000,Net 14,2022-05-03,Yes
CUST-01025,Star Ventures,Ibrahim Ogundele,Corporate,Kano,09079526649,ibrahim.ogundele@businessng.com,250000,Net 14,2019-10-24,Yes
CUST-01026,Global Holdings,Funmilayo Tinubu,Corporate,Kano,07036274209,funmilayo.tinubu@gmail.com,100000,Net 14,2018-12-06,Yes
CUST-01027,National Enterprises,Zainab Ogundele,SME,Lagos,07032780388,zainab.ogundele@yahoo.com,1000000,Net 14,2018-10-16,Yes
CUST-01028,Yusuf Ogundimu,Yusuf Ogundimu,Individual,Lagos,08031666811,yusuf.ogundimu@yusufogund.com.ng,500000,Net 7,2018-01-14,Yes
CUST-01029,Platinum Services Ltd,Suleiman Eze,Corporate,Kano,08138614329,suleiman.eze@outlook.com,0,Immediate,2020-06-29,Yes
CUST-01030,Abuja Nigeria Ltd,Hauwa Mensah,Corporate,Abuja,08064731953,hauwa.mensah@tradingco.ng,0,Net 14,2018-11-17,Yes
CUST-01031,Central Nigeria Ltd,Zainab Adegoke,SME,Port Harcourt,07061643521,zainab.adegoke@hotmail.com,0,Net 14,2019-01-25,Yes
CUST-01032,Federal Enterprises,Ahmed Fadahunsi,Corporate,Kano,08054694503,ahmed.fadahunsi@tradingco.ng,50000,Net 14,2020-08-20,Yes
CUST-01033,Kano Enterprises,Funmilayo Agboola,SME,Lagos,08112488335,funmilayo.agboola@kanoenterp.com.ng,1000000,Net 7,2018-01-07,Yes
CUST-01034,Global Enterprises,Ifeanyi Olawale,SME,Lagos,08055413646,ifeanyi.olawale@globalente.com.ng,250000,Net 7,2021-07-30,Yes
CUST-01035,Heritage Global Ltd,Grace Taiwo,Corporate,Lagos,08119137955,grace.taiwo@hotmail.com,1000000,Net 30,2021-05-09,Yes
CUST-01036,Royal Solutions,Maryam Bello,Corporate,Abuja,09016459256,maryam.bello@yahoo.com,1000000,Net 30,2018-08-26,Yes
CUST-01037,Power Holdings,Hadiza Taiwo,Corporate,Port Harcourt,08139115789,hadiza.taiwo@businessng.com,250000,Net 30,2021-11-08,Yes
CUST-01038,Global Holdings,Musa Garba,SME,Lagos,09076422262,musa.garba@outlook.com,1000000,Net 14,2020-04-22,Yes
CUST-01039,Star Solutions,Bisi Akintoye,Corporate,Abuja,08166701595,bisi.akintoye@tradingco.ng,0,Net 14,2020-07-05,Yes
CUST-01040,Global Nigeria Ltd,Abubakar Adesanya,SME,Kano,08126531182,abubakar.adesanya@yahoo.com,500000,Immediate,2022-01-19,Yes
CUST-01041,Ifeoma Sanusi,Ifeoma Sanusi,Individual,Lagos,07062064762,ifeoma.sanusi@tradingco.ng,0,Net 7,2020-01-12,Yes
CUST-01042,National Solutions,Femi Ogunwale,Corporate,Lagos,07066561682,femi.ogunwale@hotmail.com,50000,Net 7,2018-01-28,Yes
CUST-01043,Central Holdings,Emmanuel Ogunleye,Corporate,Abuja,08033633108,emmanuel.ogunleye@outlook.com,100000,Immediate,2019-04-17,Yes
CUST-01044,Babatunde Garba,Babatunde Garba,Individual,Lagos,08057723485,babatunde.garba@yahoo.com,1000000,Net 14,2022-11-01,Yes
CUST-01045,Emeka Ogundimu,Emeka Ogundimu,Individual,Port Harcourt,08051338131,emeka.ogundimu@gmail.com,1000000,Net 7,2018-07-15,No
CUST-01046,Vision Holdings,Abosede Faleye,Corporate,Kano,08036069302,abosede.faleye@outlook.com,250000,Net 7,2018-07-24,Yes
CUST-01047,Summit Global Ltd,Yetunde Musa,Corporate,Abuja,09075673426,yetunde.musa@hotmail.com,100000,Net 7,2020-02-23,Yes
CUST-01048,Crown Services Ltd,Bunmi Akintoye,Corporate,Lagos,08121417616,bunmi.akintoye@hotmail.com,50000,Net 30,2020-01-28,Yes
CUST-01049,Bright Nigeria Ltd,Hassan Umar,Corporate,Lagos,09073839639,hassan.umar@yahoo.com,250000,Net 7,2018-06-21,Yes
CUST-01050,National Ltd,Precious Adeniyi,SME,Ibadan,09015228258,precious.adeniyi@hotmail.com,100000,Net 14,2022-09-05,Yes
CUST-01051,Silver Ltd,Aliyu Yusuf,SME,Lagos,08169199476,aliyu.yusuf@silverltd.com.ng,250000,Net 14,2021-08-28,Yes
CUST-01052,Central Trading Co,Folake Lawal,SME,Ibadan,08062762343,folake.lawal@hotmail.com,1000000,Immediate,2020-02-09,Yes
CUST-01053,Femi Ogunleye,Femi Ogunleye,Individual,Lagos,08134311279,femi.ogunleye@hotmail.com,0,Immediate,2020-05-18,Yes
CUST-01054,Urban Enterprises,Ahmed Badmus,SME,Ibadan,09078015348,ahmed.badmus@hotmail.com,0,Net 14,2018-08-29,Yes
CUST-01055,Vision Ventures,Bunmi Kehinde,Corporate,Abuja,08123784106,bunmi.kehinde@yahoo.com,100000,Net 7,2022-07-03,Yes
CUST-01056,Metro Services Ltd,Grace Faleye,Corporate,Lagos,07063270615,grace.faleye@yahoo.com,500000,Net 30,2018-01-21,Yes
CUST-01057,Eagle Ltd,Funmilayo Tinubu,SME,Lagos,08164343156,funmilayo.tinubu@tradingco.ng,0,Net 30,2019-11-09,Yes
CUST-01058,Swift Nigeria Ltd,Nuhu Adegoke,SME,Lagos,08114792145,nuhu.adegoke@outlook.com,1000000,Immediate,2019-01-30,Yes
CUST-01059,Bisi Olayemi,Bisi Olayemi,Individual,Lagos,07067765720,bisi.olayemi@outlook.com,500000,Net 7,2018-06-08,Yes
CUST-01060,Abuja Enterprises,Segun Agboola,Corporate,Lagos,08122716680,segun.agboola@yahoo.com,500000,Net 30,2019-11-08,Yes
CUST-01061,Global Enterprises,Precious Taiwo,SME,Lagos,08164631318,precious.taiwo@gmail.com,500000,Net 7,2018-10-21,Yes
CUST-01062,Star Enterprises,Chidinma Danjuma,Corporate,Kano,09018137123,chidinma.danjuma@tradingco.ng,250000,Net 14,2019-09-12,Yes
CUST-01063,Diamond Holdings,Dele Olawale,Corporate,Port Harcourt,09016955771,dele.olawale@outlook.com,500000,Net 14,2020-12-22,Yes
CUST-01064,Bright Holdings,Femi Fadahunsi,Corporate,Kano,09019222404,femi.fadahunsi@tradingco.ng,100000,Immediate,2021-02-16,Yes
CUST-01065,Steel Group,Funmilayo Okonkwo,Corporate,Ibadan,08054586632,funmilayo.okonkwo@steelgroup.com.ng,500000,Net 7,2020-02-23,Yes
CUST-01066,Iron Group,Thompson Adeyemi,Corporate,Kano,08161094196,thompson.adeyemi@irongroup.com.ng,100000,Net 14,2018-07-12,Yes
CUST-01067,Abuja Ltd,Blessing Adeyemi,SME,Port Harcourt,07039031838,blessing.adeyemi@hotmail.com,0,Net 14,2019-07-16,Yes
CUST-01068,Metro Ventures,Abubakar Bakare,Corporate,Port Harcourt,09019225877,abubakar.bakare@yahoo.com,250000,Immediate,2018-03-20,Yes
CUST-01069,Dynamic Enterprises,Nuhu Lawal,Corporate,Lagos,08053003648,nuhu.lawal@gmail.com,250000,Immediate,2019-10-06,Yes
CUST-01070,Apex Group,Abosede Fadipe,SME,Port Harcourt,07063838932,abosede.fadipe@apexgroup.com.ng,1000000,Net 14,2020-11-23,Yes
CUST-01071,Lola Taiwo,Lola Taiwo,Individual,Lagos,08064236994,lola.taiwo@businessng.com,500000,Net 7,2022-02-01,Yes
CUST-01072,Abuja Ventures,Gbenga Adebayo,Corporate,Lagos,09077866101,gbenga.adebayo@yahoo.com,1000000,Immediate,2019-09-30,Yes
CUST-01073,Summit Ventures,Adaora Wada,SME,Abuja,08062950547,adaora.wada@gmail.com,50000,Immediate,2019-01-16,Yes
CUST-01074,Global Group,Godwin Adesanya,Corporate,Abuja,08065139478,godwin.adesanya@outlook.com,1000000,Net 7,2022-03-11,No
CUST-01075,Kano Enterprises,Ibrahim Ibrahim,Corporate,Lagos,08136293899,ibrahim.ibrahim@hotmail.com,50000,Net 7,2019-07-13,Yes
CUST-01076,Musa Suleiman,Musa Suleiman,Individual,Abuja,07032550417,musa.suleiman@hotmail.com,100000,Net 14,2019-12-16,No
CUST-01077,Prime Ventures,Chiamaka Kehinde,Corporate,Abuja,08134534335,chiamaka.kehinde@tradingco.ng,250000,Net 14,2021-08-16,Yes
CUST-01078,Oluwatoyin Wada,Oluwatoyin Wada,Individual,Abuja,09075512234,oluwatoyin.wada@gmail.com,500000,Net 7,2019-06-13,Yes
CUST-01079,Dynamic Services Ltd,Hauwa Abubakar,Corporate,Lagos,09016418889,hauwa.abubakar@outlook.com,500000,Net 30,2021-09-10,Yes
CUST-01080,Power Ltd,Aliyu Yusuf,Corporate,Lagos,08058977497,aliyu.yusuf@outlook.com,100000,Immediate,2019-01-19,Yes
CUST-01081,Dynamic Ltd,Toluwani Adegoke,SME,Abuja,08128657887,toluwani.adegoke@dynamicltd.com.ng,500000,Net 30,2022-02-05,Yes
CUST-01082,Fatima Suleiman,Fatima Suleiman,Individual,Abuja,08126668656,fatima.suleiman@hotmail.com,1000000,Net 30,2019-09-07,Yes
CUST-01083,Silver Holdings,Emmanuel Ogundimu,Corporate,Ibadan,07037723471,emmanuel.ogundimu@silverhold.com.ng,0,Net 7,2020-11-14,Yes
CUST-01084,Elite Ventures,Happy Yusuf,SME,Ibadan,08133179206,happy.yusuf@tradingco.ng,100000,Immediate,2018-07-05,Yes
CUST-01085,Gold Enterprises,Temitope Shehu,SME,Abuja,08033474488,temitope.shehu@yahoo.com,50000,Net 14,2019-09-22,Yes
CUST-01086,Summit Global Ltd,Dele Eze,SME,Lagos,08117279004,dele.eze@gmail.com,250000,Net 7,2019-12-07,Yes
CUST-01087,Global Services Ltd,Joy Kehinde,Corporate,Port Harcourt,08058775970,joy.kehinde@tradingco.ng,50000,Immediate,2020-03-04,Yes
CUST-01088,Titilayo Akintoye,Titilayo Akintoye,Individual,Lagos,07038123479,titilayo.akintoye@titilayoak.com.ng,250000,Immediate,2019-12-12,Yes
CUST-01089,Federal Group,Bayo Faleye,Corporate,Abuja,07069413034,bayo.faleye@businessng.com,0,Net 30,2018-06-08,Yes
CUST-01090,Prime Global Ltd,Biodun Ogundele,Corporate,Lagos,08052557770,biodun.ogundele@outlook.com,250000,Net 7,2020-05-21,Yes
CUST-01091,Ramatu Akinwale,Ramatu Akinwale,Individual,Abuja,08035379180,ramatu.akinwale@hotmail.com,50000,Net 7,2020-03-26,Yes
CUST-01092,Power Nigeria Ltd,Obiora Badmus,Corporate,Port Harcourt,08051205092,obiora.badmus@yahoo.com,100000,Net 7,2021-03-22,Yes
CUST-01093,Urban Holdings,Adeola Adegoke,Corporate,Abuja,08036082733,adeola.adegoke@hotmail.com,100000,Immediate,2021-05-21,Yes
CUST-01094,Capital Nigeria Ltd,Ronke Lawal,Corporate,Lagos,08059920640,ronke.lawal@businessng.com,250000,Immediate,2018-11-04,Yes
CUST-01095,Elite Trading Co,Kike Olayemi,Corporate,Kano,09018296210,kike.olayemi@gmail.com,250000,Net 14,2018-03-23,Yes
CUST-01096,Capital Solutions,Folake Abdullahi,Corporate,Abuja,07065968479,folake.abdullahi@businessng.com,0,Net 14,2019-01-02,Yes
CUST-01097,Vision Solutions,Lola Okonkwo,SME,Port Harcourt,08032873734,lola.okonkwo@outlook.com,1000000,Immediate,2020-12-24,No
CUST-01098,Crown Enterprises,Fatima Okafor,Corporate,Ibadan,08139278722,fatima.okafor@hotmail.com,100000,Net 14,2020-07-27,Yes
CUST-01099,Steel Ltd,Abiodun Agboola,SME,Lagos,07067254467,abiodun.agboola@gmail.com,50000,Immediate,2020-02-22,Yes
CUST-01100,Umar Fadahunsi,Umar Fadahunsi,Individual,Lagos,08057723294,umar.fadahunsi@gmail.com,50000,Net 14,2022-01-17,Yes
CUST-01101,Elite Ventures,Oluwaseun Adekunle,Corporate,Lagos,07039624152,oluwaseun.adekunle@eliteventu.com.ng,50000,Immediate,2020-02-06,Yes
CUST-01102,Abuja Enterprises,Oluwatoyin Salami,SME,Lagos,09071767426,oluwatoyin.salami@abujaenter.com.ng,250000,Net 7,2021-10-20,Yes
CUST-01103,Apex Holdings,Chidinma Adewale,Corporate,Port Harcourt,08135609853,chidinma.adewale@outlook.com,250000,Net 14,2018-07-18,Yes
CUST-01104,National Nigeria Ltd,Olumide Lawal,Corporate,Kano,07038728326,olumide.lawal@nationalni.com.ng,250000,Net 14,2021-01-13,Yes
CUST-01105,Future Group,Joy Adeyemi,Corporate,Lagos,09013546422,joy.adeyemi@hotmail.com,1000000,Net 30,2019-03-08,Yes
CUST-01106,Gold Ltd,Fidelis Akinwale,Corporate,Port Harcourt,08122318832,fidelis.akinwale@tradingco.ng,250000,Net 14,2018-06-20,Yes
CUST-01107,Ramatu Musa,Ramatu Musa,Individual,Lagos,09018841337,ramatu.musa@gmail.com,50000,Net 7,2021-07-02,Yes
CUST-01108,Kano Trading Co,Lola Salami,Corporate,Ibadan,09014937924,lola.salami@hotmail.com,500000,Net 7,2020-02-15,Yes
CUST-01109,Global Nigeria Ltd,Segun Akintoye,Corporate,Kano,07033996787,segun.akintoye@businessng.com,50000,Net 30,2021-01-31,Yes
CUST-01110,Abuja Group,Oluwatoyin Adewale,SME,Ibadan,07062772324,oluwatoyin.adewale@tradingco.ng,1000000,Net 14,2020-10-25,Yes
CUST-01111,Steel Solutions,Temitope Akintoye,SME,Abuja,08133980080,temitope.akintoye@hotmail.com,100000,Immediate,2020-12-26,Yes
CUST-01112,Chinyere Okafor,Chinyere Okafor,Individual,Lagos,08058014552,chinyere.okafor@hotmail.com,250000,Net 7,2021-07-27,Yes
CUST-01113,Central Nigeria Ltd,Biodun Falode,SME,Kano,08127858110,biodun.falode@gmail.com,100000,Net 7,2018-12-07,Yes
CUST-01114,Apex Ventures,Adeola Mensah,Corporate,Port Harcourt,08059578785,adeola.mensah@businessng.com,50000,Net 7,2020-07-26,Yes
CUST-01115,Gbenga Adeniyi,Gbenga Adeniyi,Individual,Lagos,07063225498,gbenga.adeniyi@outlook.com,0,Immediate,2019-02-28,Yes
CUST-01116,Folake Chukwu,Folake Chukwu,Individual,Kano,09015058134,folake.chukwu@businessng.com,50000,Net 30,2020-10-21,Yes
CUST-01117,Swift Global Ltd,Temitope Faleye,Corporate,Abuja,08061115482,temitope.faleye@tradingco.ng,0,Net 30,2022-11-11,Yes
CUST-01118,Lagos Trading Co,Yetunde Osei,Corporate,Lagos,08129961899,yetunde.osei@tradingco.ng,0,Net 30,2020-09-11,No
CUST-01119,Prime Group,Musa Badmus,Corporate,Abuja,09078382743,musa.badmus@hotmail.com,0,Immediate,2018-10-26,Yes
CUST-01120,Silver Group,Monday Adesanya,Corporate,Lagos,08169096533,monday.adesanya@yahoo.com,100000,Immediate,2019-11-07,Yes
CUST-01121,Federal Solutions,Obiora Lawal,SME,Lagos,07038460359,obiora.lawal@outlook.com,250000,Net 14,2021-03-09,Yes
CUST-01122,Kano Ltd,Emmanuel Fashola,Corporate,Lagos,07067085502,emmanuel.fashola@tradingco.ng,100000,Net 14,2022-01-06,Yes
CUST-01123,Kano Enterprises,Ronke Lawal,SME,Ibadan,08133458300,ronke.lawal@kanoenterp.com.ng,100000,Net 30,2019-06-11,Yes
CUST-01124,Heritage Enterprises,Olumide Eze,SME,Kano,08035352365,olumide.eze@outlook.com,1000000,Net 30,2020-09-03,Yes
CUST-01125,Central Group,Bello Fadipe,Corporate,Kano,07067341430,bello.fadipe@businessng.com,250000,Net 7,2022-11-19,Yes
CUST-01126,Zenith Nigeria Ltd,Funmilayo Adeniyi,Corporate,Lagos,08166189331,funmilayo.adeniyi@yahoo.com,50000,Net 7,2019-07-24,Yes
CUST-01127,Urban Services Ltd,Hassan Nwachukwu,Corporate,Kano,08111204695,hassan.nwachukwu@businessng.com,1000000,Net 7,2022-02-27,Yes
CUST-01128,Crown Group,Ebunoluwa Abubakar,Corporate,Abuja,08065554570,ebunoluwa.abubakar@crowngroup.com.ng,500000,Immediate,2022-06-23,Yes
CUST-01129,Federal Solutions,Faith Ogunleye,Corporate,Ibadan,08135111878,faith.ogunleye@yahoo.com,1000000,Net 30,2018-12-30,Yes
CUST-01130,Elite Nigeria Ltd,Joy Garba,Corporate,Lagos,09076079484,joy.garba@gmail.com,50000,Net 7,2019-05-15,Yes
CUST-01131,Star Group,Folake Bello,SME,Port Harcourt,08064295478,folake.bello@hotmail.com,0,Net 30,2018-06-20,Yes
CUST-01132,Global Ventures,Segun Ogunwale,SME,Abuja,07031161102,segun.ogunwale@globalvent.com.ng,250000,Immediate,2022-01-14,Yes
CUST-01133,Steel Ltd,Sadiq Badmus,SME,Lagos,08055542317,sadiq.badmus@hotmail.com,1000000,Net 7,2019-11-05,Yes
CUST-01134,Heritage Solutions,Blessing Musa,SME,Kano,08166723417,blessing.musa@outlook.com,1000000,Net 14,2021-07-05,Yes
CUST-01135,Zenith Group,Emmanuel Okafor,SME,Kano,09019317941,emmanuel.okafor@yahoo.com,50000,Immediate,2022-04-07,Yes
CUST-01136,Dynamic Global Ltd,Chioma Adebayo,Corporate,Ibadan,08064889005,chioma.adebayo@yahoo.com,100000,Net 14,2019-10-18,No
CUST-01137,Global Ventures,Chioma Kehinde,Corporate,Port Harcourt,08136431882,chioma.kehinde@yahoo.com,50000,Net 30,2022-05-29,Yes
CUST-01138,Vision Trading Co,Nuhu Taiwo,Corporate,Abuja,08117994575,nuhu.taiwo@businessng.com,1000000,Net 14,2019-04-14,Yes
CUST-01139,Heritage Group,Ramatu Abdullahi,Corporate,Ibadan,07066290638,ramatu.abdullahi@hotmail.com,100000,Net 30,2021-02-27,Yes
CUST-01140,Star Holdings,Chidinma Salami,Corporate,Abuja,08113347640,chidinma.salami@hotmail.com,100000,Immediate,2022-08-04,Yes
CUST-01141,Kunle Taiwo,Kunle Taiwo,Individual,Lagos,07037265873,kunle.taiwo@gmail.com,100000,Net 30,2022-06-08,Yes
CUST-01142,Joy Olawale,Joy Olawale,Individual,Lagos,08169437990,joy.olawale@hotmail.com,100000,Immediate,2018-06-02,Yes
CUST-01143,Metro Ltd,Aliyu Agboola,SME,Ibadan,08117544171,aliyu.agboola@tradingco.ng,1000000,Net 30,2019-05-27,Yes
CUST-01144,Future Solutions,Amaka Bello,Corporate,Kano,07068350507,amaka.bello@outlook.com,0,Net 30,2018-10-03,No
CUST-01145,Aliyu Sanusi,Aliyu Sanusi,Individual,Abuja,08133523621,aliyu.sanusi@aliyusanus.com.ng,100000,Net 7,2021-02-24,Yes
CUST-01146,Lagos Trading Co,Fatima Danjuma,SME,Kano,07031366612,fatima.danjuma@yahoo.com,0,Net 14,2022-10-14,Yes
CUST-01147,Steel Global Ltd,Oluwatoyin Okafor,Corporate,Abuja,07066587015,oluwatoyin.okafor@yahoo.com,1000000,Net 14,2019-06-07,Yes
CUST-01148,Silver Holdings,Biodun Aliyu,SME,Abuja,09011805827,biodun.aliyu@businessng.com,500000,Immediate,2020-11-15,Yes
CUST-01149,Central Group,Abubakar Adekunle,Corporate,Kano,09015742020,abubakar.adekunle@centralgro.com.ng,100000,Immediate,2022-02-13,Yes
CUST-01150,Swift Trading Co,Yusuf Sanusi,Corporate,Lagos,08128859233,yusuf.sanusi@swifttradi.com.ng,1000000,Net 7,2022-03-20,Yes
CUST-01151,Bright Group,Zainab Adegoke,SME,Lagos,08136701061,zainab.adegoke@hotmail.com,500000,Net 30,2018-02-13,Yes
CUST-01152,Apex Ltd,Chidinma Falode,Corporate,Lagos,07068166381,chidinma.falode@yahoo.com,100000,Net 7,2021-04-11,Yes
CUST-01153,Elite Ventures,Mercy Adegoke,SME,Abuja,08123560283,mercy.adegoke@yahoo.com,50000,Net 7,2019-09-24,Yes
CUST-01154,Prime Enterprises,Olumide Ogunwale,SME,Kano,07062162105,olumide.ogunwale@outlook.com,100000,Net 7,2021-09-09,Yes
CUST-01155,Abuja Global Ltd,Ibrahim Adesanya,Corporate,Lagos,07061457958,ibrahim.adesanya@yahoo.com,250000,Immediate,2022-09-05,Yes
CUST-01156,Chidi Agbaje,Chidi Agbaje,Individual,Lagos,08051825678,chidi.agbaje@hotmail.com,250000,Net 30,2019-02-11,Yes
CUST-01157,Summit Enterprises,Peace Bakare,Corporate,Abuja,08129665368,peace.bakare@gmail.com,50000,Net 7,2018-09-04,Yes
CUST-01158,Global Nigeria Ltd,Hadiza Adewale,Corporate,Abuja,07069019156,hadiza.adewale@outlook.com,500000,Immediate,2020-07-24,Yes
CUST-01159,Gold Nigeria Ltd,Garba Badmus,Corporate,Abuja,07066200630,garba.badmus@businessng.com,0,Net 30,2022-10-03,Yes
CUST-01160,Diamond Services Ltd,Temitope Yusuf,Corporate,Lagos,07036423586,temitope.yusuf@gmail.com,50000,Net 7,2018-12-30,Yes
CUST-01161,Unity Services Ltd,Biodun Ogunleye,Corporate,Ibadan,08032026454,biodun.ogunleye@unityservi.com.ng,50000,Net 14,2020-02-01,Yes
CUST-01162,Dynamic Trading Co,Toluwani Adewale,Corporate,Lagos,08114046988,toluwani.adewale@outlook.com,0,Net 7,2018-03-03,Yes
CUST-01163,Capital Solutions,Ibrahim Akintoye,SME,Kano,07061477784,ibrahim.akintoye@businessng.com,0,Net 14,2018-02-28,Yes
CUST-01164,Prime Trading Co,Thompson Tinubu,Corporate,Abuja,08129811471,thompson.tinubu@yahoo.com,50000,Immediate,2018-01-31,Yes
CUST-01165,Royal Services Ltd,Tunde Adewale,Corporate,Abuja,08058388951,tunde.adewale@yahoo.com,500000,Immediate,2019-09-30,Yes
CUST-01166,Capital Ventures,Hauwa Fashola,Corporate,Port Harcourt,08069015983,hauwa.fashola@hotmail.com,1000000,Net 7,2018-09-15,Yes
CUST-01167,Summit Nigeria Ltd,Temitope Tinubu,Corporate,Port Harcourt,08055736204,temitope.tinubu@summitnige.com.ng,0,Net 7,2019-04-09,Yes
CUST-01168,Future Services Ltd,Monday Taiwo,Corporate,Port Harcourt,08129722758,monday.taiwo@futureserv.com.ng,500000,Net 14,2022-04-06,Yes
CUST-01169,Bright Ventures,Bisi Abdullahi,SME,Ibadan,08037459731,bisi.abdullahi@tradingco.ng,0,Net 7,2019-01-09,Yes
CUST-01170,Swift Holdings,Ahmed Abubakar,Corporate,Lagos,08039066089,ahmed.abubakar@hotmail.com,100000,Net 7,2021-07-11,Yes
CUST-01171,Lagos Trading Co,Titi Eze,SME,Abuja,08065685963,titi.eze@tradingco.ng,500000,Net 14,2019-11-22,Yes
CUST-01172,Steel Nigeria Ltd,Aisha Badmus,SME,Port Harcourt,07069708598,aisha.badmus@outlook.com,0,Net 14,2020-05-23,Yes
CUST-01173,National Services Ltd,Kelechi Fashola,Corporate,Lagos,08065961248,kelechi.fashola@yahoo.com,100000,Net 14,2020-07-15,Yes
CUST-01174,Gold Trading Co,Iyanuoluwa Ogundimu,Corporate,Lagos,08134722144,iyanuoluwa.ogundimu@businessng.com,0,Net 7,2022-02-11,No
CUST-01175,Grace Faleye,Grace Faleye,Individual,Lagos,08129901345,grace.faleye@gracefaley.com.ng,0,Net 14,2021-01-09,Yes
CUST-01176,Swift Ventures,Suleiman Adesanya,Corporate,Lagos,08138113803,suleiman.adesanya@businessng.com,50000,Net 14,2018-04-11,Yes
CUST-01177,Metro Services Ltd,Yetunde Ogunleye,Corporate,Lagos,08136033050,yetunde.ogunleye@gmail.com,0,Net 14,2021-12-21,Yes
CUST-01178,Eagle Ltd,Oluwatoyin Agboola,SME,Ibadan,08053353898,oluwatoyin.agboola@yahoo.com,250000,Net 7,2022-04-15,Yes
CUST-01179,Gold Ventures,Toluwani Fadipe,Corporate,Lagos,08166878859,toluwani.fadipe@gmail.com,50000,Net 14,2018-10-15,Yes
CUST-01180,Bright Global Ltd,Monday Agbaje,SME,Abuja,08135621624,monday.agbaje@businessng.com,100000,Immediate,2021-07-28,Yes
CUST-01181,Grace Bello,Grace Bello,Individual,Port Harcourt,08128903903,grace.bello@yahoo.com,1000000,Net 30,2019-09-04,Yes
CUST-01182,Oluwakemi Osei,Oluwakemi Osei,Individual,Ibadan,07065565127,oluwakemi.osei@gmail.com,250000,Net 14,2018-08-20,Yes
CUST-01183,Urban Solutions,Bisi Olayemi,Corporate,Lagos,09072728894,bisi.olayemi@gmail.com,1000000,Net 14,2019-05-10,Yes
CUST-01184,Star Nigeria Ltd,Jumoke Adekunle,Corporate,Ibadan,07035628257,jumoke.adekunle@outlook.com,1000000,Net 14,2020-05-09,Yes
CUST-01185,Crown Services Ltd,Khadija Mensah,Corporate,Lagos,08129304320,khadija.mensah@yahoo.com,500000,Net 30,2021-09-25,Yes
CUST-01186,Godwin Bakare,Godwin Bakare,Individual,Abuja,09077305252,godwin.bakare@godwinbaka.com.ng,500000,Net 30,2018-03-28,Yes
CUST-01187,Crown Ventures,Sadiq Balogun,SME,Lagos,08065003283,sadiq.balogun@outlook.com,500000,Net 30,2022-07-28,Yes
CUST-01188,Steel Ventures,Bello Fadipe,SME,Kano,08037688954,bello.fadipe@businessng.com,1000000,Net 30,2021-10-02,Yes
CUST-01189,Future Nigeria Ltd,Abubakar Okafor,Corporate,Lagos,08051476046,abubakar.okafor@tradingco.ng,250000,Net 14,2020-01-05,Yes
CUST-01190,Iron Ltd,Khadija Chukwu,Corporate,Lagos,09015415321,khadija.chukwu@businessng.com,50000,Net 7,2021-02-17,No
CUST-01191,Dynamic Services Ltd,Sade Salami,Corporate,Lagos,07066902303,sade.salami@dynamicser.com.ng,500000,Net 7,2019-10-11,Yes
CUST-01192,Gold Group,Monday Mensah,SME,Kano,09014123785,monday.mensah@businessng.com,250000,Net 7,2019-06-27,Yes
CUST-01193,Capital Enterprises,Khadija Wada,SME,Lagos,07061267216,khadija.wada@gmail.com,50000,Net 14,2020-11-02,Yes
CUST-01194,Gold Ventures,Joy Ogunwale,Corporate,Port Harcourt,08064332284,joy.ogunwale@gmail.com,0,Net 30,2022-10-12,Yes
CUST-01195,Power Holdings,Victor Wada,SME,Lagos,08052738556,victor.wada@businessng.com,1000000,Net 14,2021-06-10,Yes
CUST-01196,Prime Global Ltd,Aliyu Obi,SME,Kano,08135593405,aliyu.obi@gmail.com,250000,Net 7,2022-09-03,Yes
CUST-01197,Global Enterprises,Dele Obi,SME,Lagos,07035088275,dele.obi@gmail.com,500000,Net 30,2022-09-13,Yes
CUST-01198,Elite Holdings,Joy Olawale,SME,Lagos,09077704457,joy.olawale@tradingco.ng,500000,Net 30,2022-03-10,Yes
CUST-01199,Capital Global Ltd,Hauwa Adekunle,Corporate,Lagos,09076990710,hauwa.adekunle@gmail.com,1000000,Net 7,2019-10-21,Yes
CUST-01200,Unity Nigeria Ltd,Damilola Ogunwale,SME,Abuja,09019981848,damilola.ogunwale@outlook.com,0,Net 7,2022-01-14,Yes
CUST-01201,Star Services Ltd,Obiora Garba,SME,Kano,09019340506,obiora.garba@starservic.com.ng,250000,Immediate,2018-12-17,Yes
CUST-01202,Power Services Ltd,Joy Fadipe,Corporate,Port Harcourt,08132069997,joy.fadipe@tradingco.ng,100000,Immediate,2022-01-12,Yes
CUST-01203,Bunmi Okonkwo,Bunmi Okonkwo,Individual,Kano,09018228128,bunmi.okonkwo@tradingco.ng,50000,Net 30,2019-03-17,Yes
CUST-01204,Ramatu Ogunwale,Ramatu Ogunwale,Individual,Port Harcourt,07036545427,ramatu.ogunwale@yahoo.com,500000,Net 30,2018-10-23,No
CUST-01205,Power Ventures,Chidinma Falode,Corporate,Lagos,08062067513,chidinma.falode@powerventu.com.ng,250000,Net 7,2022-02-09,Yes
CUST-01206,Bashir Sanusi,Bashir Sanusi,Individual,Lagos,08131494719,bashir.sanusi@tradingco.ng,250000,Immediate,2019-11-11,Yes
CUST-01207,Hamisu Olatunji,Hamisu Olatunji,Individual,Port Harcourt,08057837960,hamisu.olatunji@hotmail.com,1000000,Net 30,2018-10-11,Yes
CUST-01208,Dynamic Holdings,Segun Umar,Corporate,Lagos,09012522272,segun.umar@yahoo.com,100000,Net 30,2019-02-15,Yes
CUST-01209,Future Services Ltd,Chinyere Fadahunsi,Corporate,Ibadan,08069789034,chinyere.fadahunsi@outlook.com,0,Immediate,2021-02-14,Yes
CUST-01210,Zenith Ltd,Chioma Adesanya,Corporate,Lagos,08056138255,chioma.adesanya@gmail.com,500000,Net 14,2022-10-26,Yes
CUST-01211,Urban Enterprises,Tosin Fadahunsi,SME,Kano,08166792299,tosin.fadahunsi@gmail.com,1000000,Net 7,2021-05-13,Yes
CUST-01212,Chidi Lawal,Chidi Lawal,Individual,Lagos,09073497284,chidi.lawal@businessng.com,250000,Immediate,2021-06-28,Yes
CUST-01213,Crown Group,Temitope Umar,Corporate,Port Harcourt,08139698799,temitope.umar@yahoo.com,0,Net 30,2019-01-31,Yes
CUST-01214,Diamond Services Ltd,Nuhu Wada,SME,Lagos,08112098296,nuhu.wada@outlook.com,50000,Net 14,2018-10-17,Yes
CUST-01215,Prime Group,Abosede Balogun,Corporate,Lagos,09012657259,abosede.balogun@businessng.com,500000,Immediate,2021-09-20,Yes
CUST-01216,Gold Trading Co,Grace Olatunji,SME,Port Harcourt,08165740596,grace.olatunji@outlook.com,50000,Net 30,2022-04-13,Yes
CUST-01217,Platinum Holdings,Chiamaka Adekunle,Corporate,Lagos,09011399870,chiamaka.adekunle@hotmail.com,0,Net 14,2021-02-23,Yes
CUST-01218,Ramatu Ogundele,Ramatu Ogundele,Individual,Lagos,08111924685,ramatu.ogundele@ramatuogun.com.ng,0,Net 7,2018-07-02,Yes
CUST-01219,Hassan Danjuma,Hassan Danjuma,Individual,Lagos,09071469143,hassan.danjuma@gmail.com,100000,Net 30,2019-01-21,Yes
CUST-01220,Abiodun Bakare,Abiodun Bakare,Individual,Abuja,09079791000,abiodun.bakare@businessng.com,50000,Net 14,2021-10-26,Yes
CUST-01221,Dynamic Global Ltd,Kunle Bello,SME,Port Harcourt,07062224124,kunle.bello@tradingco.ng,50000,Net 30,2019-02-28,Yes
CUST-01222,Royal Solutions,Babatunde Akinwale,Corporate,Lagos,08166549075,babatunde.akinwale@yahoo.com,250000,Net 7,2020-02-01,Yes
CUST-01223,Federal Ventures,Rotimi Tinubu,SME,Port Harcourt,07038094088,rotimi.tinubu@tradingco.ng,500000,Net 14,2019-02-24,Yes
CUST-01224,Silver Holdings,Lola Yusuf,Corporate,Abuja,07034179223,lola.yusuf@businessng.com,250000,Net 14,2021-05-14,Yes
CUST-01225,Adaeze Yusuf,Adaeze Yusuf,Individual,Abuja,08134740892,adaeze.yusuf@gmail.com,1000000,Immediate,2018-08-25,Yes
CUST-01226,Vision Enterprises,Nneka Okafor,SME,Ibadan,07037680763,nneka.okafor@outlook.com,500000,Net 14,2019-08-07,Yes
CUST-01227,Gold Global Ltd,Chioma Salami,Corporate,Lagos,09079354503,chioma.salami@yahoo.com,50000,Immediate,2020-08-18,Yes
CUST-01228,Diamond Enterprises,Kayode Obi,Corporate,Lagos,08065055922,kayode.obi@hotmail.com,500000,Net 14,2020-06-16,No
CUST-01229,Chidi Faleye,Chidi Faleye,Individual,Lagos,08119449329,chidi.faleye@businessng.com,50000,Net 7,2022-01-24,Yes
CUST-01230,Future Solutions,Abubakar Adeyemi,Corporate,Lagos,07068751668,abubakar.adeyemi@yahoo.com,1000000,Immediate,2020-03-12,Yes
CUST-01231,National Enterprises,Musa Ogundimu,Corporate,Port Harcourt,08166635276,musa.ogundimu@tradingco.ng,1000000,Net 30,2018-02-21,Yes
CUST-01232,Kano Trading Co,Oluwaseun Chukwu,SME,Lagos,08136327664,oluwaseun.chukwu@gmail.com,0,Immediate,2020-04-19,Yes
CUST-01233,Vision Group,Nuhu Agboola,Corporate,Lagos,08132741350,nuhu.agboola@tradingco.ng,50000,Immediate,2020-02-20,Yes
CUST-01234,Abiodun Akinwale,Abiodun Akinwale,Individual,Kano,08064766788,abiodun.akinwale@businessng.com,1000000,Immediate,2021-02-28,Yes
CUST-01235,Diamond Solutions,Olumide Fadipe,SME,Port Harcourt,08127488875,olumide.fadipe@hotmail.com,1000000,Net 7,2021-10-30,Yes
CUST-01236,Metro Enterprises,Khadija Fadahunsi,SME,Abuja,09077042065,khadija.fadahunsi@yahoo.com,50000,Net 14,2021-07-28,No
CUST-01237,Capital Ltd,Garba Suleiman,Corporate,Abuja,07033415646,garba.suleiman@gmail.com,250000,Net 30,2021-12-26,Yes
CUST-01238,Power Global Ltd,Hamisu Fashola,SME,Abuja,08058008273,hamisu.fashola@hotmail.com,1000000,Net 30,2020-06-28,Yes
CUST-01239,Gold Enterprises,Bola Wada,Corporate,Ibadan,09074454681,bola.wada@yahoo.com,50000,Net 7,2021-03-10,Yes
CUST-01240,Folake Olawale,Folake Olawale,Individual,Abuja,07066148910,folake.olawale@yahoo.com,250000,Net 7,2020-08-21,Yes
CUST-01241,Silver Ltd,Ramatu Sanusi,SME,Lagos,08166665383,ramatu.sanusi@silverltd.com.ng,50000,Net 30,2020-11-25,Yes
CUST-01242,Chidi Okonkwo,Chidi Okonkwo,Individual,Lagos,08053891398,chidi.okonkwo@outlook.com,1000000,Net 7,2021-08-06,Yes
CUST-01243,Steel Global Ltd,Rotimi Adewale,Corporate,Ibadan,08139165219,rotimi.adewale@outlook.com,500000,Immediate,2021-10-16,Yes
CUST-01244,Star Group,Tunde Okonkwo,Corporate,Lagos,07066984371,tunde.okonkwo@yahoo.com,1000000,Net 7,2019-03-13,Yes
CUST-01245,Iron Services Ltd,Suleiman Falode,Corporate,Lagos,08135861048,suleiman.falode@outlook.com,0,Net 7,2018-11-08,Yes
CUST-01246,Silver Enterprises,Adaora Ogunwale,SME,Kano,09078878038,adaora.ogunwale@tradingco.ng,100000,Net 7,2018-08-21,Yes
CUST-01247,Chidi Bello,Chidi Bello,Individual,Lagos,08137391266,chidi.bello@hotmail.com,250000,Net 30,2018-12-16,No
CUST-01248,Iron Ventures,Sadiq Yusuf,Corporate,Kano,08138505009,sadiq.yusuf@gmail.com,250000,Net 14,2019-11-27,Yes
CUST-01249,Heritage Holdings,Nneka Okafor,Corporate,Lagos,08064307323,nneka.okafor@tradingco.ng,100000,Net 14,2021-12-27,Yes
CUST-01250,Apex Ventures,Happy Badmus,SME,Kano,08053836358,happy.badmus@outlook.com,100000,Net 7,2020-11-17,Yes
CUST-01251,Star Global Ltd,Ifeanyi Danjuma,Corporate,Port Harcourt,07035414310,ifeanyi.danjuma@hotmail.com,250000,Net 14,2018-03-24,Yes
CUST-01252,Prime Enterprises,Ebunoluwa Mensah,Corporate,Kano,08031322326,ebunoluwa.mensah@outlook.com,250000,Net 7,2020-08-20,Yes
CUST-01253,Adaeze Yusuf,Adaeze Yusuf,Individual,Lagos,08056631019,adaeze.yusuf@outlook.com,500000,Net 30,2020-04-13,Yes
CUST-01254,Titilayo Shehu,Titilayo Shehu,Individual,Lagos,09074236382,titilayo.shehu@hotmail.com,100000,Net 14,2018-06-20,Yes
CUST-01255,Central Nigeria Ltd,Temitope Taiwo,Corporate,Lagos,08132795994,temitope.taiwo@yahoo.com,0,Net 7,2020-02-04,Yes
CUST-01256,Summit Nigeria Ltd,Abubakar Badmus,Corporate,Lagos,08036723292,abubakar.badmus@businessng.com,500000,Immediate,2018-11-16,Yes
CUST-01257,Chiamaka Wada,Chiamaka Wada,Individual,Lagos,08123046457,chiamaka.wada@gmail.com,1000000,Net 7,2019-02-13,No
CUST-01258,Gbenga Mensah,Gbenga Mensah,Individual,Lagos,08038264020,gbenga.mensah@businessng.com,1000000,Net 7,2019-03-07,Yes
CUST-01259,Elite Services Ltd,Garba Danjuma,SME,Lagos,09014121650,garba.danjuma@hotmail.com,100000,Immediate,2020-06-25,Yes
CUST-01260,Lagos Enterprises,Tunde Okafor,Corporate,Kano,08124176691,tunde.okafor@tradingco.ng,0,Immediate,2019-01-21,Yes
CUST-01261,Kano Ventures,Temitope Adesanya,Corporate,Abuja,09075788268,temitope.adesanya@yahoo.com,250000,Net 14,2022-08-16,Yes
CUST-01262,Lagos Solutions,Uchenna Adeyemi,SME,Ibadan,08132084703,uchenna.adeyemi@gmail.com,0,Net 30,2019-12-06,No
CUST-01263,Summit Services Ltd,Nuhu Salami,SME,Lagos,08112480282,nuhu.salami@outlook.com,500000,Net 14,2021-11-30,Yes
CUST-01264,Abubakar Suleiman,Abubakar Suleiman,Individual,Lagos,09017008131,abubakar.suleiman@tradingco.ng,250000,Net 14,2020-10-20,Yes
CUST-01265,Hadiza Ogunwale,Hadiza Ogunwale,Individual,Lagos,08163861403,hadiza.ogunwale@gmail.com,1000000,Net 14,2020-04-19,Yes
CUST-01266,Steel Services Ltd,Hadiza Balogun,Corporate,Abuja,08133383755,hadiza.balogun@tradingco.ng,250000,Net 30,2018-02-20,Yes
CUST-01267,Gold Group,Yetunde Fadahunsi,Corporate,Lagos,08053898766,yetunde.fadahunsi@yahoo.com,500000,Net 7,2019-03-21,Yes
CUST-01268,Abuja Group,Hamisu Adeniyi,Corporate,Lagos,08039343685,hamisu.adeniyi@hotmail.com,50000,Net 14,2022-08-27,Yes
CUST-01269,Urban Holdings,Temitope Nwachukwu,SME,Abuja,08139176244,temitope.nwachukwu@tradingco.ng,0,Net 14,2018-08-06,Yes
CUST-01270,Kano Enterprises,Kike Adeniyi,SME,Lagos,09079291830,kike.adeniyi@businessng.com,50000,Net 30,2020-10-01,Yes
CUST-01271,Heritage Ventures,Chiamaka Adesanya,Corporate,Abuja,08123044259,chiamaka.adesanya@heritageve.com.ng,50000,Net 14,2019-11-30,No
CUST-01272,Metro Nigeria Ltd,Jumoke Fashola,Corporate,Lagos,09017207712,jumoke.fashola@hotmail.com,50000,Net 7,2019-10-31,Yes
CUST-01273,Metro Solutions,Iyanuoluwa Danjuma,SME,Kano,07066554277,iyanuoluwa.danjuma@tradingco.ng,50000,Net 7,2019-10-22,Yes
CUST-01274,Federal Global Ltd,Victor Olayemi,SME,Abuja,08128881139,victor.olayemi@gmail.com,100000,Immediate,2020-02-26,No
CUST-01275,Urban Services Ltd,Nuhu Danjuma,Corporate,Kano,07032122822,nuhu.danjuma@hotmail.com,250000,Net 7,2022-06-09,No
CUST-01276,Star Services Ltd,Kike Tinubu,Corporate,Lagos,08161051224,kike.tinubu@outlook.com,100000,Net 30,2021-02-24,Yes
CUST-01277,Elite Global Ltd,Hadiza Ogundele,Corporate,Kano,08123019346,hadiza.ogundele@outlook.com,1000000,Immediate,2022-02-15,Yes
CUST-01278,Platinum Ltd,Fatima Balogun,Corporate,Lagos,07034426579,fatima.balogun@yahoo.com,100000,Immediate,2018-03-01,Yes
CUST-01279,Bright Services Ltd,Ifeoma Abdullahi,SME,Port Harcourt,08053633660,ifeoma.abdullahi@brightserv.com.ng,250000,Net 14,2018-08-09,Yes
CUST-01280,Zainab Nwachukwu,Zainab Nwachukwu,Individual,Kano,09015777526,zainab.nwachukwu@yahoo.com,500000,Net 7,2019-10-24,Yes
CUST-01281,Metro Group,Adewale Danjuma,SME,Lagos,07067291943,adewale.danjuma@metrogroup.com.ng,0,Net 30,2021-08-16,Yes
CUST-01282,Prime Solutions,Funmilayo Danjuma,SME,Lagos,08121660711,funmilayo.danjuma@primesolut.com.ng,0,Net 7,2020-10-14,Yes
CUST-01283,Swift Global Ltd,Biodun Tinubu,Corporate,Lagos,07066990825,biodun.tinubu@outlook.com,0,Net 30,2019-12-05,No
CUST-01284,Star Trading Co,Ifeanyi Akintoye,SME,Abuja,08117643612,ifeanyi.akintoye@tradingco.ng,50000,Immediate,2022-07-26,Yes
CUST-01285,Toluwani Aliyu,Toluwani Aliyu,Individual,Lagos,08165014206,toluwani.aliyu@gmail.com,1000000,Immediate,2018-04-18,Yes
CUST-01286,National Global Ltd,Nnamdi Abubakar,Corporate,Lagos,08139398403,nnamdi.abubakar@outlook.com,100000,Net 30,2022-03-29,Yes
CUST-01287,Ngozi Ogundimu,Ngozi Ogundimu,Individual,Lagos,09011394484,ngozi.ogundimu@tradingco.ng,1000000,Net 30,2021-01-31,Yes
CUST-01288,Global Global Ltd,Tosin Olayemi,Corporate,Kano,09011119996,tosin.olayemi@outlook.com,1000000,Immediate,2021-04-06,Yes
CUST-01289,Zenith Ventures,Hamisu Eze,Corporate,Lagos,07037279721,hamisu.eze@zenithvent.com.ng,250000,Net 7,2022-09-06,Yes
CUST-01290,Lagos Holdings,Aisha Nwachukwu,Corporate,Lagos,08115787910,aisha.nwachukwu@hotmail.com,0,Net 30,2021-05-20,Yes
CUST-01291,Prime Holdings,Oluwatoyin Okafor,Corporate,Lagos,08164357836,oluwatoyin.okafor@businessng.com,500000,Net 14,2022-09-02,Yes
CUST-01292,Capital Services Ltd,Sadiq Bakare,Corporate,Lagos,08114855572,sadiq.bakare@capitalser.com.ng,100000,Net 7,2020-11-12,Yes
CUST-01293,Future Global Ltd,Chidinma Eze,Corporate,Abuja,08056492169,chidinma.eze@hotmail.com,250000,Net 7,2020-10-03,Yes
CUST-01294,Crown Ltd,Ebunoluwa Chukwu,Corporate,Lagos,08121839331,ebunoluwa.chukwu@businessng.com,0,Net 14,2018-01-01,Yes
CUST-01295,Swift Nigeria Ltd,Yetunde Agboola,SME,Lagos,07064612279,yetunde.agboola@tradingco.ng,50000,Net 30,2022-02-28,Yes
CUST-01296,Apex Solutions,Sola Adewale,SME,Ibadan,08033014549,sola.adewale@outlook.com,50000,Net 14,2020-07-24,Yes
CUST-01297,Ahmed Agbaje,Ahmed Agbaje,Individual,Lagos,09013928988,ahmed.agbaje@gmail.com,0,Immediate,2022-01-24,Yes
CUST-01298,Abuja Solutions,Peace Yusuf,SME,Lagos,08129048449,peace.yusuf@gmail.com,1000000,Net 7,2019-03-18,Yes
CUST-01299,Prime Services Ltd,Adeola Akinwale,Corporate,Abuja,09017919330,adeola.akinwale@yahoo.com,0,Immediate,2021-09-06,Yes
CUST-01300,Kike Musa,Kike Musa,Individual,Abuja,08165484288,kike.musa@gmail.com,1000000,Net 14,2022-11-21,Yes
CUST-01301,Prime Ventures,Blessing Adebayo,Corporate,Abuja,09079196133,blessing.adebayo@businessng.com,50000,Immediate,2019-08-10,Yes
CUST-01302,Metro Trading Co,Bashir Abdullahi,SME,Lagos,07067228915,bashir.abdullahi@tradingco.ng,500000,Net 7,2019-10-19,No
CUST-01303,Gold Group,Lola Okafor,SME,Abuja,07065906489,lola.okafor@yahoo.com,1000000,Net 30,2021-10-15,Yes
CUST-01304,Lagos Enterprises,Bola Adekunle,Corporate,Lagos,07068827496,bola.adekunle@hotmail.com,500000,Net 7,2018-03-29,Yes
CUST-01305,Swift Ventures,Bashir Wada,SME,Lagos,08167649652,bashir.wada@gmail.com,250000,Immediate,2020-10-23,Yes
CUST-01306,Zenith Solutions,Uchenna Bello,SME,Kano,08113763239,uchenna.bello@tradingco.ng,50000,Net 14,2020-09-28,Yes
CUST-01307,Gold Trading Co,Bunmi Badmus,Corporate,Port Harcourt,08054675408,bunmi.badmus@goldtradin.com.ng,100000,Net 30,2021-11-09,No
CUST-01308,Steel Enterprises,Bayo Fadahunsi,SME,Port Harcourt,08161010001,bayo.fadahunsi@businessng.com,500000,Immediate,2020-10-11,Yes
CUST-01309,Gold Solutions,Blessing Umar,Corporate,Lagos,09072620464,blessing.umar@businessng.com,50000,Immediate,2018-02-03,Yes
CUST-01310,Eagle Nigeria Ltd,Adaora Eze,Corporate,Lagos,09012995699,adaora.eze@hotmail.com,100000,Net 30,2018-01-22,Yes
CUST-01311,Global Solutions,Aisha Akinwale,Corporate,Abuja,08129026882,aisha.akinwale@tradingco.ng,500000,Immediate,2021-10-22,Yes
CUST-01312,Apex Solutions,Ifeanyi Danjuma,Corporate,Port Harcourt,09017438345,ifeanyi.danjuma@businessng.com,500000,Immediate,2020-05-15,Yes
CUST-01313,Diamond Ltd,Adeola Ogundele,Corporate,Abuja,08068967026,adeola.ogundele@outlook.com,500000,Immediate,2018-06-19,Yes
CUST-01314,Obiora Akinwale,Obiora Akinwale,Individual,Lagos,08168873203,obiora.akinwale@gmail.com,100000,Net 14,2021-02-05,No
CUST-01315,Crown Ltd,Oluwatoyin Falode,Corporate,Port Harcourt,08131473717,oluwatoyin.falode@crownltd.com.ng,250000,Immediate,2020-10-25,Yes
CUST-01316,Diamond Trading Co,Zainab Yusuf,SME,Port Harcourt,08035248063,zainab.yusuf@diamondtra.com.ng,0,Net 30,2018-12-23,Yes
CUST-01317,Future Holdings,Toluwani Abubakar,Corporate,Lagos,08113597049,toluwani.abubakar@businessng.com,0,Net 7,2020-09-14,Yes
CUST-01318,Chukwuemeka Akinwale,Chukwuemeka Akinwale,Individual,Ibadan,08113963386,chukwuemeka.akinwale@businessng.com,250000,Immediate,2019-09-12,Yes
CUST-01319,Urban Global Ltd,Umar Kehinde,SME,Port Harcourt,09012947659,umar.kehinde@gmail.com,50000,Net 7,2018-09-28,No
CUST-01320,Platinum Ltd,Chidi Ogundele,Corporate,Port Harcourt,09077178852,chidi.ogundele@tradingco.ng,500000,Immediate,2020-05-07,Yes
CUST-01321,Platinum Nigeria Ltd,Sola Adekunle,SME,Lagos,08065408642,sola.adekunle@tradingco.ng,100000,Net 30,2020-04-01,Yes
CUST-01322,Swift Nigeria Ltd,Biodun Aliyu,Corporate,Kano,08134297008,biodun.aliyu@hotmail.com,1000000,Net 14,2021-02-15,Yes
CUST-01323,Dynamic Ventures,Nneka Balogun,SME,Abuja,08061666991,nneka.balogun@yahoo.com,50000,Net 7,2019-09-08,Yes
CUST-01324,Central Ltd,Chidinma Abdullahi,Corporate,Lagos,09075460852,chidinma.abdullahi@centralltd.com.ng,500000,Immediate,2019-09-14,Yes
CUST-01325,Elite Services Ltd,Fatima Adeniyi,Corporate,Abuja,09014592379,fatima.adeniyi@gmail.com,50000,Net 30,2021-02-06,Yes
CUST-01326,Central Enterprises,Rotimi Taiwo,Corporate,Ibadan,08069014281,rotimi.taiwo@centralent.com.ng,0,Net 7,2019-05-21,Yes
CUST-01327,Lagos Holdings,Chiamaka Abdullahi,Corporate,Lagos,08051719891,chiamaka.abdullahi@businessng.com,100000,Net 30,2018-02-26,Yes
CUST-01328,National Enterprises,Sade Adebayo,SME,Abuja,08129548784,sade.adebayo@hotmail.com,1000000,Net 7,2019-05-10,Yes
CUST-01329,Platinum Ventures,Toyin Sanusi,Corporate,Lagos,08052112899,toyin.sanusi@platinumve.com.ng,0,Net 7,2022-05-02,Yes
CUST-01330,Abuja Services Ltd,Suleiman Garba,Corporate,Port Harcourt,07066091832,suleiman.garba@businessng.com,500000,Net 14,2019-09-24,Yes
CUST-01331,Yetunde Salami,Yetunde Salami,Individual,Kano,09073302963,yetunde.salami@hotmail.com,100000,Immediate,2021-11-17,Yes
CUST-01332,Eagle Solutions,Mercy Ogunleye,SME,Port Harcourt,07035550839,mercy.ogunleye@businessng.com,100000,Net 7,2019-10-04,Yes
CUST-01333,Heritage Global Ltd,Abubakar Nwachukwu,Corporate,Lagos,09077904482,abubakar.nwachukwu@outlook.com,100000,Net 30,2021-10-03,Yes
CUST-01334,Kano Global Ltd,Godwin Falode,Corporate,Port Harcourt,08117064744,godwin.falode@tradingco.ng,500000,Net 14,2019-02-23,Yes
CUST-01335,Kayode Agboola,Kayode Agboola,Individual,Lagos,08115144427,kayode.agboola@yahoo.com,500000,Net 14,2019-01-10,Yes
CUST-01336,Metro Solutions,Bola Chukwu,Corporate,Kano,09016727732,bola.chukwu@yahoo.com,100000,Immediate,2019-06-02,Yes
CUST-01337,Eagle Global Ltd,Joy Akintoye,Corporate,Lagos,09018629616,joy.akintoye@eaglegloba.com.ng,500000,Net 14,2020-11-12,Yes
CUST-01338,Platinum Services Ltd,Abosede Garba,Corporate,Kano,08068992131,abosede.garba@hotmail.com,250000,Net 14,2018-09-02,Yes
CUST-01339,Kayode Abdullahi,Kayode Abdullahi,Individual,Lagos,08032179102,kayode.abdullahi@outlook.com,0,Net 14,2018-09-18,Yes
CUST-01340,Star Ltd,Oluwatoyin Abubakar,SME,Lagos,07065650204,oluwatoyin.abubakar@outlook.com,250000,Net 7,2019-04-18,Yes
CUST-01341,Bright Ltd,Joy Shehu,Corporate,Kano,08126313642,joy.shehu@businessng.com,50000,Net 7,2022-07-09,Yes
CUST-01342,Swift Nigeria Ltd,Kelechi Falode,Corporate,Kano,08125525304,kelechi.falode@businessng.com,250000,Immediate,2018-07-15,Yes
CUST-01343,Swift Enterprises,Temitope Chukwu,SME,Lagos,07032801653,temitope.chukwu@gmail.com,50000,Net 14,2020-06-10,Yes
CUST-01344,Crown Nigeria Ltd,Titi Eze,Corporate,Abuja,09018424380,titi.eze@yahoo.com,1000000,Net 30,2022-10-09,Yes
CUST-01345,Ngozi Ogunwale,Ngozi Ogunwale,Individual,Lagos,08169246334,ngozi.ogunwale@hotmail.com,500000,Net 14,2019-10-22,Yes
CUST-01346,Iron Ventures,Blessing Falode,Corporate,Lagos,07063424571,blessing.falode@tradingco.ng,0,Net 30,2018-12-11,Yes
CUST-01347,Gold Solutions,Kunle Danjuma,Corporate,Lagos,07034873783,kunle.danjuma@hotmail.com,500000,Net 30,2018-02-19,Yes
CUST-01348,Iron Ltd,Hassan Yusuf,Corporate,Abuja,08126791229,hassan.yusuf@outlook.com,250000,Immediate,2020-10-02,Yes
CUST-01349,Lagos Group,Bisi Mensah,SME,Lagos,07037150439,bisi.mensah@outlook.com,250000,Net 7,2018-12-12,Yes
CUST-01350,Capital Ltd,Akintunde Abubakar,Corporate,Ibadan,08162509488,akintunde.abubakar@tradingco.ng,50000,Immediate,2021-06-14,Yes
CUST-01351,Lagos Services Ltd,Ade Mensah,SME,Lagos,07033376224,ade.mensah@businessng.com,250000,Net 14,2022-11-19,Yes
CUST-01352,Eagle Global Ltd,Aminu Umar,Corporate,Lagos,08121874873,aminu.umar@eaglegloba.com.ng,1000000,Net 7,2019-08-14,Yes
CUST-01353,Apex Global Ltd,Bisi Adesanya,Corporate,Kano,08062130484,bisi.adesanya@businessng.com,0,Net 14,2022-08-01,Yes
CUST-01354,Capital Enterprises,Godwin Adegoke,SME,Lagos,09074134096,godwin.adegoke@yahoo.com,0,Net 14,2022-10-18,Yes
CUST-01355,Central Trading Co,Blessing Bakare,Corporate,Lagos,08053264070,blessing.bakare@yahoo.com,0,Net 30,2018-11-16,Yes
CUST-01356,Abuja Services Ltd,Iyanuoluwa Faleye,Corporate,Lagos,09013938445,iyanuoluwa.faleye@tradingco.ng,0,Net 7,2018-11-28,Yes
CUST-01357,Zenith Solutions,Emeka Akinwale,Corporate,Abuja,09079220106,emeka.akinwale@tradingco.ng,250000,Net 30,2020-12-11,Yes
CUST-01358,Happy Olatunji,Happy Olatunji,Individual,Ibadan,08055218292,happy.olatunji@happyolatu.com.ng,250000,Net 7,2020-10-27,Yes
CUST-01359,Eagle Ventures,Temitope Abubakar,Corporate,Abuja,07032938375,temitope.abubakar@eagleventu.com.ng,250000,Net 30,2020-02-09,Yes
CUST-01360,Elite Ltd,Ngozi Danjuma,SME,Lagos,08053469105,ngozi.danjuma@hotmail.com,500000,Net 7,2021-08-22,Yes
CUST-01361,National Services Ltd,Fatima Tinubu,Corporate,Lagos,09017698122,fatima.tinubu@hotmail.com,1000000,Net 30,2020-01-31,Yes
CUST-01362,Federal Enterprises,Titilayo Adewale,Corporate,Port Harcourt,08065956293,titilayo.adewale@outlook.com,0,Net 14,2020-08-10,Yes
CUST-01363,Power Trading Co,Nneka Faleye,Corporate,Kano,09011679886,nneka.faleye@businessng.com,250000,Immediate,2019-12-23,Yes
CUST-01364,Zenith Nigeria Ltd,Ibrahim Ogundimu,Corporate,Lagos,09075523281,ibrahim.ogundimu@gmail.com,0,Net 7,2021-07-15,Yes
CUST-01365,Future Ventures,Ngozi Adebayo,Corporate,Abuja,07066478510,ngozi.adebayo@outlook.com,100000,Immediate,2022-06-29,Yes
CUST-01366,Platinum Trading Co,Chidi Salami,SME,Lagos,08119488394,chidi.salami@gmail.com,50000,Net 30,2019-11-08,Yes
CUST-01367,Abuja Enterprises,Bunmi Agboola,SME,Lagos,08162563462,bunmi.agboola@abujaenter.com.ng,250000,Net 14,2020-03-18,Yes
CUST-01368,Unity Global Ltd,Babatunde Umar,Corporate,Abuja,08124249147,babatunde.umar@hotmail.com,50000,Net 30,2021-01-25,Yes
CUST-01369,Swift Ltd,Oluwatoyin Adeyemi,Corporate,Lagos,09012108790,oluwatoyin.adeyemi@yahoo.com,250000,Net 7,2021-10-09,Yes
CUST-01370,Future Ventures,Tunde Taiwo,SME,Ibadan,07068867277,tunde.taiwo@outlook.com,500000,Net 14,2021-07-17,Yes
CUST-01371,Grace Tinubu,Grace Tinubu,Individual,Port Harcourt,08129724962,grace.tinubu@tradingco.ng,100000,Net 7,2019-04-09,Yes
CUST-01372,Central Solutions,Ronke Garba,Corporate,Abuja,08051860445,ronke.garba@centralsol.com.ng,100000,Net 14,2018-08-07,Yes
CUST-01373,Federal Services Ltd,Akintunde Balogun,Corporate,Lagos,08069486648,akintunde.balogun@outlook.com,250000,Net 30,2020-05-08,Yes
CUST-01374,Swift Ventures,Ramatu Mensah,Corporate,Abuja,08112112674,ramatu.mensah@businessng.com,100000,Immediate,2020-06-11,Yes
CUST-01375,Apex Group,Oluwakemi Adewale,SME,Abuja,08066167506,oluwakemi.adewale@yahoo.com,250000,Net 30,2020-03-22,Yes
CUST-01376,Kano Global Ltd,Hamisu Adekunle,Corporate,Kano,08136639011,hamisu.adekunle@yahoo.com,500000,Net 14,2021-04-30,Yes
CUST-01377,Zenith Enterprises,Segun Mensah,Corporate,Kano,08059265269,segun.mensah@gmail.com,1000000,Net 7,2018-04-16,Yes
CUST-01378,Kano Group,Funmilayo Abubakar,Corporate,Port Harcourt,08116993668,funmilayo.abubakar@tradingco.ng,500000,Immediate,2018-03-24,Yes
CUST-01379,Summit Ltd,Aisha Bello,Corporate,Kano,08034225388,aisha.bello@businessng.com,50000,Net 30,2022-08-15,Yes
CUST-01380,Eagle Ventures,Sola Olayemi,Corporate,Lagos,08132089554,sola.olayemi@hotmail.com,500000,Net 14,2018-11-19,Yes
CUST-01381,Kano Ltd,Ifeanyi Faleye,Corporate,Abuja,07063731440,ifeanyi.faleye@tradingco.ng,250000,Net 30,2020-01-05,Yes
CUST-01382,Maryam Fadipe,Maryam Fadipe,Individual,Abuja,08054944744,maryam.fadipe@businessng.com,100000,Net 14,2019-03-08,Yes
CUST-01383,Prime Nigeria Ltd,Oluwakemi Lawal,Corporate,Lagos,08122974982,oluwakemi.lawal@yahoo.com,0,Net 30,2018-09-16,Yes
CUST-01384,Vision Ventures,Musa Sanusi,Corporate,Lagos,09018303706,musa.sanusi@hotmail.com,0,Net 14,2021-12-23,Yes
CUST-01385,Swift Holdings,Chinyere Abubakar,Corporate,Lagos,07062108224,chinyere.abubakar@gmail.com,0,Net 14,2020-03-08,Yes
CUST-01386,Vision Services Ltd,Folake Taiwo,Corporate,Lagos,07068085830,folake.taiwo@tradingco.ng,100000,Net 7,2018-01-16,Yes
CUST-01387,Future Enterprises,Lola Mensah,SME,Lagos,08135026924,lola.mensah@futureente.com.ng,500000,Net 30,2019-07-24,Yes
CUST-01388,Aminu Abubakar,Aminu Abubakar,Individual,Lagos,08117052003,aminu.abubakar@tradingco.ng,100000,Net 14,2019-11-22,Yes
CUST-01389,Elite Global Ltd,Nnamdi Sanusi,SME,Lagos,07069472177,nnamdi.sanusi@outlook.com,500000,Net 30,2020-12-18,Yes
CUST-01390,Ngozi Sanusi,Ngozi Sanusi,Individual,Lagos,09015868635,ngozi.sanusi@ngozisanus.com.ng,250000,Immediate,2019-08-06,Yes
CUST-01391,Eagle Services Ltd,Aminu Olayemi,SME,Abuja,09014874618,aminu.olayemi@outlook.com,500000,Net 7,2020-07-09,Yes
CUST-01392,Lagos Holdings,Chinyere Abubakar,Corporate,Lagos,08039904386,chinyere.abubakar@yahoo.com,0,Net 7,2022-08-10,Yes
CUST-01393,Star Nigeria Ltd,Hamisu Adeyemi,SME,Lagos,09077991989,hamisu.adeyemi@gmail.com,500000,Net 14,2022-04-24,Yes
CUST-01394,Kano Nigeria Ltd,Ifeanyi Olayemi,Corporate,Lagos,08056512781,ifeanyi.olayemi@yahoo.com,500000,Net 7,2018-01-30,Yes
CUST-01395,Federal Services Ltd,Ifeoma Wada,SME,Lagos,08063178982,ifeoma.wada@tradingco.ng,1000000,Net 14,2018-12-13,Yes
CUST-01396,Swift Holdings,Ebunoluwa Suleiman,Corporate,Lagos,08137063782,ebunoluwa.suleiman@gmail.com,100000,Net 14,2021-01-15,Yes
CUST-01397,Zenith Global Ltd,Emeka Tinubu,Corporate,Lagos,07034002626,emeka.tinubu@gmail.com,250000,Net 14,2018-09-06,Yes
CUST-01398,Abuja Nigeria Ltd,Blessing Aliyu,SME,Abuja,08066926386,blessing.aliyu@yahoo.com,250000,Net 7,2021-01-21,Yes
CUST-01399,Nuhu Badmus,Nuhu Badmus,Individual,Lagos,08063722810,nuhu.badmus@yahoo.com,100000,Net 7,2020-12-05,Yes
CUST-01400,Power Ltd,Nnamdi Salami,SME,Lagos,08058254494,nnamdi.salami@gmail.com,500000,Net 30,2019-03-11,Yes
CUST-01401,Eagle Global Ltd,Nuhu Fadahunsi,SME,Port Harcourt,09018681501,nuhu.fadahunsi@hotmail.com,100000,Net 14,2019-02-12,Yes
CUST-01402,Power Ltd,Chidi Nwachukwu,Corporate,Port Harcourt,07066682872,chidi.nwachukwu@hotmail.com,1000000,Immediate,2019-10-08,Yes
CUST-01403,Royal Ventures,Biodun Bello,SME,Lagos,09019293739,biodun.bello@royalventu.com.ng,500000,Net 14,2018-09-03,Yes
CUST-01404,Federal Solutions,Damilola Fadahunsi,Corporate,Kano,08055923296,damilola.fadahunsi@gmail.com,0,Immediate,2019-09-07,Yes
CUST-01405,Bright Solutions,Blessing Suleiman,Corporate,Lagos,08052248178,blessing.suleiman@brightsolu.com.ng,100000,Immediate,2020-10-17,Yes
CUST-01406,Kano Group,Lola Okonkwo,Corporate,Lagos,08063305604,lola.okonkwo@kanogroup.com.ng,500000,Immediate,2020-01-13,Yes
CUST-01407,Vision Nigeria Ltd,Ade Sanusi,Corporate,Lagos,08124561978,ade.sanusi@visionnige.com.ng,0,Net 7,2018-04-11,Yes
CUST-01408,Summit Trading Co,Joy Salami,SME,Kano,09075986295,joy.salami@summittrad.com.ng,1000000,Net 14,2018-07-25,Yes
CUST-01409,Future Solutions,Ibrahim Adewale,Corporate,Ibadan,08033296660,ibrahim.adewale@gmail.com,0,Immediate,2018-08-07,Yes
CUST-01410,Gold Trading Co,Nnamdi Badmus,Corporate,Lagos,07033664338,nnamdi.badmus@goldtradin.com.ng,500000,Net 7,2018-06-17,Yes
CUST-01411,Crown Ltd,Gbenga Fadipe,SME,Abuja,08163125026,gbenga.fadipe@yahoo.com,1000000,Net 7,2020-04-15,Yes
CUST-01412,Faith Balogun,Faith Balogun,Individual,Ibadan,08169265342,faith.balogun@faithbalog.com.ng,50000,Immediate,2020-05-30,Yes
CUST-01413,Kano Group,Abosede Bakare,SME,Lagos,08057904546,abosede.bakare@kanogroup.com.ng,100000,Net 14,2019-05-26,Yes
CUST-01414,Urban Ltd,Victor Adewale,Corporate,Lagos,08054207215,victor.adewale@tradingco.ng,100000,Net 7,2021-03-26,Yes
CUST-01415,Prime Global Ltd,Ismail Chukwu,Corporate,Lagos,08032211302,ismail.chukwu@tradingco.ng,250000,Net 7,2019-03-23,Yes
CUST-01416,Global Nigeria Ltd,Abubakar Adeyemi,SME,Port Harcourt,08037934960,abubakar.adeyemi@gmail.com,100000,Net 7,2020-07-04,Yes
CUST-01417,Capital Group,Monday Fadipe,Corporate,Abuja,08059705125,monday.fadipe@tradingco.ng,100000,Net 30,2021-09-20,Yes
CUST-01418,Elite Global Ltd,Kunle Akinwale,Corporate,Abuja,09015595236,kunle.akinwale@hotmail.com,0,Net 14,2018-01-07,Yes
CUST-01419,Steel Trading Co,Toluwani Ibrahim,Corporate,Lagos,08167935774,toluwani.ibrahim@gmail.com,100000,Net 7,2019-08-04,Yes
CUST-01420,Metro Trading Co,Ngozi Sanusi,Corporate,Lagos,08128624054,ngozi.sanusi@outlook.com,100000,Net 7,2020-07-09,Yes
CUST-01421,Swift Services Ltd,Ronke Akinwale,Corporate,Lagos,09013239535,ronke.akinwale@gmail.com,50000,Net 30,2020-02-27,Yes
CUST-01422,Kayode Garba,Kayode Garba,Individual,Abuja,09075275022,kayode.garba@tradingco.ng,0,Net 14,2022-11-01,Yes
CUST-01423,Crown Global Ltd,Sade Okonkwo,Corporate,Lagos,07035098576,sade.okonkwo@businessng.com,1000000,Net 7,2021-07-09,Yes
CUST-01424,Silver Ventures,Rotimi Okonkwo,Corporate,Lagos,08039070163,rotimi.okonkwo@yahoo.com,50000,Immediate,2022-02-09,Yes
CUST-01425,Elite Holdings,Hauwa Yusuf,Corporate,Port Harcourt,08126987578,hauwa.yusuf@gmail.com,250000,Net 30,2021-07-03,Yes
CUST-01426,Power Services Ltd,Aliyu Abubakar,Corporate,Ibadan,08169933632,aliyu.abubakar@outlook.com,250000,Net 7,2020-06-01,Yes
CUST-01427,Unity Global Ltd,Blessing Osei,Corporate,Abuja,08034438647,blessing.osei@hotmail.com,250000,Immediate,2018-07-30,Yes
CUST-01428,Global Global Ltd,Kike Fashola,Corporate,Abuja,08061614312,kike.fashola@outlook.com,0,Net 30,2018-09-04,Yes
CUST-01429,Federal Ventures,Oluwatoyin Mensah,Corporate,Lagos,08065199616,oluwatoyin.mensah@businessng.com,500000,Net 7,2018-04-01,Yes
CUST-01430,Zenith Services Ltd,Mercy Adesanya,SME,Lagos,08056548965,mercy.adesanya@gmail.com,0,Net 7,2021-03-24,Yes
CUST-01431,Power Services Ltd,Ngozi Yusuf,Corporate,Kano,08131451296,ngozi.yusuf@tradingco.ng,0,Immediate,2021-09-28,Yes
CUST-01432,National Ltd,Gbenga Bakare,Corporate,Ibadan,08134285919,gbenga.bakare@businessng.com,50000,Net 7,2018-09-29,Yes
CUST-01433,National Ventures,Amaka Taiwo,SME,Lagos,08032977634,amaka.taiwo@tradingco.ng,1000000,Net 7,2020-01-21,Yes
CUST-01434,Eagle Enterprises,Adeola Adekunle,Corporate,Abuja,08051127889,adeola.adekunle@yahoo.com,100000,Immediate,2020-12-27,Yes
CUST-01435,Chioma Mensah,Chioma Mensah,Individual,Lagos,08162228310,chioma.mensah@yahoo.com,250000,Immediate,2020-06-09,Yes
CUST-01436,Future Services Ltd,Sola Lawal,SME,Lagos,08129939702,sola.lawal@tradingco.ng,500000,Net 7,2020-07-08,Yes
CUST-01437,Abuja Group,Nuhu Balogun,SME,Lagos,08124592792,nuhu.balogun@tradingco.ng,0,Net 7,2020-04-11,Yes
CUST-01438,Royal Enterprises,Mercy Adegoke,Corporate,Lagos,08169951364,mercy.adegoke@businessng.com,0,Net 30,2020-03-19,Yes
CUST-01439,National Enterprises,Adewale Ogunleye,Corporate,Lagos,08039529804,adewale.ogunleye@businessng.com,500000,Immediate,2019-05-10,Yes
CUST-01440,Summit Solutions,Umar Ogunleye,SME,Lagos,07063284720,umar.ogunleye@businessng.com,50000,Immediate,2020-05-25,Yes
CUST-01441,Summit Trading Co,Biodun Badmus,Corporate,Lagos,08128421362,biodun.badmus@gmail.com,250000,Immediate,2022-02-19,No
CUST-01442,Folake Adesanya,Folake Adesanya,Individual,Lagos,07061502647,folake.adesanya@gmail.com,0,Immediate,2022-05-07,Yes
CUST-01443,Iyanuoluwa Badmus,Iyanuoluwa Badmus,Individual,Lagos,08066410595,iyanuoluwa.badmus@yahoo.com,1000000,Immediate,2018-06-19,Yes
CUST-01444,Iron Trading Co,Nnamdi Badmus,Corporate,Port Harcourt,07061960454,nnamdi.badmus@businessng.com,1000000,Immediate,2022-01-12,Yes
CUST-01445,Hadiza Akinwale,Hadiza Akinwale,Individual,Lagos,09075863073,hadiza.akinwale@businessng.com,100000,Net 14,2018-11-23,Yes
CUST-01446,Metro Solutions,Bashir Taiwo,SME,Abuja,09072285199,bashir.taiwo@yahoo.com,50000,Net 14,2020-10-23,Yes
CUST-01447,Prime Trading Co,Aliyu Akinwale,SME,Abuja,09011440424,aliyu.akinwale@gmail.com,500000,Immediate,2018-01-06,Yes
CUST-01448,Future Nigeria Ltd,Fatima Akinwale,Corporate,Abuja,09075615065,fatima.akinwale@futurenige.com.ng,50000,Net 30,2020-02-13,Yes
CUST-01449,Abuja Trading Co,Dele Adewale,Corporate,Lagos,07067200293,dele.adewale@tradingco.ng,0,Net 14,2019-09-28,Yes
CUST-01450,Prime Services Ltd,Bunmi Abubakar,SME,Lagos,08054488260,bunmi.abubakar@yahoo.com,250000,Net 30,2021-06-19,Yes
CUST-01451,Godwin Falode,Godwin Falode,Individual,Port Harcourt,09074099866,godwin.falode@yahoo.com,0,Immediate,2019-07-03,Yes
CUST-01452,Royal Trading Co,Iyanuoluwa Akintoye,Corporate,Kano,08035389050,iyanuoluwa.akintoye@tradingco.ng,1000000,Net 14,2022-10-22,Yes
CUST-01453,Federal Trading Co,Yusuf Adeniyi,SME,Lagos,08054148815,yusuf.adeniyi@federaltra.com.ng,1000000,Immediate,2020-03-29,Yes
CUST-01454,Bright Holdings,Rotimi Kehinde,Corporate,Kano,08115951813,rotimi.kehinde@tradingco.ng,50000,Net 14,2020-04-14,Yes
CUST-01455,Unity Group,Olumide Chukwu,Corporate,Ibadan,09078229118,olumide.chukwu@yahoo.com,0,Net 14,2022-05-13,Yes
CUST-01456,Kano Holdings,Obiora Abubakar,Corporate,Lagos,07067269057,obiora.abubakar@businessng.com,100000,Immediate,2019-01-18,Yes
CUST-01457,Future Trading Co,Monday Kehinde,Corporate,Port Harcourt,08135929701,monday.kehinde@yahoo.com,1000000,Immediate,2021-10-01,Yes
CUST-01458,Abuja Solutions,Yetunde Umar,Corporate,Kano,08129897879,yetunde.umar@abujasolut.com.ng,0,Net 7,2022-02-05,Yes
CUST-01459,Fatima Olawale,Fatima Olawale,Individual,Abuja,09073993971,fatima.olawale@businessng.com,100000,Net 14,2022-01-25,Yes
CUST-01460,Future Ltd,Precious Yusuf,Corporate,Lagos,08111965082,precious.yusuf@businessng.com,100000,Net 7,2019-02-24,Yes
CUST-01461,Elite Trading Co,Emmanuel Bakare,Corporate,Lagos,08126286061,emmanuel.bakare@tradingco.ng,0,Net 30,2022-01-31,Yes
CUST-01462,Crown Ventures,Temitope Bello,Corporate,Abuja,09078825732,temitope.bello@tradingco.ng,0,Immediate,2021-05-27,Yes
CUST-01463,Elite Services Ltd,Sadiq Mensah,SME,Lagos,08137794680,sadiq.mensah@tradingco.ng,100000,Net 7,2018-03-22,Yes
CUST-01464,Central Services Ltd,Monday Osei,Corporate,Ibadan,07067532052,monday.osei@gmail.com,250000,Net 30,2022-05-15,Yes
CUST-01465,Apex Ltd,Chukwuemeka Okafor,Corporate,Kano,08066613463,chukwuemeka.okafor@businessng.com,250000,Immediate,2021-01-30,Yes
CUST-01466,Future Services Ltd,Dele Yusuf,Corporate,Port Harcourt,09015427291,dele.yusuf@tradingco.ng,100000,Immediate,2022-01-24,Yes
CUST-01467,Gold Group,Nuhu Kehinde,Corporate,Kano,07063246910,nuhu.kehinde@gmail.com,0,Net 14,2021-05-21,Yes
CUST-01468,Kano Nigeria Ltd,Iyanuoluwa Ogunleye,SME,Kano,07034789035,iyanuoluwa.ogunleye@yahoo.com,250000,Net 30,2019-12-04,Yes
CUST-01469,Swift Enterprises,Emmanuel Adewale,Corporate,Lagos,08129486798,emmanuel.adewale@yahoo.com,0,Net 7,2020-07-13,Yes
CUST-01470,Summit Solutions,Aisha Adewale,Corporate,Lagos,07033181918,aisha.adewale@summitsolu.com.ng,500000,Net 30,2022-03-11,Yes
CUST-01471,Chiamaka Okonkwo,Chiamaka Okonkwo,Individual,Lagos,08169260690,chiamaka.okonkwo@hotmail.com,250000,Net 30,2022-06-08,No
CUST-01472,Royal Enterprises,Uchenna Yusuf,Corporate,Abuja,08031707302,uchenna.yusuf@yahoo.com,0,Net 7,2020-01-10,Yes
CUST-01473,Happy Mensah,Happy Mensah,Individual,Lagos,08053583553,happy.mensah@tradingco.ng,250000,Immediate,2019-10-19,No
CUST-01474,Segun Okafor,Segun Okafor,Individual,Lagos,07036713202,segun.okafor@outlook.com,0,Net 30,2020-11-08,Yes
CUST-01475,Urban Services Ltd,Ngozi Olatunji,Corporate,Abuja,09073392360,ngozi.olatunji@urbanservi.com.ng,50000,Net 14,2019-08-18,No
CUST-01476,Zenith Trading Co,Kayode Chukwu,Corporate,Abuja,08166748029,kayode.chukwu@outlook.com,50000,Net 30,2022-11-03,Yes
CUST-01477,National Group,Aminu Abubakar,Corporate,Kano,08061895909,aminu.abubakar@gmail.com,1000000,Net 14,2020-07-13,Yes
CUST-01478,Central Group,Bashir Bakare,Corporate,Kano,08122087833,bashir.bakare@businessng.com,100000,Net 14,2021-03-21,Yes
CUST-01479,Swift Holdings,Victor Adebayo,Corporate,Ibadan,08128058810,victor.adebayo@businessng.com,500000,Net 30,2022-11-16,No
CUST-01480,Steel Nigeria Ltd,Joy Fadipe,SME,Kano,07033435733,joy.fadipe@steelniger.com.ng,100000,Net 30,2021-07-28,Yes
CUST-01481,Crown Solutions,Rotimi Wada,SME,Lagos,09076194113,rotimi.wada@crownsolut.com.ng,500000,Net 7,2018-12-25,Yes
CUST-01482,Kano Enterprises,Gbenga Sanusi,Corporate,Ibadan,08057781554,gbenga.sanusi@kanoenterp.com.ng,500000,Immediate,2020-04-15,Yes
CUST-01483,Gold Nigeria Ltd,Yusuf Adeniyi,Corporate,Abuja,08051512046,yusuf.adeniyi@tradingco.ng,250000,Net 7,2022-03-15,Yes
CUST-01484,National Group,Joy Agboola,Corporate,Port Harcourt,08117070025,joy.agboola@tradingco.ng,50000,Net 7,2021-09-08,Yes
CUST-01485,Zenith Group,Oluwaseun Bakare,Corporate,Abuja,08112976444,oluwaseun.bakare@yahoo.com,1000000,Net 30,2019-12-01,Yes
CUST-01486,Hamisu Olayemi,Hamisu Olayemi,Individual,Abuja,09073459745,hamisu.olayemi@hotmail.com,1000000,Net 14,2018-07-11,Yes
CUST-01487,Silver Nigeria Ltd,Faith Akinwale,Corporate,Lagos,08039085428,faith.akinwale@businessng.com,250000,Immediate,2021-10-08,Yes
CUST-01488,Vision Ventures,Godwin Nwachukwu,SME,Lagos,08065226693,godwin.nwachukwu@businessng.com,50000,Net 14,2020-03-27,Yes
CUST-01489,Dele Olayemi,Dele Olayemi,Individual,Lagos,09075561749,dele.olayemi@tradingco.ng,0,Immediate,2022-09-02,Yes
CUST-01490,Central Holdings,Temitope Adeyemi,Corporate,Kano,08057531140,temitope.adeyemi@gmail.com,0,Immediate,2022-09-04,No
CUST-01491,Summit Global Ltd,Blessing Nwachukwu,Corporate,Kano,07061427572,blessing.nwachukwu@gmail.com,0,Net 30,2020-12-16,Yes
CUST-01492,Eagle Group,Ifeoma Musa,SME,Lagos,09017841598,ifeoma.musa@businessng.com,50000,Net 7,2022-11-21,Yes
CUST-01493,Bright Ltd,Chinyere Adewale,SME,Ibadan,07064699556,chinyere.adewale@tradingco.ng,100000,Net 14,2018-02-04,Yes
CUST-01494,Gold Enterprises,Titi Faleye,Corporate,Lagos,09013344288,titi.faleye@tradingco.ng,250000,Net 30,2021-10-07,Yes
CUST-01495,Summit Services Ltd,Bello Okonkwo,SME,Ibadan,08118954738,bello.okonkwo@hotmail.com,0,Net 7,2021-03-03,Yes
CUST-01496,Apex Holdings,Godwin Sanusi,Corporate,Kano,08119951249,godwin.sanusi@outlook.com,0,Net 7,2019-02-11,Yes
CUST-01497,Vision Group,Temitope Mensah,Corporate,Port Harcourt,08134399375,temitope.mensah@outlook.com,250000,Immediate,2020-08-14,Yes
CUST-01498,Swift Nigeria Ltd,Obiora Adeyemi,Corporate,Lagos,08123741108,obiora.adeyemi@gmail.com,250000,Immediate,2019-03-25,No
CUST-01499,Vision Enterprises,Fatima Bakare,SME,Abuja,09016787556,fatima.bakare@hotmail.com,0,Net 7,2019-03-23,Yes
CUST-01500,Heritage Solutions,Ismail Ogunwale,Corporate,Kano,08033830208,ismail.ogunwale@businessng.com,500000,Net 14,2018-04-08,Yes
CUST-01501,Crown Holdings,Maryam Ogundimu,Corporate,Lagos,07031887516,maryam.ogundimu@yahoo.com,250000,Net 7,2021-10-28,Yes
CUST-01502,Crown Enterprises,Hamisu Adeniyi,SME,Abuja,09019613268,hamisu.adeniyi@yahoo.com,50000,Immediate,2018-01-29,Yes
CUST-01503,Dynamic Nigeria Ltd,Ifeanyi Bakare,SME,Port Harcourt,08165380503,ifeanyi.bakare@dynamicnig.com.ng,250000,Net 7,2021-03-18,Yes
CUST-01504,Toyin Balogun,Toyin Balogun,Individual,Port Harcourt,08128347263,toyin.balogun@yahoo.com,250000,Net 7,2022-11-27,Yes
CUST-01505,Vision Holdings,Kayode Ogundimu,Corporate,Lagos,07064840443,kayode.ogundimu@visionhold.com.ng,250000,Immediate,2020-10-06,Yes
CUST-01506,Steel Services Ltd,Sade Kehinde,Corporate,Port Harcourt,08037755502,sade.kehinde@businessng.com,250000,Net 7,2020-04-09,Yes
CUST-01507,Capital Ltd,Iyanuoluwa Balogun,Corporate,Abuja,09073409702,iyanuoluwa.balogun@gmail.com,1000000,Net 7,2019-01-05,Yes
CUST-01508,Summit Holdings,Hadiza Kehinde,Corporate,Port Harcourt,08117141140,hadiza.kehinde@gmail.com,100000,Net 30,2018-08-03,Yes
CUST-01509,Eagle Trading Co,Sade Olatunji,Corporate,Port Harcourt,08132220597,sade.olatunji@eagletradi.com.ng,50000,Net 14,2021-03-08,Yes
CUST-01510,Abuja Global Ltd,Happy Abubakar,SME,Abuja,08125845328,happy.abubakar@businessng.com,500000,Immediate,2018-11-21,Yes
CUST-01511,National Trading Co,Akintunde Wada,Corporate,Abuja,08125207244,akintunde.wada@nationaltr.com.ng,100000,Net 7,2019-09-03,Yes
CUST-01512,Eagle Nigeria Ltd,Precious Ogundimu,SME,Lagos,07068581014,precious.ogundimu@tradingco.ng,500000,Net 30,2022-07-18,No
CUST-01513,Summit Group,Blessing Fadipe,SME,Lagos,08167738624,blessing.fadipe@hotmail.com,250000,Net 30,2019-02-06,Yes
CUST-01514,Abuja Holdings,Olumide Falode,SME,Ibadan,08062065035,olumide.falode@tradingco.ng,1000000,Net 30,2020-10-10,Yes
CUST-01515,Platinum Trading Co,Yetunde Ogunwale,Corporate,Abuja,08133172440,yetunde.ogunwale@outlook.com,500000,Net 7,2020-10-08,No
CUST-01516,Vision Trading Co,Damilola Fadipe,SME,Lagos,08054124541,damilola.fadipe@tradingco.ng,1000000,Net 7,2020-01-26,Yes
CUST-01517,Diamond Holdings,Ngozi Taiwo,Corporate,Ibadan,08126567970,ngozi.taiwo@tradingco.ng,250000,Immediate,2018-03-04,Yes
CUST-01518,Dynamic Group,Femi Garba,SME,Abuja,07035214532,femi.garba@yahoo.com,500000,Net 30,2020-08-01,Yes
CUST-01519,Kano Enterprises,Abosede Fashola,Corporate,Port Harcourt,08163233012,abosede.fashola@tradingco.ng,500000,Net 14,2022-06-05,Yes
CUST-01520,Crown Group,Iyanuoluwa Nwachukwu,SME,Abuja,08135374296,iyanuoluwa.nwachukwu@gmail.com,1000000,Net 14,2019-01-18,Yes
CUST-01521,Future Holdings,Bunmi Adeniyi,Corporate,Lagos,08123883285,bunmi.adeniyi@hotmail.com,500000,Net 7,2022-11-14,Yes
CUST-01522,Capital Nigeria Ltd,Umar Ogunleye,SME,Lagos,09072781918,umar.ogunleye@capitalnig.com.ng,1000000,Net 30,2020-01-27,Yes
CUST-01523,Lagos Holdings,Hassan Ogundele,SME,Kano,07061262268,hassan.ogundele@lagosholdi.com.ng,100000,Net 30,2022-05-03,Yes
CUST-01524,Elite Solutions,Hauwa Obi,Corporate,Port Harcourt,08123012893,hauwa.obi@tradingco.ng,500000,Immediate,2022-09-01,Yes
CUST-01525,Star Global Ltd,Happy Adeniyi,Corporate,Kano,07064959725,happy.adeniyi@outlook.com,0,Immediate,2022-09-14,Yes
CUST-01526,Vision Solutions,Hamisu Umar,Corporate,Abuja,08066482254,hamisu.umar@businessng.com,100000,Net 7,2018-08-08,Yes
CUST-01527,Silver Services Ltd,Suleiman Falode,Corporate,Ibadan,09072633729,suleiman.falode@yahoo.com,250000,Net 30,2022-10-10,Yes
CUST-01528,Bright Nigeria Ltd,Olumide Falode,Corporate,Lagos,08061590426,olumide.falode@businessng.com,100000,Net 7,2020-07-24,Yes
CUST-01529,Metro Trading Co,Blessing Olayemi,SME,Lagos,08123208458,blessing.olayemi@businessng.com,250000,Immediate,2019-07-11,Yes
CUST-01530,Power Holdings,Dele Ogundimu,SME,Lagos,08136551467,dele.ogundimu@powerholdi.com.ng,250000,Net 30,2018-04-30,Yes
CUST-01531,Abuja Solutions,Titi Ogunwale,SME,Lagos,08139266333,titi.ogunwale@tradingco.ng,100000,Net 14,2022-02-26,Yes
CUST-01532,Platinum Group,Mercy Fadahunsi,Corporate,Lagos,08125832385,mercy.fadahunsi@yahoo.com,500000,Net 7,2019-09-16,Yes
CUST-01533,Tunde Badmus,Tunde Badmus,Individual,Abuja,07061426069,tunde.badmus@yahoo.com,0,Immediate,2018-03-29,Yes
CUST-01534,National Nigeria Ltd,Bola Fadahunsi,Corporate,Lagos,08132941686,bola.fadahunsi@businessng.com,100000,Net 14,2018-05-22,Yes
CUST-01535,Prime Trading Co,Aliyu Wada,SME,Lagos,08118141772,aliyu.wada@primetradi.com.ng,1000000,Net 7,2021-10-28,Yes
CUST-01536,Diamond Holdings,Ramatu Musa,SME,Kano,08129231395,ramatu.musa@yahoo.com,250000,Net 7,2020-05-16,Yes
CUST-01537,Silver Enterprises,Bunmi Musa,SME,Ibadan,08033176618,bunmi.musa@outlook.com,500000,Net 7,2020-01-26,Yes
CUST-01538,Dynamic Trading Co,Emeka Ogunleye,Corporate,Lagos,08134194779,emeka.ogunleye@businessng.com,0,Net 7,2019-02-14,Yes
CUST-01539,Heritage Ventures,Oluwaseun Fadipe,Corporate,Lagos,08037327633,oluwaseun.fadipe@tradingco.ng,0,Immediate,2020-11-30,Yes
CUST-01540,Global Trading Co,Hauwa Ogundele,Corporate,Abuja,07061406434,hauwa.ogundele@globaltrad.com.ng,50000,Net 30,2020-04-07,Yes
CUST-01541,Dynamic Group,Ismail Adegoke,Corporate,Abuja,09016382950,ismail.adegoke@outlook.com,1000000,Net 14,2021-02-25,Yes
CUST-01542,Bright Ventures,Ronke Fashola,Corporate,Lagos,07063389843,ronke.fashola@brightvent.com.ng,0,Net 30,2020-02-23,Yes
CUST-01543,Star Trading Co,Monday Bello,Corporate,Lagos,09013028864,monday.bello@tradingco.ng,250000,Net 7,2018-05-10,Yes
CUST-01544,Tosin Adebayo,Tosin Adebayo,Individual,Ibadan,08164123052,tosin.adebayo@businessng.com,0,Net 14,2019-01-08,Yes
CUST-01545,Global Holdings,Abubakar Olatunji,SME,Lagos,08068165549,abubakar.olatunji@businessng.com,100000,Immediate,2021-08-04,Yes
CUST-01546,Federal Enterprises,Yusuf Olawale,Corporate,Lagos,08117101744,yusuf.olawale@tradingco.ng,50000,Net 7,2019-10-18,Yes
CUST-01547,Urban Services Ltd,Zainab Adewale,Corporate,Ibadan,09014671962,zainab.adewale@yahoo.com,250000,Net 14,2019-05-22,Yes
CUST-01548,Urban Ventures,Hauwa Suleiman,SME,Port Harcourt,08064027624,hauwa.suleiman@hotmail.com,500000,Net 30,2018-01-06,Yes
CUST-01549,Star Group,Chidi Osei,Corporate,Lagos,08118860310,chidi.osei@businessng.com,500000,Net 30,2022-01-12,Yes
CUST-01550,Unity Ventures,Ifeanyi Lawal,Corporate,Kano,09075077319,ifeanyi.lawal@yahoo.com,50000,Immediate,2022-07-22,Yes
CUST-01551,Gold Ltd,Biodun Balogun,Corporate,Kano,08163906926,biodun.balogun@gmail.com,0,Net 14,2022-04-08,Yes
CUST-01552,Happy Badmus,Happy Badmus,Individual,Abuja,09079446669,happy.badmus@happybadmu.com.ng,500000,Net 30,2019-12-17,Yes
CUST-01553,Blessing Agbaje,Blessing Agbaje,Individual,Port Harcourt,07069629101,blessing.agbaje@outlook.com,50000,Net 7,2021-07-29,Yes
CUST-01554,Amaka Badmus,Amaka Badmus,Individual,Ibadan,08034388917,amaka.badmus@gmail.com,100000,Net 14,2019-04-29,Yes
CUST-01555,Vision Nigeria Ltd,Abiodun Olatunji,SME,Abuja,08066819805,abiodun.olatunji@businessng.com,50000,Net 7,2022-11-21,No
CUST-01556,Swift Ventures,Olumide Sanusi,Corporate,Ibadan,07061403155,olumide.sanusi@gmail.com,100000,Net 7,2020-09-05,Yes
CUST-01557,Zenith Ventures,Adewale Falode,Corporate,Abuja,09012386600,adewale.falode@yahoo.com,1000000,Net 30,2018-07-10,Yes
CUST-01558,Bright Enterprises,Rotimi Akintoye,Corporate,Lagos,08163640810,rotimi.akintoye@gmail.com,1000000,Net 30,2020-04-19,Yes
CUST-01559,Summit Nigeria Ltd,Adewale Aliyu,SME,Lagos,08057756122,adewale.aliyu@gmail.com,50000,Net 7,2018-03-27,Yes
CUST-01560,Chidi Fashola,Chidi Fashola,Individual,Lagos,08119877751,chidi.fashola@businessng.com,250000,Net 7,2019-02-10,Yes
CUST-01561,Elite Holdings,Babatunde Musa,SME,Abuja,07064496403,babatunde.musa@eliteholdi.com.ng,0,Net 7,2020-07-21,Yes
CUST-01562,Kano Enterprises,Grace Bello,Corporate,Lagos,08065772286,grace.bello@gmail.com,500000,Net 30,2021-07-04,Yes
CUST-01563,Vision Enterprises,Umar Adeyemi,SME,Lagos,08125810245,umar.adeyemi@hotmail.com,50000,Immediate,2022-09-17,Yes
CUST-01564,Diamond Nigeria Ltd,Blessing Abdullahi,Corporate,Ibadan,08111020737,blessing.abdullahi@businessng.com,50000,Net 14,2018-09-20,No
CUST-01565,National Services Ltd,Ngozi Sanusi,Corporate,Lagos,08135621484,ngozi.sanusi@yahoo.com,250000,Net 14,2021-01-30,Yes
CUST-01566,Yetunde Umar,Yetunde Umar,Individual,Lagos,08161453692,yetunde.umar@outlook.com,0,Net 7,2018-02-22,Yes
CUST-01567,Capital Ventures,Amaka Adekunle,Corporate,Lagos,09014872295,amaka.adekunle@capitalven.com.ng,250000,Net 14,2018-05-04,Yes
CUST-01568,Chidi Agboola,Chidi Agboola,Individual,Lagos,08058150430,chidi.agboola@businessng.com,500000,Immediate,2020-04-24,Yes
CUST-01569,Crown Group,Biodun Musa,SME,Lagos,07033660840,biodun.musa@businessng.com,1000000,Immediate,2019-03-31,Yes
CUST-01570,Royal Ltd,Adaeze Chukwu,Corporate,Kano,07067803832,adaeze.chukwu@hotmail.com,500000,Net 30,2020-01-25,Yes
CUST-01571,Iron Ventures,Precious Osei,Corporate,Port Harcourt,07067240617,precious.osei@outlook.com,250000,Net 7,2019-05-20,Yes
CUST-01572,Steel Holdings,Chioma Fashola,Corporate,Lagos,08061740271,chioma.fashola@steelholdi.com.ng,0,Immediate,2022-06-21,Yes
CUST-01573,Silver Trading Co,Babatunde Eze,Corporate,Lagos,08068538435,babatunde.eze@hotmail.com,100000,Immediate,2020-09-28,Yes
CUST-01574,Zenith Trading Co,Grace Abubakar,SME,Lagos,08117144552,grace.abubakar@hotmail.com,0,Net 7,2021-04-28,Yes
CUST-01575,Steel Nigeria Ltd,Umar Lawal,Corporate,Lagos,09071712203,umar.lawal@hotmail.com,250000,Immediate,2019-05-20,Yes
CUST-01576,Summit Ltd,Kike Obi,Corporate,Lagos,07069903570,kike.obi@outlook.com,250000,Net 14,2019-02-13,Yes
CUST-01577,Apex Ltd,Kayode Lawal,Corporate,Kano,08054048854,kayode.lawal@outlook.com,500000,Net 14,2020-07-04,Yes
CUST-01578,Apex Global Ltd,Happy Suleiman,SME,Lagos,09071091715,happy.suleiman@outlook.com,50000,Net 7,2021-05-28,Yes
CUST-01579,Lagos Holdings,Abiodun Badmus,SME,Abuja,08053498354,abiodun.badmus@gmail.com,100000,Immediate,2020-12-10,Yes
CUST-01580,Prime Ltd,Blessing Adeniyi,Corporate,Lagos,08057959256,blessing.adeniyi@hotmail.com,0,Net 14,2019-11-08,Yes
CUST-01581,Star Services Ltd,Emmanuel Osei,Corporate,Kano,09018840976,emmanuel.osei@gmail.com,100000,Immediate,2018-02-10,No
CUST-01582,Eagle Ventures,Peace Chukwu,SME,Ibadan,08115522403,peace.chukwu@eagleventu.com.ng,0,Net 14,2019-05-26,Yes
CUST-01583,Prime Solutions,Aliyu Balogun,Corporate,Kano,08129419411,aliyu.balogun@gmail.com,500000,Net 14,2021-08-17,Yes
CUST-01584,Urban Global Ltd,Sade Balogun,SME,Port Harcourt,08064333025,sade.balogun@hotmail.com,500000,Net 30,2021-11-04,Yes
CUST-01585,Kano Nigeria Ltd,Yetunde Faleye,SME,Abuja,08052670620,yetunde.faleye@yahoo.com,50000,Net 30,2019-08-11,Yes
CUST-01586,Federal Global Ltd,Ronke Olatunji,Corporate,Lagos,07068329860,ronke.olatunji@yahoo.com,50000,Net 14,2021-04-08,Yes
CUST-01587,Eagle Solutions,Nuhu Adebayo,Corporate,Lagos,08053341538,nuhu.adebayo@gmail.com,50000,Net 30,2018-04-15,Yes
CUST-01588,Summit Holdings,Mercy Adesanya,Corporate,Lagos,08131460189,mercy.adesanya@tradingco.ng,1000000,Net 14,2018-07-14,Yes
CUST-01589,Dele Abdullahi,Dele Abdullahi,Individual,Port Harcourt,08129605960,dele.abdullahi@deleabdull.com.ng,500000,Net 30,2018-10-28,Yes
CUST-01590,Chidi Okonkwo,Chidi Okonkwo,Individual,Kano,09075861477,chidi.okonkwo@tradingco.ng,500000,Immediate,2022-07-28,Yes
CUST-01591,Unity Enterprises,Hauwa Umar,SME,Ibadan,08068571412,hauwa.umar@outlook.com,500000,Net 7,2021-03-15,Yes
CUST-01592,Dynamic Ltd,Titi Adeyemi,SME,Lagos,07031785548,titi.adeyemi@hotmail.com,250000,Net 14,2020-08-27,Yes
CUST-01593,Diamond Ventures,Oluwaseun Okafor,Corporate,Lagos,07037765068,oluwaseun.okafor@gmail.com,1000000,Immediate,2018-11-20,Yes
CUST-01594,Abuja Enterprises,Adeola Bakare,SME,Kano,08118104723,adeola.bakare@abujaenter.com.ng,500000,Net 7,2020-08-06,No
CUST-01595,Star Solutions,Peace Taiwo,SME,Lagos,08126949892,peace.taiwo@yahoo.com,1000000,Immediate,2019-06-14,Yes
CUST-01596,Prime Services Ltd,Adaora Shehu,Corporate,Kano,08115162620,adaora.shehu@yahoo.com,250000,Net 14,2021-10-12,Yes
CUST-01597,Power Nigeria Ltd,Umar Agboola,Corporate,Ibadan,09017679985,umar.agboola@yahoo.com,100000,Immediate,2021-05-23,Yes
CUST-01598,Federal Solutions,Precious Akinwale,Corporate,Kano,08051429849,precious.akinwale@outlook.com,250000,Net 14,2018-11-07,Yes
CUST-01599,Future Nigeria Ltd,Chidinma Tinubu,SME,Abuja,08133681120,chidinma.tinubu@outlook.com,500000,Net 7,2022-08-18,Yes
CUST-01600,Unity Ltd,Zainab Ogunwale,SME,Abuja,08124724585,zainab.ogunwale@outlook.com,500000,Net 30,2020-12-26,Yes
CUST-01601,Unity Solutions,Nuhu Abubakar,SME,Abuja,09013539041,nuhu.abubakar@businessng.com,500000,Net 30,2021-05-17,Yes
CUST-01602,Eagle Nigeria Ltd,Ngozi Okonkwo,SME,Lagos,08064597904,ngozi.okonkwo@businessng.com,0,Net 7,2020-01-03,Yes
CUST-01603,Abiodun Eze,Abiodun Eze,Individual,Abuja,08064903200,abiodun.eze@yahoo.com,250000,Net 30,2018-01-01,Yes
CUST-01604,Vision Trading Co,Dele Abubakar,Corporate,Kano,08067721091,dele.abubakar@outlook.com,1000000,Immediate,2018-12-06,Yes
CUST-01605,Lagos Nigeria Ltd,Ramatu Ogundele,Corporate,Kano,08068196045,ramatu.ogundele@outlook.com,1000000,Immediate,2022-11-23,Yes
CUST-01606,Silver Holdings,Zainab Okonkwo,SME,Lagos,09019124192,zainab.okonkwo@tradingco.ng,0,Net 7,2021-12-04,Yes
CUST-01607,Kelechi Ogunwale,Kelechi Ogunwale,Individual,Lagos,08058746461,kelechi.ogunwale@businessng.com,500000,Net 7,2018-07-18,Yes
CUST-01608,Crown Global Ltd,Chidi Garba,Corporate,Lagos,08124098885,chidi.garba@hotmail.com,1000000,Net 30,2019-06-27,Yes
CUST-01609,Federal Ventures,Precious Taiwo,SME,Abuja,08128387790,precious.taiwo@outlook.com,500000,Net 30,2021-03-07,Yes
CUST-01610,Lagos Group,Aliyu Wada,SME,Port Harcourt,08032856331,aliyu.wada@gmail.com,500000,Net 7,2022-01-19,Yes
CUST-01611,Adewale Kehinde,Adewale Kehinde,Individual,Abuja,07065133847,adewale.kehinde@tradingco.ng,250000,Immediate,2019-12-21,Yes
CUST-01612,Star Global Ltd,Nnamdi Mensah,Corporate,Kano,09077625083,nnamdi.mensah@yahoo.com,250000,Net 14,2019-05-25,Yes
CUST-01613,Lagos Group,Segun Ogundimu,SME,Abuja,08121936359,segun.ogundimu@hotmail.com,250000,Immediate,2018-04-11,Yes
CUST-01614,Lagos Enterprises,Titilayo Umar,SME,Lagos,07037313862,titilayo.umar@hotmail.com,1000000,Net 14,2022-05-28,No
CUST-01615,Star Group,Bisi Ogundele,Corporate,Abuja,07033715044,bisi.ogundele@gmail.com,100000,Net 14,2020-05-17,Yes
CUST-01616,Apex Ventures,Titi Wada,SME,Abuja,07036350795,titi.wada@yahoo.com,50000,Immediate,2020-05-20,Yes
CUST-01617,Lagos Holdings,Akintunde Balogun,Corporate,Abuja,08134092466,akintunde.balogun@businessng.com,250000,Net 14,2021-12-05,Yes
CUST-01618,Future Ventures,Segun Akintoye,SME,Kano,07064840340,segun.akintoye@gmail.com,0,Net 30,2018-11-25,Yes
CUST-01619,Dynamic Services Ltd,Gbenga Tinubu,Corporate,Abuja,09018951535,gbenga.tinubu@outlook.com,250000,Net 7,2022-04-14,Yes
CUST-01620,Summit Enterprises,Garba Okonkwo,Corporate,Lagos,08062548539,garba.okonkwo@outlook.com,500000,Net 14,2020-12-28,Yes
CUST-01621,Amaka Adeyemi,Amaka Adeyemi,Individual,Kano,08032817775,amaka.adeyemi@hotmail.com,500000,Net 30,2020-09-12,Yes
CUST-01622,Summit Enterprises,Joy Fashola,Corporate,Kano,08127012365,joy.fashola@hotmail.com,0,Net 14,2020-07-02,Yes
CUST-01623,Platinum Nigeria Ltd,Hauwa Adesanya,SME,Lagos,08063761930,hauwa.adesanya@gmail.com,50000,Net 14,2019-04-14,No
CUST-01624,Power Ventures,Aisha Obi,SME,Ibadan,08059930343,aisha.obi@gmail.com,250000,Net 14,2022-08-05,Yes
CUST-01625,Dynamic Solutions,Suleiman Suleiman,SME,Lagos,08064901721,suleiman.suleiman@dynamicsol.com.ng,100000,Net 14,2020-01-12,No
CUST-01626,Amaka Abubakar,Amaka Abubakar,Individual,Abuja,07036125491,amaka.abubakar@tradingco.ng,100000,Net 14,2021-08-28,Yes
CUST-01627,Royal Enterprises,Oluwakemi Nwachukwu,Corporate,Lagos,08138506955,oluwakemi.nwachukwu@outlook.com,500000,Net 30,2021-10-29,Yes
CUST-01628,Chidi Adebayo,Chidi Adebayo,Individual,Abuja,08165075122,chidi.adebayo@tradingco.ng,100000,Net 7,2020-09-29,Yes
CUST-01629,Diamond Enterprises,Tosin Olawale,SME,Lagos,09016932930,tosin.olawale@tradingco.ng,0,Immediate,2022-06-29,Yes
CUST-01630,Lagos Group,Fatima Bakare,Corporate,Port Harcourt,08114260851,fatima.bakare@gmail.com,250000,Net 7,2019-10-28,No
CUST-01631,Future Global Ltd,Sola Falode,Corporate,Lagos,08031600018,sola.falode@businessng.com,1000000,Immediate,2020-11-20,Yes
CUST-01632,Kano Trading Co,Titi Adeniyi,SME,Lagos,08056793850,titi.adeniyi@yahoo.com,100000,Net 14,2019-06-05,Yes
CUST-01633,Star Trading Co,Hauwa Suleiman,Corporate,Lagos,09077067174,hauwa.suleiman@tradingco.ng,0,Net 30,2021-05-19,Yes
CUST-01634,Crown Ltd,Chidi Lawal,SME,Port Harcourt,08116377073,chidi.lawal@yahoo.com,1000000,Immediate,2018-10-29,Yes
CUST-01635,Lagos Trading Co,Blessing Ogundimu,SME,Ibadan,08058140130,blessing.ogundimu@lagostradi.com.ng,500000,Net 7,2022-04-15,Yes
CUST-01636,Unity Services Ltd,Ibrahim Danjuma,SME,Lagos,07038539918,ibrahim.danjuma@tradingco.ng,50000,Net 14,2020-02-11,Yes
CUST-01637,Temitope Mensah,Temitope Mensah,Individual,Kano,09077397798,temitope.mensah@tradingco.ng,100000,Net 7,2019-07-03,Yes
CUST-01638,National Ventures,Oluwaseun Olawale,SME,Abuja,08139748705,oluwaseun.olawale@yahoo.com,50000,Immediate,2018-11-06,Yes
CUST-01639,Global Enterprises,Ngozi Akintoye,Corporate,Kano,09071828393,ngozi.akintoye@tradingco.ng,500000,Net 7,2018-12-10,Yes
CUST-01640,Zenith Enterprises,Babatunde Bakare,Corporate,Lagos,08131035443,babatunde.bakare@gmail.com,0,Net 30,2020-08-02,Yes
CUST-01641,Central Ventures,Adaora Abubakar,Corporate,Port Harcourt,09079067264,adaora.abubakar@tradingco.ng,250000,Immediate,2018-01-23,Yes
CUST-01642,Capital Holdings,Abiodun Musa,Corporate,Lagos,07032035352,abiodun.musa@tradingco.ng,50000,Net 14,2019-10-16,Yes
CUST-01643,Central Ltd,Hassan Mensah,SME,Abuja,07038065559,hassan.mensah@businessng.com,500000,Net 7,2019-02-04,Yes
CUST-01644,Crown Ltd,Lola Olayemi,Corporate,Lagos,08161283563,lola.olayemi@hotmail.com,250000,Net 7,2018-01-08,Yes
CUST-01645,Diamond Services Ltd,Aisha Agbaje,SME,Lagos,07061327913,aisha.agbaje@tradingco.ng,0,Net 30,2020-06-05,Yes
CUST-01646,Eagle Ltd,Bisi Garba,Corporate,Port Harcourt,08057223817,bisi.garba@outlook.com,0,Immediate,2021-12-12,Yes
CUST-01647,Vision Nigeria Ltd,Chidinma Badmus,SME,Abuja,08125510798,chidinma.badmus@businessng.com,500000,Net 30,2018-03-27,Yes
CUST-01648,Elite Holdings,Suleiman Sanusi,SME,Abuja,09074394065,suleiman.sanusi@outlook.com,500000,Net 7,2020-02-13,Yes
CUST-01649,Steel Ltd,Toluwani Akinwale,SME,Kano,08168272068,toluwani.akinwale@steelltd.com.ng,500000,Immediate,2020-08-25,Yes
CUST-01650,Apex Group,Precious Osei,Corporate,Kano,08054030134,precious.osei@outlook.com,250000,Immediate,2021-03-12,Yes
CUST-01651,Federal Enterprises,Ngozi Yusuf,SME,Lagos,08063226354,ngozi.yusuf@hotmail.com,1000000,Net 14,2020-07-19,Yes
CUST-01652,Summit Trading Co,Garba Adeyemi,Corporate,Lagos,08127183138,garba.adeyemi@yahoo.com,0,Net 30,2020-01-10,Yes
CUST-01653,Steel Solutions,Adaora Adegoke,SME,Port Harcourt,08063314748,adaora.adegoke@hotmail.com,100000,Net 30,2021-05-18,Yes
CUST-01654,Segun Ogunwale,Segun Ogunwale,Individual,Port Harcourt,09073426881,segun.ogunwale@outlook.com,0,Net 30,2018-10-10,Yes
CUST-01655,Metro Group,Funmilayo Adesanya,Corporate,Kano,08122249032,funmilayo.adesanya@hotmail.com,0,Net 14,2022-01-16,No
CUST-01656,Power Solutions,Zainab Fashola,Corporate,Abuja,09011761206,zainab.fashola@outlook.com,250000,Net 7,2018-01-06,Yes
CUST-01657,Zenith Ventures,Biodun Abdullahi,SME,Lagos,08032063160,biodun.abdullahi@tradingco.ng,250000,Net 7,2021-12-13,Yes
CUST-01658,Swift Global Ltd,Zainab Ibrahim,SME,Lagos,07038885336,zainab.ibrahim@yahoo.com,500000,Net 7,2021-02-20,Yes
CUST-01659,Zenith Ltd,Bunmi Balogun,Corporate,Lagos,09019727015,bunmi.balogun@tradingco.ng,500000,Net 7,2018-11-26,Yes
CUST-01660,Summit Enterprises,Kike Adebayo,Corporate,Abuja,08067534491,kike.adebayo@summitente.com.ng,100000,Immediate,2020-09-13,Yes
CUST-01661,Star Nigeria Ltd,Damilola Shehu,SME,Lagos,08127237794,damilola.shehu@gmail.com,500000,Net 7,2022-09-25,Yes
CUST-01662,Vision Enterprises,Abiodun Taiwo,Corporate,Abuja,08061731815,abiodun.taiwo@tradingco.ng,100000,Net 7,2022-08-01,Yes
CUST-01663,Elite Ltd,Abiodun Olatunji,Corporate,Lagos,09012189171,abiodun.olatunji@businessng.com,250000,Net 14,2021-10-25,Yes
CUST-01664,Nnamdi Suleiman,Nnamdi Suleiman,Individual,Port Harcourt,08069458736,nnamdi.suleiman@nnamdisule.com.ng,100000,Net 14,2021-12-02,Yes
CUST-01665,Steel Holdings,Temitope Fadipe,Corporate,Kano,09074579226,temitope.fadipe@businessng.com,250000,Net 14,2018-09-27,Yes
CUST-01666,Zainab Adeniyi,Zainab Adeniyi,Individual,Lagos,08052477917,zainab.adeniyi@zainabaden.com.ng,1000000,Net 7,2020-08-29,Yes
CUST-01667,Eagle Ltd,Mercy Mensah,Corporate,Lagos,07061761751,mercy.mensah@yahoo.com,100000,Net 30,2019-03-31,Yes
CUST-01668,Global Group,Emeka Adegoke,Corporate,Abuja,07039791561,emeka.adegoke@businessng.com,50000,Net 14,2022-11-20,Yes
CUST-01669,Abuja Trading Co,Grace Ibrahim,Corporate,Abuja,08038201903,grace.ibrahim@hotmail.com,50000,Net 7,2022-01-09,Yes
CUST-01670,Heritage Enterprises,Mercy Ogundimu,Corporate,Lagos,08167419383,mercy.ogundimu@businessng.com,1000000,Net 14,2020-04-11,Yes
CUST-01671,Iron Services Ltd,Umar Wada,Corporate,Lagos,08037601390,umar.wada@outlook.com,250000,Net 14,2019-12-23,Yes
CUST-01672,Dynamic Ltd,Sade Adesanya,Corporate,Kano,08036591955,sade.adesanya@businessng.com,100000,Immediate,2018-03-29,Yes
CUST-01673,Bunmi Okonkwo,Bunmi Okonkwo,Individual,Kano,08064918671,bunmi.okonkwo@gmail.com,0,Immediate,2020-08-05,No
CUST-01674,Chioma Faleye,Chioma Faleye,Individual,Lagos,08136511885,chioma.faleye@businessng.com,100000,Net 30,2021-10-28,Yes
CUST-01675,Swift Ltd,Fidelis Yusuf,Corporate,Abuja,08127223492,fidelis.yusuf@yahoo.com,100000,Net 14,2021-12-01,Yes
CUST-01676,Chukwuemeka Mensah,Chukwuemeka Mensah,Individual,Lagos,08138344014,chukwuemeka.mensah@outlook.com,500000,Net 14,2022-11-21,Yes
CUST-01677,Femi Adewale,Femi Adewale,Individual,Port Harcourt,08032324391,femi.adewale@outlook.com,0,Net 14,2019-03-16,No
CUST-01678,Lagos Services Ltd,Bello Badmus,SME,Port Harcourt,08126700634,bello.badmus@gmail.com,250000,Net 14,2018-03-31,Yes
CUST-01679,Emmanuel Adebayo,Emmanuel Adebayo,Individual,Lagos,08138779521,emmanuel.adebayo@emmanuelad.com.ng,500000,Immediate,2019-12-26,Yes
CUST-01680,Eagle Ltd,Chinyere Okonkwo,Corporate,Lagos,08055829248,chinyere.okonkwo@tradingco.ng,500000,Net 7,2019-09-15,No
CUST-01681,Royal Ltd,Kunle Yusuf,SME,Lagos,07063114877,kunle.yusuf@gmail.com,50000,Net 30,2018-04-04,Yes
CUST-01682,Heritage Ventures,Nneka Osei,SME,Lagos,08166650746,nneka.osei@heritageve.com.ng,500000,Net 7,2021-01-22,Yes
CUST-01683,Fatima Abdullahi,Fatima Abdullahi,Individual,Kano,07063457995,fatima.abdullahi@gmail.com,100000,Net 30,2018-05-25,Yes
CUST-01684,Zenith Ltd,Aminu Ogundele,SME,Abuja,08128188586,aminu.ogundele@businessng.com,500000,Immediate,2018-05-31,Yes
CUST-01685,Lagos Ltd,Kike Adebayo,SME,Ibadan,08169035984,kike.adebayo@lagosltd.com.ng,100000,Net 7,2022-01-07,Yes
CUST-01686,Capital Global Ltd,Abubakar Musa,Corporate,Lagos,08037587246,abubakar.musa@hotmail.com,250000,Net 30,2022-04-03,Yes
CUST-01687,Swift Group,Hadiza Adeyemi,Corporate,Lagos,08069275030,hadiza.adeyemi@yahoo.com,250000,Net 14,2019-06-07,Yes
CUST-01688,Steel Trading Co,Funmilayo Musa,Corporate,Lagos,08132025898,funmilayo.musa@tradingco.ng,50000,Net 7,2019-03-25,Yes
CUST-01689,Zenith Ltd,Aisha Bello,Corporate,Kano,08038075872,aisha.bello@businessng.com,1000000,Immediate,2019-12-31,Yes
CUST-01690,Silver Trading Co,Ahmed Salami,SME,Lagos,08161233949,ahmed.salami@yahoo.com,0,Immediate,2020-02-26,Yes
CUST-01691,Zenith Solutions,Temitope Balogun,Corporate,Port Harcourt,07068659445,temitope.balogun@outlook.com,500000,Net 30,2019-10-25,Yes
CUST-01692,Platinum Solutions,Tunde Adesanya,SME,Lagos,08051778902,tunde.adesanya@yahoo.com,50000,Net 30,2021-10-06,Yes
CUST-01693,Capital Group,Blessing Tinubu,SME,Kano,08132304221,blessing.tinubu@outlook.com,250000,Net 30,2018-02-20,Yes
CUST-01694,Summit Group,Chukwuemeka Adebayo,Corporate,Lagos,08161102663,chukwuemeka.adebayo@yahoo.com,50000,Net 30,2021-12-05,Yes
CUST-01695,Swift Nigeria Ltd,Hassan Balogun,SME,Abuja,09073088644,hassan.balogun@swiftniger.com.ng,500000,Net 30,2022-01-20,Yes
CUST-01696,Crown Nigeria Ltd,Faith Bello,SME,Abuja,08054547307,faith.bello@crownniger.com.ng,100000,Net 14,2021-01-31,Yes
CUST-01697,Steel Services Ltd,Monday Olayemi,Corporate,Lagos,08067404194,monday.olayemi@steelservi.com.ng,500000,Immediate,2021-12-22,Yes
CUST-01698,Global Nigeria Ltd,Fatima Adeniyi,SME,Kano,08053593308,fatima.adeniyi@globalnige.com.ng,500000,Net 30,2018-12-20,Yes
CUST-01699,Crown Trading Co,Aisha Umar,Corporate,Lagos,08138998907,aisha.umar@yahoo.com,0,Immediate,2018-12-30,Yes
CUST-01700,Unity Global Ltd,Nuhu Musa,SME,Lagos,08113608640,nuhu.musa@gmail.com,100000,Immediate,2019-07-23,Yes
CUST-01701,Unity Trading Co,Zainab Fadipe,Corporate,Ibadan,08062107950,zainab.fadipe@hotmail.com,100000,Net 7,2021-12-06,Yes
CUST-01702,Thompson Fadahunsi,Thompson Fadahunsi,Individual,Lagos,08131605920,thompson.fadahunsi@tradingco.ng,50000,Immediate,2019-07-22,Yes
CUST-01703,Iron Services Ltd,Bayo Fashola,Corporate,Abuja,08132732002,bayo.fashola@yahoo.com,100000,Net 7,2018-03-26,No
CUST-01704,Future Ltd,Chukwudi Mensah,Corporate,Abuja,07037641644,chukwudi.mensah@yahoo.com,0,Immediate,2019-12-07,Yes
CUST-01705,Steel Group,Oluwaseun Adebayo,SME,Abuja,08122609837,oluwaseun.adebayo@steelgroup.com.ng,500000,Net 7,2018-09-28,No
CUST-01706,Swift Ventures,Fidelis Okonkwo,SME,Lagos,08052241975,fidelis.okonkwo@hotmail.com,100000,Net 30,2022-11-07,Yes
CUST-01707,Global Nigeria Ltd,Iyanuoluwa Adesanya,SME,Lagos,07035159767,iyanuoluwa.adesanya@businessng.com,1000000,Net 14,2018-05-17,Yes
CUST-01708,Summit Global Ltd,Sade Adesanya,Corporate,Lagos,08059167952,sade.adesanya@gmail.com,500000,Immediate,2020-01-22,Yes
CUST-01709,Prime Holdings,Lola Akintoye,SME,Lagos,08053566438,lola.akintoye@gmail.com,500000,Net 30,2020-01-12,Yes
CUST-01710,Lagos Solutions,Ibrahim Olayemi,Corporate,Port Harcourt,08038398337,ibrahim.olayemi@hotmail.com,250000,Net 7,2021-11-03,Yes
CUST-01711,Silver Group,Victor Obi,SME,Lagos,07037323816,victor.obi@yahoo.com,250000,Net 7,2018-09-23,Yes
CUST-01712,Summit Solutions,Titilayo Adekunle,Corporate,Lagos,07034631296,titilayo.adekunle@businessng.com,250000,Net 7,2022-08-25,No
CUST-01713,Chinyere Olawale,Chinyere Olawale,Individual,Lagos,07033538486,chinyere.olawale@gmail.com,1000000,Immediate,2020-12-29,No
CUST-01714,Crown Ventures,Happy Kehinde,SME,Abuja,08135028244,happy.kehinde@tradingco.ng,100000,Immediate,2021-09-09,Yes
CUST-01715,Future Global Ltd,Hauwa Obi,Corporate,Lagos,07038733173,hauwa.obi@yahoo.com,100000,Immediate,2020-01-17,Yes
CUST-01716,Elite Ltd,Bayo Chukwu,Corporate,Port Harcourt,08162301045,bayo.chukwu@gmail.com,1000000,Net 14,2022-10-04,Yes
CUST-01717,Abuja Group,Sade Okonkwo,Corporate,Abuja,08055505739,sade.okonkwo@hotmail.com,100000,Net 30,2020-04-02,Yes
CUST-01718,Future Global Ltd,Bunmi Sanusi,SME,Abuja,08168324699,bunmi.sanusi@outlook.com,500000,Net 30,2022-10-22,Yes
CUST-01719,Central Holdings,Yetunde Agboola,SME,Lagos,08054500091,yetunde.agboola@outlook.com,50000,Immediate,2018-12-29,Yes
CUST-01720,Zenith Ventures,Bola Okonkwo,SME,Lagos,08126139691,bola.okonkwo@zenithvent.com.ng,0,Net 14,2019-01-15,No
CUST-01721,Capital Ventures,Happy Tinubu,Corporate,Abuja,08056068179,happy.tinubu@businessng.com,250000,Net 7,2018-08-20,Yes
CUST-01722,Federal Group,Obiora Garba,Corporate,Ibadan,08122990842,obiora.garba@outlook.com,50000,Net 30,2018-09-08,Yes
CUST-01723,Elite Global Ltd,Ismail Suleiman,SME,Lagos,08052951927,ismail.suleiman@outlook.com,100000,Net 14,2019-03-14,Yes
CUST-01724,National Services Ltd,Chidi Olatunji,Corporate,Lagos,08061303197,chidi.olatunji@gmail.com,500000,Immediate,2020-10-12,Yes
CUST-01725,Summit Group,Toluwani Tinubu,Corporate,Ibadan,09078493277,toluwani.tinubu@gmail.com,500000,Net 14,2019-10-14,Yes
CUST-01726,Abuja Enterprises,Suleiman Bakare,SME,Abuja,09078728502,suleiman.bakare@outlook.com,100000,Net 30,2018-04-10,Yes
CUST-01727,Apex Trading Co,Abosede Fadipe,Corporate,Abuja,07063476114,abosede.fadipe@yahoo.com,250000,Net 30,2020-07-16,Yes
CUST-01728,Silver Global Ltd,Sade Kehinde,Corporate,Lagos,09011057131,sade.kehinde@gmail.com,100000,Immediate,2021-08-15,Yes
CUST-01729,Eagle Ltd,Oluwakemi Bakare,SME,Abuja,07069709790,oluwakemi.bakare@tradingco.ng,0,Immediate,2018-02-21,Yes
CUST-01730,Adeola Okafor,Adeola Okafor,Individual,Lagos,08066187326,adeola.okafor@yahoo.com,100000,Net 30,2021-09-18,Yes
CUST-01731,Heritage Global Ltd,Ngozi Okonkwo,SME,Kano,08064651002,ngozi.okonkwo@businessng.com,250000,Immediate,2020-10-09,Yes
CUST-01732,Diamond Ventures,Tosin Aliyu,Corporate,Lagos,07063586622,tosin.aliyu@diamondven.com.ng,250000,Net 7,2022-01-16,Yes
CUST-01733,Urban Global Ltd,Abubakar Agboola,SME,Lagos,08137266775,abubakar.agboola@urbangloba.com.ng,100000,Net 7,2019-04-26,Yes
CUST-01734,Rotimi Fadahunsi,Rotimi Fadahunsi,Individual,Ibadan,09014805734,rotimi.fadahunsi@tradingco.ng,500000,Net 7,2020-12-05,Yes
CUST-01735,Metro Global Ltd,Chukwuemeka Musa,Corporate,Abuja,08163167660,chukwuemeka.musa@yahoo.com,250000,Net 30,2018-06-28,Yes
CUST-01736,Summit Ltd,Adaeze Adeniyi,Corporate,Kano,09011764398,adaeze.adeniyi@summitltd.com.ng,50000,Net 30,2021-05-28,Yes
CUST-01737,Elite Holdings,Emmanuel Ogundimu,Corporate,Lagos,08061237556,emmanuel.ogundimu@hotmail.com,0,Net 7,2020-03-22,Yes
CUST-01738,National Trading Co,Chinyere Bakare,SME,Port Harcourt,09074068301,chinyere.bakare@tradingco.ng,0,Net 30,2021-09-26,Yes
CUST-01739,Lagos Holdings,Kike Salami,Corporate,Abuja,08166441049,kike.salami@hotmail.com,100000,Net 7,2018-10-25,Yes
CUST-01740,Swift Trading Co,Blessing Tinubu,Corporate,Lagos,08112780575,blessing.tinubu@businessng.com,500000,Net 14,2019-06-04,Yes
CUST-01741,Joy Taiwo,Joy Taiwo,Individual,Kano,08134089229,joy.taiwo@yahoo.com,1000000,Net 14,2020-04-09,Yes
CUST-01742,Future Global Ltd,Funmilayo Bakare,SME,Abuja,08111827266,funmilayo.bakare@hotmail.com,50000,Net 30,2022-11-06,Yes
CUST-01743,Star Solutions,Akintunde Fadipe,Corporate,Abuja,08119250637,akintunde.fadipe@outlook.com,0,Net 7,2018-01-13,Yes
CUST-01744,Royal Trading Co,Temitope Olawale,Corporate,Lagos,08131227365,temitope.olawale@tradingco.ng,0,Net 7,2022-05-06,Yes
CUST-01745,Central Solutions,Hamisu Taiwo,Corporate,Port Harcourt,08054845985,hamisu.taiwo@centralsol.com.ng,1000000,Net 30,2021-09-07,Yes
CUST-01746,Nneka Danjuma,Nneka Danjuma,Individual,Lagos,09011755527,nneka.danjuma@outlook.com,100000,Net 14,2021-03-10,Yes
CUST-01747,Capital Nigeria Ltd,Ahmed Taiwo,Corporate,Abuja,07032208309,ahmed.taiwo@gmail.com,500000,Net 14,2019-11-07,Yes
CUST-01748,Ngozi Olatunji,Ngozi Olatunji,Individual,Lagos,08127307818,ngozi.olatunji@ngoziolatu.com.ng,50000,Net 14,2020-07-12,Yes
CUST-01749,Star Services Ltd,Khadija Badmus,Corporate,Lagos,08131304676,khadija.badmus@outlook.com,50000,Net 30,2018-11-21,Yes
CUST-01750,Urban Nigeria Ltd,Emeka Falode,SME,Lagos,08112506684,emeka.falode@yahoo.com,100000,Immediate,2019-02-18,Yes
CUST-01751,Gold Services Ltd,Emmanuel Lawal,SME,Kano,08128615232,emmanuel.lawal@hotmail.com,0,Net 30,2019-03-18,Yes
CUST-01752,National Nigeria Ltd,Ngozi Ogundele,SME,Kano,08133212102,ngozi.ogundele@hotmail.com,1000000,Net 30,2021-10-14,No
CUST-01753,Obiora Wada,Obiora Wada,Individual,Kano,09079971870,obiora.wada@obiorawada.com.ng,250000,Net 30,2019-12-23,Yes
CUST-01754,Heritage Global Ltd,Ahmed Kehinde,SME,Lagos,08122538395,ahmed.kehinde@tradingco.ng,250000,Net 14,2019-09-25,Yes
CUST-01755,Chukwudi Kehinde,Chukwudi Kehinde,Individual,Kano,08116618205,chukwudi.kehinde@yahoo.com,50000,Immediate,2018-10-24,Yes
CUST-01756,Power Ltd,Kayode Olayemi,Corporate,Ibadan,07069158591,kayode.olayemi@businessng.com,250000,Net 14,2019-08-03,Yes
CUST-01757,Star Ltd,Maryam Adeniyi,Corporate,Lagos,08058789111,maryam.adeniyi@hotmail.com,100000,Net 14,2021-01-20,Yes
CUST-01758,Iron Ventures,Toyin Akintoye,Corporate,Abuja,07032493623,toyin.akintoye@hotmail.com,50000,Net 30,2019-12-13,Yes
CUST-01759,Apex Holdings,Ade Wada,Corporate,Lagos,07066280372,ade.wada@tradingco.ng,50000,Net 30,2019-02-12,Yes
CUST-01760,Dynamic Services Ltd,Zainab Olatunji,Corporate,Abuja,08062843983,zainab.olatunji@tradingco.ng,500000,Net 14,2018-10-09,Yes
CUST-01761,Star Group,Temitope Danjuma,Corporate,Kano,09011133496,temitope.danjuma@yahoo.com,100000,Net 14,2018-08-14,Yes
CUST-01762,Obiora Adewale,Obiora Adewale,Individual,Lagos,08056028293,obiora.adewale@yahoo.com,0,Net 14,2021-06-11,Yes
CUST-01763,Kano Holdings,Precious Akintoye,Corporate,Port Harcourt,08055160979,precious.akintoye@outlook.com,100000,Net 14,2022-11-27,Yes
CUST-01764,Eagle Solutions,Ibrahim Lawal,Corporate,Kano,08067635756,ibrahim.lawal@eaglesolut.com.ng,500000,Net 7,2022-03-23,Yes
CUST-01765,Abuja Ventures,Oluwaseun Lawal,Corporate,Abuja,07034798612,oluwaseun.lawal@abujaventu.com.ng,100000,Net 30,2019-06-25,Yes
CUST-01766,Future Trading Co,Rotimi Obi,Corporate,Abuja,08139003202,rotimi.obi@tradingco.ng,50000,Net 14,2018-07-24,Yes
CUST-01767,Segun Adeyemi,Segun Adeyemi,Individual,Kano,09013165750,segun.adeyemi@gmail.com,1000000,Net 7,2018-08-24,Yes
CUST-01768,Power Global Ltd,Nnamdi Danjuma,Corporate,Lagos,08117925610,nnamdi.danjuma@outlook.com,100000,Net 30,2022-06-28,Yes
CUST-01769,Prime Global Ltd,Akintunde Sanusi,Corporate,Lagos,08036062881,akintunde.sanusi@outlook.com,500000,Net 30,2022-10-04,Yes
CUST-01770,Nneka Tinubu,Nneka Tinubu,Individual,Kano,08161916164,nneka.tinubu@businessng.com,0,Net 7,2022-02-18,Yes
CUST-01771,Global Services Ltd,Biodun Sanusi,Corporate,Lagos,08056976699,biodun.sanusi@globalserv.com.ng,1000000,Net 30,2019-01-25,Yes
CUST-01772,Zenith Trading Co,Chiamaka Kehinde,SME,Abuja,08064664158,chiamaka.kehinde@gmail.com,100000,Net 14,2021-02-05,Yes
CUST-01773,Gold Holdings,Ade Yusuf,Corporate,Lagos,08062215995,ade.yusuf@yahoo.com,500000,Net 14,2018-04-09,Yes
CUST-01774,Swift Enterprises,Funmilayo Nwachukwu,Corporate,Lagos,08164269926,funmilayo.nwachukwu@outlook.com,250000,Net 14,2019-01-11,Yes
CUST-01775,Apex Solutions,Oluwatoyin Fadipe,Corporate,Lagos,08118562535,oluwatoyin.fadipe@tradingco.ng,500000,Net 30,2020-10-30,No
CUST-01776,Vision Enterprises,Mercy Okonkwo,Corporate,Kano,07037399318,mercy.okonkwo@businessng.com,500000,Immediate,2018-11-10,Yes
CUST-01777,Iron Solutions,Hassan Taiwo,SME,Lagos,09015420728,hassan.taiwo@yahoo.com,0,Net 14,2019-03-02,Yes
CUST-01778,Capital Ltd,Rotimi Obi,SME,Lagos,08135703172,rotimi.obi@hotmail.com,250000,Net 14,2019-01-07,Yes
CUST-01779,Bunmi Salami,Bunmi Salami,Individual,Lagos,08164372922,bunmi.salami@yahoo.com,500000,Net 7,2021-07-01,Yes
CUST-01780,Future Holdings,Biodun Okonkwo,Corporate,Kano,08064615930,biodun.okonkwo@yahoo.com,0,Net 7,2018-02-14,Yes
CUST-01781,Iron Nigeria Ltd,Ade Adewale,SME,Ibadan,08068176895,ade.adewale@businessng.com,250000,Net 14,2022-07-29,Yes
CUST-01782,Bisi Tinubu,Bisi Tinubu,Individual,Abuja,08126827959,bisi.tinubu@businessng.com,100000,Net 7,2022-03-13,Yes
CUST-01783,Global Ltd,Sola Fadipe,Corporate,Lagos,08134872690,sola.fadipe@tradingco.ng,500000,Net 14,2022-07-30,Yes
CUST-01784,Abuja Enterprises,Dele Okonkwo,Corporate,Lagos,08135966141,dele.okonkwo@hotmail.com,0,Immediate,2018-07-06,Yes
CUST-01785,Kano Ltd,Femi Taiwo,Corporate,Abuja,08038371012,femi.taiwo@businessng.com,1000000,Net 30,2022-08-30,Yes
CUST-01786,Metro Services Ltd,Bunmi Sanusi,Corporate,Lagos,07037944424,bunmi.sanusi@gmail.com,500000,Net 7,2019-06-25,Yes
CUST-01787,National Trading Co,Bola Fadahunsi,SME,Abuja,08138871214,bola.fadahunsi@tradingco.ng,50000,Net 14,2020-11-01,Yes
CUST-01788,Prime Ventures,Rotimi Danjuma,SME,Port Harcourt,07067463881,rotimi.danjuma@hotmail.com,500000,Net 14,2021-12-30,Yes
CUST-01789,Elite Services Ltd,Dele Ogundele,Corporate,Kano,08064125710,dele.ogundele@gmail.com,50000,Immediate,2018-06-26,Yes
CUST-01790,Prime Global Ltd,Uchenna Adegoke,SME,Port Harcourt,07067978124,uchenna.adegoke@businessng.com,1000000,Immediate,2021-10-03,Yes
CUST-01791,Kano Ltd,Amaka Bakare,SME,Port Harcourt,08163534208,amaka.bakare@outlook.com,0,Net 14,2021-11-23,Yes
CUST-01792,Bashir Danjuma,Bashir Danjuma,Individual,Ibadan,08069287806,bashir.danjuma@gmail.com,50000,Net 7,2018-10-19,Yes
CUST-01793,Steel Enterprises,Hauwa Chukwu,Corporate,Lagos,08037051819,hauwa.chukwu@businessng.com,100000,Net 7,2018-10-23,Yes
CUST-01794,Funmilayo Akinwale,Funmilayo Akinwale,Individual,Lagos,08115373368,funmilayo.akinwale@funmilayoa.com.ng,1000000,Net 30,2022-10-07,Yes
CUST-01795,Elite Global Ltd,Thompson Agbaje,Corporate,Lagos,07036067422,thompson.agbaje@hotmail.com,0,Net 14,2020-10-25,Yes
CUST-01796,Future Ltd,Blessing Faleye,SME,Lagos,09011349126,blessing.faleye@businessng.com,50000,Immediate,2022-10-28,Yes
CUST-01797,Eagle Ventures,Blessing Kehinde,Corporate,Ibadan,07064178720,blessing.kehinde@businessng.com,1000000,Net 30,2020-10-14,Yes
CUST-01798,Global Enterprises,Hamisu Adekunle,SME,Kano,07067947694,hamisu.adekunle@yahoo.com,100000,Net 7,2020-07-15,Yes
CUST-01799,Swift Group,Hadiza Balogun,Corporate,Kano,08131294219,hadiza.balogun@hotmail.com,0,Net 30,2019-12-17,Yes
CUST-01800,Unity Ltd,Rotimi Badmus,SME,Port Harcourt,07063645228,rotimi.badmus@yahoo.com,500000,Net 14,2018-08-28,Yes
CUST-01801,Bright Ventures,Lola Eze,Corporate,Lagos,07067748185,lola.eze@yahoo.com,250000,Net 7,2020-08-06,Yes
CUST-01802,Kano Enterprises,Hassan Adewale,Corporate,Lagos,08057324728,hassan.adewale@gmail.com,100000,Net 14,2021-06-30,Yes
CUST-01803,Future Nigeria Ltd,Hassan Taiwo,SME,Lagos,08162794644,hassan.taiwo@yahoo.com,1000000,Immediate,2018-03-31,Yes
CUST-01804,Summit Enterprises,Victor Adesanya,Corporate,Lagos,08063900709,victor.adesanya@businessng.com,0,Net 14,2022-03-15,Yes
CUST-01805,Bright Holdings,Victor Abdullahi,SME,Kano,08059988988,victor.abdullahi@hotmail.com,250000,Net 14,2018-01-18,Yes
CUST-01806,Star Holdings,Uchenna Danjuma,Corporate,Lagos,07033240852,uchenna.danjuma@businessng.com,1000000,Immediate,2018-03-29,Yes
CUST-01807,Iron Trading Co,Abubakar Ogundimu,SME,Abuja,08166262649,abubakar.ogundimu@irontradin.com.ng,100000,Net 30,2021-07-30,Yes
CUST-01808,Royal Ventures,Sade Agbaje,Corporate,Abuja,08134652593,sade.agbaje@outlook.com,1000000,Net 7,2018-08-17,Yes
CUST-01809,Dynamic Nigeria Ltd,Victor Adekunle,Corporate,Lagos,08131287020,victor.adekunle@outlook.com,1000000,Immediate,2018-04-04,Yes
CUST-01810,Global Nigeria Ltd,Nuhu Suleiman,SME,Lagos,09019574497,nuhu.suleiman@globalnige.com.ng,1000000,Immediate,2018-07-04,Yes
CUST-01811,Oluwakemi Bakare,Oluwakemi Bakare,Individual,Abuja,08125658782,oluwakemi.bakare@oluwakemib.com.ng,1000000,Immediate,2021-08-27,Yes
CUST-01812,Apex Ltd,Kayode Agbaje,SME,Lagos,08058084151,kayode.agbaje@hotmail.com,0,Net 7,2021-12-17,Yes
CUST-01813,Swift Trading Co,Chukwuemeka Shehu,Corporate,Lagos,08167644275,chukwuemeka.shehu@yahoo.com,0,Immediate,2019-10-21,Yes
CUST-01814,Abuja Global Ltd,Aliyu Badmus,Corporate,Kano,08161032061,aliyu.badmus@outlook.com,500000,Net 7,2020-05-05,Yes
CUST-01815,Star Ltd,Ismail Sanusi,SME,Abuja,08059958729,ismail.sanusi@tradingco.ng,250000,Net 7,2022-08-12,Yes
CUST-01816,Global Trading Co,Fatima Obi,Corporate,Kano,08054419979,fatima.obi@yahoo.com,250000,Net 30,2022-03-10,Yes
CUST-01817,Gold Enterprises,Chiamaka Aliyu,SME,Abuja,09012757494,chiamaka.aliyu@yahoo.com,250000,Net 14,2022-05-11,Yes
CUST-01818,Central Enterprises,Emeka Nwachukwu,Corporate,Lagos,08163556085,emeka.nwachukwu@gmail.com,1000000,Net 7,2019-12-17,Yes
CUST-01819,Metro Group,Happy Agboola,Corporate,Port Harcourt,08037812566,happy.agboola@hotmail.com,250000,Net 30,2018-07-14,Yes
CUST-01820,Capital Ventures,Ngozi Salami,SME,Lagos,08039768556,ngozi.salami@gmail.com,1000000,Net 14,2019-05-22,No
CUST-01821,Iron Holdings,Nuhu Fashola,SME,Lagos,09019441757,nuhu.fashola@tradingco.ng,0,Net 14,2021-04-30,Yes
CUST-01822,Power Services Ltd,Kelechi Yusuf,Corporate,Lagos,08111279110,kelechi.yusuf@tradingco.ng,1000000,Net 7,2021-12-07,Yes
CUST-01823,Diamond Enterprises,Bola Yusuf,Corporate,Kano,07062580427,bola.yusuf@yahoo.com,100000,Net 30,2019-02-23,Yes
CUST-01824,Abuja Holdings,Umar Danjuma,Corporate,Port Harcourt,08111151539,umar.danjuma@businessng.com,250000,Net 14,2018-10-07,Yes
CUST-01825,Metro Enterprises,Chidi Garba,SME,Ibadan,08127912309,chidi.garba@hotmail.com,500000,Net 14,2018-05-09,No
CUST-01826,Urban Ltd,Faith Falode,Corporate,Kano,08038671957,faith.falode@outlook.com,1000000,Net 30,2019-06-07,Yes
CUST-01827,Kano Holdings,Adeola Falode,SME,Lagos,08069540591,adeola.falode@yahoo.com,500000,Net 14,2018-08-19,Yes
CUST-01828,Future Global Ltd,Fatima Musa,SME,Abuja,08129999882,fatima.musa@businessng.com,500000,Immediate,2020-02-19,Yes
CUST-01829,Zenith Ventures,Ade Musa,Corporate,Lagos,08119636401,ade.musa@businessng.com,250000,Immediate,2019-11-01,Yes
CUST-01830,Gold Enterprises,Oluwaseun Abubakar,Corporate,Abuja,08037655649,oluwaseun.abubakar@hotmail.com,100000,Immediate,2018-02-07,Yes
CUST-01831,Power Trading Co,Sola Ogunwale,Corporate,Lagos,08161009139,sola.ogunwale@powertradi.com.ng,500000,Net 7,2022-11-27,Yes
CUST-01832,Federal Ventures,Umar Adeniyi,Corporate,Kano,09015394145,umar.adeniyi@businessng.com,1000000,Immediate,2021-02-07,Yes
CUST-01833,Iron Group,Fatima Adeyemi,Corporate,Lagos,08031010601,fatima.adeyemi@yahoo.com,0,Net 14,2022-01-14,Yes
CUST-01834,Chioma Olayemi,Chioma Olayemi,Individual,Kano,07064410904,chioma.olayemi@gmail.com,100000,Net 30,2019-08-23,Yes
CUST-01835,Kano Holdings,Faith Nwachukwu,SME,Abuja,08121868830,faith.nwachukwu@kanoholdin.com.ng,250000,Immediate,2021-08-31,Yes
CUST-01836,Prime Ltd,Toluwani Adewale,SME,Lagos,08114423305,toluwani.adewale@hotmail.com,100000,Immediate,2018-04-08,Yes
CUST-01837,Unity Ventures,Maryam Umar,Corporate,Kano,08037600067,maryam.umar@hotmail.com,100000,Net 14,2020-05-14,Yes
CUST-01838,Prime Holdings,Bola Adesanya,Corporate,Lagos,08132960067,bola.adesanya@outlook.com,100000,Net 30,2022-11-22,Yes
CUST-01839,Aliyu Adekunle,Aliyu Adekunle,Individual,Lagos,08134033321,aliyu.adekunle@gmail.com,500000,Immediate,2019-11-11,Yes
CUST-01840,Kano Services Ltd,Ahmed Fadipe,SME,Lagos,07039370219,ahmed.fadipe@outlook.com,250000,Net 30,2019-09-14,Yes
CUST-01841,Capital Ventures,Adeola Balogun,Corporate,Lagos,08128332874,adeola.balogun@outlook.com,50000,Immediate,2022-10-03,Yes
CUST-01842,Summit Enterprises,Aliyu Adeyemi,SME,Lagos,07066833407,aliyu.adeyemi@yahoo.com,0,Net 7,2021-12-07,Yes
CUST-01843,Gold Enterprises,Chukwuemeka Agbaje,Corporate,Port Harcourt,08132533514,chukwuemeka.agbaje@businessng.com,0,Net 30,2019-05-01,No
CUST-01844,Swift Holdings,Ahmed Adegoke,SME,Ibadan,07039993790,ahmed.adegoke@tradingco.ng,500000,Net 7,2021-06-18,Yes
CUST-01845,Vision Enterprises,Kike Kehinde,Corporate,Lagos,08126121645,kike.kehinde@yahoo.com,1000000,Net 14,2018-10-14,Yes
CUST-01846,Central Group,Chioma Akintoye,Corporate,Abuja,07062409846,chioma.akintoye@hotmail.com,0,Immediate,2019-11-20,Yes
CUST-01847,Summit Solutions,Suleiman Umar,SME,Abuja,09016154905,suleiman.umar@outlook.com,250000,Net 7,2022-04-16,Yes
CUST-01848,Heritage Services Ltd,Bello Sanusi,Corporate,Kano,07032881312,bello.sanusi@businessng.com,250000,Immediate,2019-12-31,Yes
CUST-01849,Steel Global Ltd,Jumoke Badmus,SME,Lagos,07034408703,jumoke.badmus@gmail.com,100000,Net 7,2020-09-27,Yes
CUST-01850,Global Holdings,Bayo Nwachukwu,Corporate,Lagos,08064372878,bayo.nwachukwu@yahoo.com,1000000,Net 7,2020-05-24,Yes
CUST-01851,Eagle Group,Blessing Ogunwale,Corporate,Lagos,09018972832,blessing.ogunwale@yahoo.com,0,Net 14,2022-08-22,Yes
CUST-01852,Funmilayo Danjuma,Funmilayo Danjuma,Individual,Lagos,07064045723,funmilayo.danjuma@gmail.com,250000,Net 14,2020-04-16,Yes
CUST-01853,Metro Trading Co,Aliyu Agboola,Corporate,Lagos,08069587989,aliyu.agboola@metrotradi.com.ng,0,Net 14,2020-05-20,Yes
CUST-01854,Diamond Services Ltd,Abosede Musa,Corporate,Lagos,09018427157,abosede.musa@tradingco.ng,250000,Net 7,2021-04-28,Yes
CUST-01855,Gold Enterprises,Ibrahim Obi,Corporate,Kano,08125310948,ibrahim.obi@hotmail.com,1000000,Net 30,2019-06-21,Yes
CUST-01856,Apex Ltd,Nuhu Olayemi,SME,Lagos,08039929941,nuhu.olayemi@apexltd.com.ng,500000,Net 14,2020-09-09,Yes
CUST-01857,Kelechi Obi,Kelechi Obi,Individual,Port Harcourt,07063746863,kelechi.obi@gmail.com,1000000,Immediate,2021-01-11,Yes
CUST-01858,Kano Enterprises,Ebunoluwa Ogunleye,Corporate,Port Harcourt,07037540806,ebunoluwa.ogunleye@outlook.com,1000000,Net 14,2021-06-22,No
CUST-01859,Swift Trading Co,Peace Abdullahi,SME,Abuja,09016512882,peace.abdullahi@tradingco.ng,1000000,Net 14,2022-03-25,Yes
CUST-01860,Star Enterprises,Uchenna Agbaje,Corporate,Lagos,08068400553,uchenna.agbaje@tradingco.ng,500000,Net 30,2022-02-06,Yes
CUST-01861,Elite Ventures,Abiodun Fashola,Corporate,Abuja,08068753122,abiodun.fashola@gmail.com,100000,Net 14,2019-06-22,Yes
CUST-01862,Platinum Services Ltd,Damilola Garba,Corporate,Ibadan,08139775696,damilola.garba@hotmail.com,500000,Immediate,2018-06-19,Yes
CUST-01863,Central Group,Ahmed Okonkwo,Corporate,Ibadan,08059998897,ahmed.okonkwo@gmail.com,0,Net 7,2021-06-02,Yes
CUST-01864,Zenith Ltd,Sola Wada,SME,Ibadan,08123800519,sola.wada@businessng.com,0,Net 30,2020-08-16,Yes
CUST-01865,Platinum Holdings,Suleiman Danjuma,Corporate,Kano,08164707951,suleiman.danjuma@businessng.com,100000,Immediate,2021-07-10,Yes
CUST-01866,Blessing Ogunwale,Blessing Ogunwale,Individual,Lagos,09011199459,blessing.ogunwale@businessng.com,1000000,Net 14,2019-02-04,Yes
CUST-01867,Ngozi Agbaje,Ngozi Agbaje,Individual,Lagos,08065045508,ngozi.agbaje@businessng.com,500000,Immediate,2018-01-22,Yes
CUST-01868,Heritage Enterprises,Akintunde Olatunji,SME,Port Harcourt,07066864672,akintunde.olatunji@gmail.com,50000,Net 30,2018-03-28,Yes
CUST-01869,Crown Trading Co,Blessing Ogunleye,Corporate,Port Harcourt,08061716663,blessing.ogunleye@outlook.com,100000,Immediate,2022-12-06,Yes
CUST-01870,Global Holdings,Oluwatoyin Lawal,SME,Lagos,07069907521,oluwatoyin.lawal@hotmail.com,50000,Net 30,2022-04-01,Yes
CUST-01871,Power Trading Co,Chidi Mensah,Corporate,Ibadan,08127726711,chidi.mensah@powertradi.com.ng,50000,Net 7,2019-12-25,Yes
CUST-01872,Future Trading Co,Victor Adeyemi,SME,Lagos,08052515780,victor.adeyemi@outlook.com,1000000,Net 14,2020-07-11,Yes
CUST-01873,Diamond Holdings,Tunde Fadipe,Corporate,Lagos,08129176265,tunde.fadipe@diamondhol.com.ng,50000,Net 14,2019-12-12,Yes
CUST-01874,Gold Ventures,Garba Musa,Corporate,Lagos,08113248548,garba.musa@businessng.com,500000,Net 7,2020-08-23,Yes
CUST-01875,Silver Holdings,Obiora Okonkwo,Corporate,Abuja,08036756521,obiora.okonkwo@yahoo.com,100000,Net 7,2020-12-03,Yes
CUST-01876,Silver Nigeria Ltd,Hauwa Suleiman,Corporate,Lagos,08068748174,hauwa.suleiman@outlook.com,1000000,Net 7,2019-11-17,Yes
CUST-01877,Capital Nigeria Ltd,Lola Suleiman,Corporate,Lagos,08161020508,lola.suleiman@yahoo.com,250000,Net 7,2018-01-17,Yes
CUST-01878,Platinum Enterprises,Ifeanyi Adewale,Corporate,Kano,08065417392,ifeanyi.adewale@tradingco.ng,100000,Net 14,2020-07-17,Yes
CUST-01879,Apex Ventures,Sadiq Danjuma,Corporate,Abuja,08121753357,sadiq.danjuma@hotmail.com,250000,Net 30,2019-06-17,Yes
CUST-01880,Central Trading Co,Abubakar Okafor,Corporate,Ibadan,07039542077,abubakar.okafor@hotmail.com,100000,Net 14,2022-03-26,Yes
CUST-01881,Future Trading Co,Akintunde Lawal,Corporate,Ibadan,09013278090,akintunde.lawal@businessng.com,250000,Immediate,2020-07-17,Yes
CUST-01882,Royal Nigeria Ltd,Olumide Fadipe,Corporate,Ibadan,08055546442,olumide.fadipe@businessng.com,1000000,Immediate,2019-02-20,Yes
CUST-01883,Sadiq Ogundimu,Sadiq Ogundimu,Individual,Kano,08069510362,sadiq.ogundimu@hotmail.com,50000,Net 30,2020-06-26,Yes
CUST-01884,Blessing Obi,Blessing Obi,Individual,Lagos,08167789789,blessing.obi@outlook.com,250000,Net 30,2018-01-29,Yes
CUST-01885,Zenith Ventures,Bayo Lawal,Corporate,Lagos,07064238025,bayo.lawal@zenithvent.com.ng,1000000,Net 30,2018-02-17,Yes
CUST-01886,Lagos Enterprises,Hamisu Fashola,Corporate,Lagos,07032137832,hamisu.fashola@tradingco.ng,50000,Net 7,2018-06-24,Yes
CUST-01887,Iron Services Ltd,Monday Fadipe,Corporate,Lagos,08035505201,monday.fadipe@businessng.com,100000,Immediate,2018-02-10,Yes
CUST-01888,Jumoke Olayemi,Jumoke Olayemi,Individual,Lagos,08064608636,jumoke.olayemi@yahoo.com,100000,Net 14,2022-05-19,Yes
CUST-01889,Heritage Nigeria Ltd,Adewale Falode,SME,Port Harcourt,08133419247,adewale.falode@businessng.com,100000,Net 30,2018-02-27,Yes
CUST-01890,Lagos Ventures,Oluwakemi Agbaje,Corporate,Abuja,08164075804,oluwakemi.agbaje@yahoo.com,100000,Immediate,2020-10-12,Yes
CUST-01891,Lagos Global Ltd,Gbenga Musa,Corporate,Lagos,08052672332,gbenga.musa@gmail.com,500000,Immediate,2018-03-14,Yes
CUST-01892,Crown Holdings,Yetunde Ogunleye,SME,Lagos,08038967351,yetunde.ogunleye@gmail.com,50000,Net 30,2020-07-07,Yes
CUST-01893,Adewale Tinubu,Adewale Tinubu,Individual,Lagos,08036624077,adewale.tinubu@businessng.com,50000,Net 30,2022-07-02,Yes
CUST-01894,Elite Holdings,Emeka Olatunji,Corporate,Kano,08121523067,emeka.olatunji@gmail.com,100000,Net 30,2020-09-01,Yes
CUST-01895,Urban Global Ltd,Ngozi Ibrahim,Corporate,Lagos,07061206766,ngozi.ibrahim@gmail.com,250000,Net 7,2021-06-14,Yes
CUST-01896,Tosin Salami,Tosin Salami,Individual,Lagos,08118574426,tosin.salami@yahoo.com,50000,Immediate,2018-08-12,Yes
CUST-01897,Faith Abubakar,Faith Abubakar,Individual,Kano,09012267862,faith.abubakar@tradingco.ng,250000,Net 30,2018-10-19,Yes
CUST-01898,Vision Solutions,Olumide Badmus,Corporate,Ibadan,08052876945,olumide.badmus@hotmail.com,0,Net 7,2021-01-25,Yes
CUST-01899,Heritage Global Ltd,Chidinma Adegoke,Corporate,Abuja,08033427658,chidinma.adegoke@businessng.com,50000,Net 14,2019-08-24,Yes
CUST-01900,Gold Ltd,Suleiman Tinubu,Corporate,Lagos,07064038080,suleiman.tinubu@yahoo.com,500000,Net 14,2022-03-27,Yes
CUST-01901,Monday Taiwo,Monday Taiwo,Individual,Lagos,08125556644,monday.taiwo@outlook.com,1000000,Net 30,2022-06-22,Yes
CUST-01902,Global Enterprises,Garba Falode,Corporate,Abuja,08116924408,garba.falode@outlook.com,0,Net 7,2018-09-25,Yes
CUST-01903,Heritage Trading Co,Ifeoma Fadipe,SME,Lagos,08113247082,ifeoma.fadipe@outlook.com,100000,Net 14,2021-04-11,Yes
CUST-01904,Unity Nigeria Ltd,Adaora Akinwale,Corporate,Lagos,08122852877,adaora.akinwale@outlook.com,500000,Immediate,2018-12-16,Yes
CUST-01905,Jumoke Musa,Jumoke Musa,Individual,Kano,09077939457,jumoke.musa@outlook.com,250000,Net 30,2022-06-09,Yes
CUST-01906,Diamond Ltd,Titilayo Eze,SME,Lagos,09079816744,titilayo.eze@outlook.com,100000,Net 30,2019-06-15,Yes
CUST-01907,Summit Ventures,Chidi Bakare,SME,Lagos,08121545746,chidi.bakare@hotmail.com,100000,Net 7,2018-06-25,Yes
CUST-01908,Elite Holdings,Adaeze Ibrahim,Corporate,Kano,08113145093,adaeze.ibrahim@businessng.com,50000,Net 14,2019-04-17,Yes
CUST-01909,Iron Ltd,Blessing Adekunle,Corporate,Abuja,08132967436,blessing.adekunle@yahoo.com,500000,Net 30,2019-10-15,Yes
CUST-01910,Funmilayo Tinubu,Funmilayo Tinubu,Individual,Lagos,08132105921,funmilayo.tinubu@yahoo.com,50000,Net 30,2021-11-06,No
CUST-01911,Future Ltd,Iyanuoluwa Adeyemi,Corporate,Lagos,08161033191,iyanuoluwa.adeyemi@gmail.com,0,Immediate,2021-01-28,Yes
CUST-01912,Gold Services Ltd,Fatima Balogun,Corporate,Lagos,08122866127,fatima.balogun@goldservic.com.ng,0,Immediate,2020-11-23,Yes
CUST-01913,Gold Ltd,Kayode Suleiman,Corporate,Lagos,08122549296,kayode.suleiman@hotmail.com,500000,Net 7,2022-08-08,Yes
CUST-01914,Steel Ventures,Fidelis Ogundele,Corporate,Port Harcourt,09078714686,fidelis.ogundele@tradingco.ng,1000000,Immediate,2020-03-06,Yes
CUST-01915,Platinum Services Ltd,Ramatu Ogunwale,Corporate,Lagos,08055109475,ramatu.ogunwale@gmail.com,0,Immediate,2021-05-07,Yes
CUST-01916,Platinum Nigeria Ltd,Adeola Obi,Corporate,Lagos,08168477088,adeola.obi@gmail.com,0,Immediate,2019-10-14,Yes
CUST-01917,Central Enterprises,Jumoke Suleiman,Corporate,Ibadan,08126184930,jumoke.suleiman@yahoo.com,0,Net 7,2021-07-26,Yes
CUST-01918,Vision Global Ltd,Emeka Abdullahi,Corporate,Lagos,08057897378,emeka.abdullahi@gmail.com,250000,Net 14,2020-02-08,Yes
CUST-01919,Maryam Olayemi,Maryam Olayemi,Individual,Lagos,08058246791,maryam.olayemi@hotmail.com,50000,Immediate,2018-07-15,Yes
CUST-01920,Sola Fadipe,Sola Fadipe,Individual,Lagos,08132536829,sola.fadipe@tradingco.ng,500000,Net 7,2018-10-10,Yes
CUST-01921,Kano Ltd,Chukwudi Adebayo,SME,Lagos,08053361198,chukwudi.adebayo@gmail.com,500000,Net 14,2020-10-22,Yes
CUST-01922,Unity Services Ltd,Hauwa Yusuf,Corporate,Lagos,07064232187,hauwa.yusuf@hotmail.com,100000,Net 7,2019-04-01,Yes
CUST-01923,Summit Enterprises,Ngozi Adeyemi,Corporate,Kano,08063340240,ngozi.adeyemi@summitente.com.ng,1000000,Net 14,2018-08-08,Yes
CUST-01924,Dynamic Group,Fidelis Adewale,Corporate,Lagos,08121300294,fidelis.adewale@outlook.com,1000000,Net 30,2018-08-23,Yes
CUST-01925,National Ltd,Obiora Faleye,Corporate,Lagos,08057851790,obiora.faleye@gmail.com,0,Immediate,2018-09-19,Yes
CUST-01926,Summit Ltd,Uchenna Tinubu,SME,Lagos,08134363896,uchenna.tinubu@yahoo.com,500000,Net 30,2018-05-21,Yes
CUST-01927,Lagos Trading Co,Biodun Okonkwo,SME,Port Harcourt,07061193413,biodun.okonkwo@hotmail.com,1000000,Net 30,2020-06-10,No
CUST-01928,Temitope Bakare,Temitope Bakare,Individual,Ibadan,07036235440,temitope.bakare@hotmail.com,1000000,Immediate,2022-11-28,Yes
CUST-01929,National Solutions,Rotimi Adebayo,Corporate,Abuja,08032796352,rotimi.adebayo@nationalso.com.ng,0,Net 14,2019-04-30,Yes
CUST-01930,Toyin Agboola,Toyin Agboola,Individual,Port Harcourt,08166186301,toyin.agboola@hotmail.com,50000,Net 14,2019-04-27,Yes
CUST-01931,Swift Enterprises,Ifeoma Ogundele,Corporate,Lagos,08063117579,ifeoma.ogundele@businessng.com,250000,Net 7,2020-03-18,Yes
CUST-01932,Diamond Group,Chukwudi Akintoye,Corporate,Port Harcourt,08053560920,chukwudi.akintoye@businessng.com,50000,Net 14,2018-06-06,Yes
CUST-01933,Central Solutions,Lola Ogunwale,SME,Kano,07038940739,lola.ogunwale@hotmail.com,0,Net 7,2021-03-30,Yes
CUST-01934,Silver Nigeria Ltd,Suleiman Adeyemi,Corporate,Kano,07039398649,suleiman.adeyemi@silvernige.com.ng,250000,Net 14,2018-10-26,Yes
CUST-01935,Heritage Ltd,Aliyu Garba,Corporate,Lagos,08057348560,aliyu.garba@heritagelt.com.ng,50000,Immediate,2018-11-05,Yes
CUST-01936,Power Enterprises,Chiamaka Adekunle,Corporate,Abuja,07033886814,chiamaka.adekunle@gmail.com,250000,Net 14,2022-06-29,Yes
CUST-01937,Urban Global Ltd,Godwin Aliyu,Corporate,Kano,09072347342,godwin.aliyu@urbangloba.com.ng,50000,Net 30,2019-05-26,Yes
CUST-01938,Future Ventures,Temitope Umar,Corporate,Lagos,09079433742,temitope.umar@businessng.com,50000,Immediate,2020-12-17,Yes
CUST-01939,Apex Holdings,Peace Badmus,Corporate,Abuja,07031306797,peace.badmus@outlook.com,0,Immediate,2018-03-31,Yes
CUST-01940,Heritage Global Ltd,Femi Bakare,Corporate,Port Harcourt,07032380122,femi.bakare@businessng.com,1000000,Net 7,2019-05-22,Yes
CUST-01941,Heritage Ventures,Victor Akintoye,Corporate,Ibadan,09078111592,victor.akintoye@gmail.com,50000,Net 30,2018-10-19,Yes
CUST-01942,Swift Ltd,Amaka Ibrahim,Corporate,Port Harcourt,08162762187,amaka.ibrahim@swiftltd.com.ng,250000,Immediate,2018-06-14,Yes
CUST-01943,Heritage Services Ltd,Adaeze Adeyemi,Corporate,Lagos,08162794118,adaeze.adeyemi@businessng.com,1000000,Net 30,2022-03-11,Yes
CUST-01944,Prime Nigeria Ltd,Chinyere Olawale,Corporate,Port Harcourt,08053610334,chinyere.olawale@businessng.com,100000,Immediate,2022-01-18,Yes
CUST-01945,Kano Services Ltd,Chioma Olayemi,SME,Kano,07067117955,chioma.olayemi@gmail.com,1000000,Immediate,2018-06-07,Yes
CUST-01946,Swift Nigeria Ltd,Aisha Obi,Corporate,Lagos,09013792865,aisha.obi@swiftniger.com.ng,500000,Net 30,2020-12-06,No
CUST-01947,Nnamdi Fashola,Nnamdi Fashola,Individual,Abuja,08121943518,nnamdi.fashola@tradingco.ng,50000,Net 30,2018-08-18,Yes
CUST-01948,Central Nigeria Ltd,Ngozi Okonkwo,SME,Ibadan,08128884983,ngozi.okonkwo@businessng.com,50000,Net 7,2019-02-20,Yes
CUST-01949,Royal Trading Co,Hauwa Adeniyi,SME,Lagos,09016684926,hauwa.adeniyi@businessng.com,50000,Immediate,2020-07-05,Yes
CUST-01950,Zenith Trading Co,Chukwuemeka Okafor,Corporate,Abuja,07068810164,chukwuemeka.okafor@businessng.com,500000,Immediate,2018-01-31,Yes
CUST-01951,Unity Global Ltd,Ebunoluwa Musa,Corporate,Abuja,08133722426,ebunoluwa.musa@businessng.com,0,Net 30,2021-04-13,Yes
CUST-01952,Happy Taiwo,Happy Taiwo,Individual,Abuja,09076912485,happy.taiwo@businessng.com,250000,Net 14,2020-03-26,Yes
CUST-01953,Power Nigeria Ltd,Ngozi Akinwale,SME,Abuja,08122986324,ngozi.akinwale@yahoo.com,500000,Net 14,2021-11-28,No
CUST-01954,Royal Holdings,Tunde Danjuma,Corporate,Lagos,08137516190,tunde.danjuma@gmail.com,0,Net 30,2018-01-20,Yes
CUST-01955,Lagos Enterprises,Suleiman Abubakar,SME,Lagos,08162887541,suleiman.abubakar@lagosenter.com.ng,500000,Net 7,2021-03-29,Yes
CUST-01956,Eagle Global Ltd,Mercy Musa,SME,Lagos,08036057118,mercy.musa@gmail.com,1000000,Net 30,2021-05-15,Yes
CUST-01957,Bright Nigeria Ltd,Aliyu Obi,Corporate,Abuja,08067325966,aliyu.obi@hotmail.com,1000000,Net 14,2022-04-13,Yes
CUST-01958,Federal Global Ltd,Jumoke Musa,Corporate,Port Harcourt,08126536394,jumoke.musa@yahoo.com,100000,Immediate,2018-07-11,Yes
CUST-01959,Abuja Services Ltd,Ngozi Bakare,Corporate,Abuja,07033608321,ngozi.bakare@hotmail.com,500000,Net 30,2022-10-19,Yes
CUST-01960,Future Group,Ronke Chukwu,SME,Ibadan,08063295387,ronke.chukwu@futuregrou.com.ng,0,Net 30,2020-10-06,Yes
CUST-01961,Capital Ventures,Biodun Obi,SME,Abuja,09072651924,biodun.obi@outlook.com,100000,Net 14,2018-11-13,Yes
CUST-01962,Steel Enterprises,Emmanuel Taiwo,SME,Lagos,08051316431,emmanuel.taiwo@yahoo.com,100000,Net 14,2020-06-10,No
CUST-01963,Zainab Adekunle,Zainab Adekunle,Individual,Abuja,09013371399,zainab.adekunle@gmail.com,100000,Immediate,2020-06-23,Yes
CUST-01964,Central Services Ltd,Obiora Eze,Corporate,Lagos,07067447049,obiora.eze@businessng.com,100000,Net 30,2020-12-24,Yes
CUST-01965,Nnamdi Taiwo,Nnamdi Taiwo,Individual,Lagos,08162639178,nnamdi.taiwo@hotmail.com,100000,Net 14,2019-04-13,Yes
CUST-01966,Kano Nigeria Ltd,Godwin Okafor,SME,Lagos,09076441146,godwin.okafor@tradingco.ng,250000,Net 7,2020-02-25,Yes
CUST-01967,Lagos Holdings,Abubakar Okafor,Corporate,Port Harcourt,09077758309,abubakar.okafor@yahoo.com,250000,Net 7,2021-02-10,Yes
CUST-01968,Platinum Solutions,Adaeze Adebayo,Corporate,Lagos,08038471222,adaeze.adebayo@tradingco.ng,250000,Net 7,2018-10-22,Yes
CUST-01969,Future Global Ltd,Iyanuoluwa Lawal,Corporate,Ibadan,09077725763,iyanuoluwa.lawal@hotmail.com,250000,Net 7,2020-01-04,Yes
CUST-01970,Central Services Ltd,Kunle Ogunleye,SME,Kano,08037818880,kunle.ogunleye@tradingco.ng,1000000,Immediate,2022-06-21,Yes
CUST-01971,Dynamic Ltd,Peace Kehinde,Corporate,Port Harcourt,07067216232,peace.kehinde@businessng.com,50000,Net 14,2018-01-13,Yes
CUST-01972,Bright Services Ltd,Fidelis Ogunleye,SME,Lagos,08128014890,fidelis.ogunleye@tradingco.ng,0,Net 14,2021-05-05,Yes
CUST-01973,Vision Global Ltd,Hauwa Sanusi,Corporate,Port Harcourt,08116396710,hauwa.sanusi@hotmail.com,250000,Immediate,2022-02-17,Yes
CUST-01974,Power Solutions,Toyin Lawal,Corporate,Lagos,08052291416,toyin.lawal@powersolut.com.ng,1000000,Immediate,2019-05-10,Yes
CUST-01975,Global Holdings,Oluwakemi Okafor,SME,Ibadan,08138641043,oluwakemi.okafor@tradingco.ng,50000,Net 7,2018-05-03,Yes
CUST-01976,Metro Nigeria Ltd,Gbenga Fadipe,Corporate,Lagos,08068797857,gbenga.fadipe@businessng.com,100000,Net 30,2020-05-22,Yes
CUST-01977,Swift Ltd,Ifeanyi Bello,Corporate,Ibadan,07033644334,ifeanyi.bello@swiftltd.com.ng,500000,Net 14,2018-08-22,Yes
CUST-01978,National Ltd,Joy Akintoye,SME,Abuja,08132737538,joy.akintoye@businessng.com,250000,Immediate,2019-03-01,Yes
CUST-01979,Silver Ventures,Gbenga Okonkwo,Corporate,Kano,08032604830,gbenga.okonkwo@outlook.com,50000,Net 30,2019-07-05,Yes
CUST-01980,Apex Nigeria Ltd,Adewale Adekunle,SME,Abuja,09011324249,adewale.adekunle@yahoo.com,0,Net 30,2019-02-02,Yes
CUST-01981,Prime Solutions,Umar Kehinde,Corporate,Kano,08164501045,umar.kehinde@yahoo.com,250000,Net 30,2019-01-11,Yes
CUST-01982,Royal Services Ltd,Yetunde Olatunji,Corporate,Lagos,08125674754,yetunde.olatunji@businessng.com,250000,Net 30,2019-05-10,Yes
CUST-01983,Prime Holdings,Kelechi Obi,SME,Ibadan,07065363914,kelechi.obi@gmail.com,50000,Net 14,2021-06-15,No
CUST-01984,National Ventures,Chioma Yusuf,SME,Lagos,08138751364,chioma.yusuf@tradingco.ng,50000,Net 30,2019-01-05,Yes
CUST-01985,Diamond Global Ltd,Femi Olatunji,Corporate,Lagos,08111801246,femi.olatunji@outlook.com,500000,Net 30,2018-05-02,Yes
CUST-01986,Gold Group,Kike Adewale,SME,Lagos,09013788447,kike.adewale@goldgroup.com.ng,1000000,Net 14,2019-12-30,Yes
CUST-01987,Hauwa Falode,Hauwa Falode,Individual,Port Harcourt,08127268550,hauwa.falode@gmail.com,250000,Immediate,2020-11-01,Yes
CUST-01988,Silver Services Ltd,Ramatu Bakare,Corporate,Abuja,08051364072,ramatu.bakare@yahoo.com,0,Immediate,2021-09-24,Yes
CUST-01989,Prime Enterprises,Abubakar Adesanya,SME,Lagos,08067231119,abubakar.adesanya@businessng.com,100000,Net 7,2021-06-23,Yes
CUST-01990,Prime Ventures,Hauwa Ogunwale,SME,Lagos,08133631966,hauwa.ogunwale@outlook.com,50000,Net 7,2019-02-27,Yes
CUST-01991,Eagle Ltd,Femi Chukwu,Corporate,Lagos,07066559713,femi.chukwu@outlook.com,0,Immediate,2021-06-20,No
CUST-01992,Prime Global Ltd,Umar Musa,Corporate,Abuja,08129460643,umar.musa@businessng.com,500000,Net 14,2021-11-24,Yes
CUST-01993,Elite Enterprises,Emmanuel Sanusi,Corporate,Lagos,08167612139,emmanuel.sanusi@yahoo.com,500000,Net 30,2018-09-28,Yes
CUST-01994,Bello Olatunji,Bello Olatunji,Individual,Ibadan,09074867004,bello.olatunji@gmail.com,50000,Net 14,2022-03-22,Yes
CUST-01995,Iron Group,Femi Olayemi,Corporate,Ibadan,08127590456,femi.olayemi@outlook.com,500000,Net 7,2018-04-26,Yes
CUST-01996,Elite Nigeria Ltd,Dele Ogundele,Corporate,Abuja,09016183992,dele.ogundele@eliteniger.com.ng,100000,Net 14,2018-11-24,Yes
CUST-01997,Abuja Nigeria Ltd,Garba Okafor,SME,Kano,08168518486,garba.okafor@outlook.com,500000,Immediate,2021-04-15,Yes
CUST-01998,National Nigeria Ltd,Hamisu Adebayo,Corporate,Abuja,07064894312,hamisu.adebayo@tradingco.ng,250000,Net 7,2020-05-17,Yes
CUST-01999,Hadiza Tinubu,Hadiza Tinubu,Individual,Kano,08117688099,hadiza.tinubu@outlook.com,250000,Immediate,2018-10-18,Yes
CUST-02000,Iron Global Ltd,Nuhu Adekunle,Corporate,Lagos,08033656490,nuhu.adekunle@tradingco.ng,1000000,Net 14,2019-10-08,Yes
CUST-02001,Crown Nigeria Ltd,Amaka Nwachukwu,Corporate,Abuja,08166567769,amaka.nwachukwu@outlook.com,0,Net 14,2018-07-12,Yes
CUST-02002,Crown Ventures,Monday Sanusi,Corporate,Port Harcourt,08066024989,monday.sanusi@yahoo.com,1000000,Immediate,2020-11-25,Yes
CUST-02003,Unity Solutions,Peace Adegoke,SME,Abuja,08123128186,peace.adegoke@outlook.com,1000000,Net 14,2022-10-28,Yes
CUST-02004,Federal Solutions,Tunde Ogundimu,SME,Port Harcourt,08116391124,tunde.ogundimu@tradingco.ng,500000,Immediate,2021-04-24,Yes
CUST-02005,Metro Services Ltd,Ibrahim Sanusi,SME,Lagos,08059266290,ibrahim.sanusi@tradingco.ng,250000,Net 7,2019-03-04,Yes
CUST-02006,Platinum Group,Sadiq Olayemi,SME,Lagos,07061958982,sadiq.olayemi@yahoo.com,100000,Net 30,2022-01-07,Yes
CUST-02007,Future Trading Co,Bisi Garba,Corporate,Abuja,09079898716,bisi.garba@yahoo.com,1000000,Net 7,2022-05-06,Yes
CUST-02008,Unity Holdings,Kike Balogun,SME,Lagos,08039521406,kike.balogun@outlook.com,250000,Net 30,2018-09-14,Yes
CUST-02009,Vision Group,Suleiman Umar,Corporate,Lagos,08127573147,suleiman.umar@yahoo.com,500000,Net 7,2018-12-20,Yes
CUST-02010,Dynamic Group,Chidinma Salami,Corporate,Ibadan,08117807103,chidinma.salami@yahoo.com,100000,Net 30,2018-12-19,Yes
CUST-02011,Abosede Olayemi,Abosede Olayemi,Individual,Lagos,08131213278,abosede.olayemi@gmail.com,50000,Net 7,2019-05-19,Yes
CUST-02012,Dynamic Ventures,Musa Olatunji,SME,Lagos,08038004579,musa.olatunji@hotmail.com,50000,Net 30,2018-03-23,Yes
CUST-02013,Future Ltd,Sade Adeyemi,Corporate,Kano,07068219379,sade.adeyemi@yahoo.com,50000,Immediate,2020-09-04,Yes
CUST-02014,Eagle Ltd,Olumide Lawal,Corporate,Ibadan,08064684377,olumide.lawal@yahoo.com,100000,Net 7,2021-01-08,Yes
CUST-02015,Steel Nigeria Ltd,Biodun Adesanya,Corporate,Lagos,08124727776,biodun.adesanya@hotmail.com,0,Immediate,2020-05-09,Yes
CUST-02016,Prime Group,Obiora Ogundele,SME,Abuja,07037714800,obiora.ogundele@gmail.com,1000000,Net 30,2022-08-29,Yes
CUST-02017,Kano Global Ltd,Bisi Fashola,Corporate,Port Harcourt,09076938942,bisi.fashola@gmail.com,0,Net 14,2019-04-13,Yes
CUST-02018,Summit Services Ltd,Tosin Garba,Corporate,Abuja,08113459760,tosin.garba@businessng.com,50000,Immediate,2019-02-26,Yes
CUST-02019,Lagos Solutions,Adaora Adeyemi,SME,Port Harcourt,08068302666,adaora.adeyemi@outlook.com,50000,Net 7,2022-01-05,Yes
CUST-02020,Royal Global Ltd,Khadija Garba,Corporate,Abuja,08138783319,khadija.garba@hotmail.com,1000000,Net 30,2020-12-07,Yes
CUST-02021,Platinum Global Ltd,Lola Salami,Corporate,Lagos,08125904273,lola.salami@yahoo.com,500000,Immediate,2022-08-04,Yes
CUST-02022,Future Nigeria Ltd,Nneka Adeniyi,Corporate,Kano,09078405132,nneka.adeniyi@gmail.com,0,Net 30,2021-06-23,Yes
CUST-02023,Gbenga Umar,Gbenga Umar,Individual,Lagos,08033830317,gbenga.umar@outlook.com,500000,Net 7,2020-06-30,Yes
CUST-02024,Zainab Osei,Zainab Osei,Individual,Abuja,08134674617,zainab.osei@outlook.com,100000,Net 30,2022-05-19,Yes
CUST-02025,Lagos Services Ltd,Chukwudi Bakare,Corporate,Kano,08033776760,chukwudi.bakare@outlook.com,100000,Net 14,2022-03-07,Yes
CUST-02026,Prime Solutions,Titilayo Adewale,SME,Port Harcourt,09013901730,titilayo.adewale@yahoo.com,500000,Net 30,2022-02-12,Yes
CUST-02027,Zenith Ventures,Nneka Fadipe,Corporate,Lagos,08169403033,nneka.fadipe@businessng.com,100000,Net 14,2020-09-13,No
CUST-02028,Abuja Global Ltd,Funmilayo Mensah,Corporate,Lagos,08121268493,funmilayo.mensah@businessng.com,0,Net 7,2020-09-03,Yes
CUST-02029,Star Solutions,Ade Kehinde,Corporate,Abuja,08117888141,ade.kehinde@tradingco.ng,0,Net 14,2019-03-31,Yes
CUST-02030,Star Holdings,Zainab Eze,SME,Ibadan,08052381677,zainab.eze@starholdin.com.ng,250000,Net 14,2022-12-05,Yes
CUST-02031,Diamond Global Ltd,Lola Adegoke,Corporate,Abuja,09072126482,lola.adegoke@outlook.com,1000000,Net 14,2021-11-22,Yes
CUST-02032,Prime Ltd,Grace Agbaje,SME,Lagos,09018975518,grace.agbaje@tradingco.ng,50000,Immediate,2018-01-23,No
CUST-02033,Aisha Abubakar,Aisha Abubakar,Individual,Abuja,08117460213,aisha.abubakar@gmail.com,100000,Net 7,2020-01-15,Yes
CUST-02034,National Global Ltd,Adaeze Wada,Corporate,Abuja,07038127058,adaeze.wada@nationalgl.com.ng,500000,Net 7,2019-03-09,Yes
CUST-02035,Global Ltd,Ronke Fadipe,SME,Abuja,09013017338,ronke.fadipe@globalltd.com.ng,50000,Net 7,2022-02-14,Yes
CUST-02036,Abuja Nigeria Ltd,Lola Adeniyi,SME,Kano,08039588269,lola.adeniyi@hotmail.com,500000,Net 30,2019-11-05,Yes
CUST-02037,Diamond Services Ltd,Adeola Faleye,Corporate,Ibadan,08167957679,adeola.faleye@yahoo.com,100000,Net 7,2021-11-27,Yes
CUST-02038,Sade Okonkwo,Sade Okonkwo,Individual,Lagos,08116413216,sade.okonkwo@businessng.com,0,Net 14,2021-03-15,Yes
CUST-02039,Oluwaseun Aliyu,Oluwaseun Aliyu,Individual,Abuja,08035401699,oluwaseun.aliyu@tradingco.ng,500000,Net 30,2022-04-16,Yes
CUST-02040,Kelechi Akintoye,Kelechi Akintoye,Individual,Ibadan,09011498946,kelechi.akintoye@hotmail.com,250000,Net 7,2019-01-18,Yes
CUST-02041,Zenith Services Ltd,Hamisu Salami,Corporate,Lagos,08123974790,hamisu.salami@businessng.com,500000,Immediate,2021-10-10,Yes
CUST-02042,Bright Holdings,Ifeanyi Aliyu,SME,Port Harcourt,07064423785,ifeanyi.aliyu@businessng.com,50000,Net 30,2018-07-05,Yes
CUST-02043,Lagos Enterprises,Kelechi Adekunle,Corporate,Abuja,08125897885,kelechi.adekunle@yahoo.com,0,Net 7,2022-01-10,Yes
CUST-02044,Tunde Kehinde,Tunde Kehinde,Individual,Lagos,07066074887,tunde.kehinde@tradingco.ng,1000000,Immediate,2018-08-20,Yes
CUST-02045,Iron Ltd,Faith Falode,Corporate,Abuja,08124013728,faith.falode@gmail.com,500000,Net 14,2022-08-06,Yes
CUST-02046,Lagos Ventures,Abosede Adeyemi,Corporate,Kano,08135555926,abosede.adeyemi@yahoo.com,500000,Net 14,2021-09-10,Yes
CUST-02047,Blessing Tinubu,Blessing Tinubu,Individual,Port Harcourt,08068816646,blessing.tinubu@tradingco.ng,500000,Immediate,2020-04-28,Yes
CUST-02048,Abuja Global Ltd,Garba Fadahunsi,Corporate,Port Harcourt,08066766997,garba.fadahunsi@tradingco.ng,500000,Immediate,2018-07-30,Yes
CUST-02049,Bright Trading Co,Peace Agboola,SME,Lagos,07061024707,peace.agboola@yahoo.com,250000,Immediate,2018-08-23,Yes
CUST-02050,Heritage Ltd,Bashir Tinubu,Corporate,Abuja,08034415624,bashir.tinubu@gmail.com,500000,Immediate,2020-11-26,Yes
CUST-02051,Bright Trading Co,Obiora Adesanya,Corporate,Lagos,08127956154,obiora.adesanya@brighttrad.com.ng,50000,Net 14,2022-09-02,Yes
CUST-02052,Steel Enterprises,Ngozi Taiwo,Corporate,Kano,09076685447,ngozi.taiwo@steelenter.com.ng,50000,Net 30,2021-07-16,Yes
CUST-02053,Zenith Holdings,Emeka Adewale,SME,Kano,08112884639,emeka.adewale@tradingco.ng,500000,Net 30,2022-10-25,Yes
CUST-02054,Gold Enterprises,Temitope Adeniyi,Corporate,Lagos,09071555218,temitope.adeniyi@goldenterp.com.ng,50000,Immediate,2019-05-07,Yes
CUST-02055,Dynamic Holdings,Obiora Ibrahim,SME,Lagos,08115438623,obiora.ibrahim@outlook.com,100000,Net 7,2019-10-30,Yes
CUST-02056,Lagos Group,Chiamaka Fadipe,Corporate,Kano,08119129449,chiamaka.fadipe@gmail.com,0,Net 7,2018-01-23,No
CUST-02057,Heritage Enterprises,Ebunoluwa Taiwo,Corporate,Port Harcourt,07064606256,ebunoluwa.taiwo@hotmail.com,500000,Immediate,2021-04-14,Yes
CUST-02058,Federal Ltd,Bayo Adegoke,Corporate,Lagos,09075467103,bayo.adegoke@federalltd.com.ng,250000,Net 30,2022-08-13,Yes
CUST-02059,Iron Ltd,Dele Falode,Corporate,Lagos,07035064835,dele.falode@hotmail.com,100000,Net 7,2022-09-26,No
CUST-02060,National Holdings,Adaeze Shehu,Corporate,Lagos,09072328070,adaeze.shehu@tradingco.ng,500000,Net 30,2022-06-06,Yes
CUST-02061,Gold Solutions,Adeola Okonkwo,Corporate,Kano,09073464073,adeola.okonkwo@gmail.com,100000,Net 30,2020-10-17,Yes
CUST-02062,Silver Enterprises,Zainab Lawal,Corporate,Lagos,08134872535,zainab.lawal@hotmail.com,0,Net 30,2020-04-05,Yes
CUST-02063,Unity Group,Maryam Olayemi,Corporate,Kano,07039130270,maryam.olayemi@businessng.com,1000000,Net 7,2018-10-04,No
CUST-02064,Diamond Enterprises,Ade Okafor,SME,Lagos,08053161087,ade.okafor@gmail.com,250000,Net 30,2020-03-26,Yes
CUST-02065,Dynamic Global Ltd,Faith Olayemi,Corporate,Lagos,08053589058,faith.olayemi@dynamicglo.com.ng,1000000,Net 7,2019-03-18,Yes
CUST-02066,Steel Services Ltd,Sade Olawale,SME,Abuja,08124142222,sade.olawale@outlook.com,250000,Immediate,2019-09-09,Yes
CUST-02067,Star Trading Co,Ade Ogunleye,Corporate,Lagos,08125144296,ade.ogunleye@gmail.com,100000,Net 7,2021-05-20,Yes
CUST-02068,Bright Enterprises,Emmanuel Faleye,Corporate,Abuja,08031492091,emmanuel.faleye@gmail.com,0,Net 14,2019-09-02,Yes
CUST-02069,Eagle Solutions,Sade Tinubu,SME,Ibadan,08114805556,sade.tinubu@businessng.com,0,Net 14,2022-02-06,Yes
CUST-02070,Apex Global Ltd,Kunle Umar,Corporate,Kano,08129316569,kunle.umar@outlook.com,50000,Net 30,2018-09-29,Yes
CUST-02071,Chinyere Danjuma,Chinyere Danjuma,Individual,Abuja,07033680477,chinyere.danjuma@tradingco.ng,1000000,Net 7,2019-08-31,Yes
CUST-02072,Bright Ltd,Precious Lawal,SME,Kano,08134918020,precious.lawal@outlook.com,50000,Immediate,2021-03-13,Yes
CUST-02073,Lagos Trading Co,Bisi Faleye,Corporate,Kano,08053098869,bisi.faleye@lagostradi.com.ng,500000,Immediate,2021-08-22,Yes
CUST-02074,Summit Services Ltd,Mercy Fashola,Corporate,Port Harcourt,07065127277,mercy.fashola@tradingco.ng,0,Net 30,2021-06-14,Yes
CUST-02075,Future Services Ltd,Chioma Ogunleye,SME,Lagos,08115871762,chioma.ogunleye@businessng.com,0,Net 14,2019-05-23,Yes
CUST-02076,Hauwa Aliyu,Hauwa Aliyu,Individual,Lagos,07064783905,hauwa.aliyu@gmail.com,1000000,Net 7,2020-09-14,Yes
CUST-02077,Star Services Ltd,Sade Bello,Corporate,Abuja,09014295872,sade.bello@tradingco.ng,50000,Immediate,2020-10-13,Yes
CUST-02078,Dynamic Ltd,Bayo Adewale,Corporate,Lagos,07062190891,bayo.adewale@dynamicltd.com.ng,50000,Net 30,2019-02-01,Yes
CUST-02079,Dynamic Solutions,Adaeze Nwachukwu,Corporate,Lagos,07038525486,adaeze.nwachukwu@outlook.com,500000,Immediate,2022-05-16,Yes
CUST-02080,Silver Enterprises,Bisi Okonkwo,SME,Ibadan,08166288400,bisi.okonkwo@gmail.com,0,Net 30,2020-04-26,Yes
CUST-02081,Eagle Services Ltd,Godwin Salami,SME,Port Harcourt,08036994162,godwin.salami@gmail.com,250000,Net 7,2021-09-08,Yes
CUST-02082,Diamond Global Ltd,Ifeoma Garba,Corporate,Lagos,08032231020,ifeoma.garba@diamondglo.com.ng,100000,Immediate,2019-12-07,Yes
CUST-02083,Vision Services Ltd,Monday Agbaje,Corporate,Lagos,07037583389,monday.agbaje@tradingco.ng,100000,Net 7,2021-05-18,Yes
CUST-02084,Urban Services Ltd,Hamisu Ibrahim,SME,Lagos,08035782453,hamisu.ibrahim@gmail.com,500000,Net 7,2022-08-25,Yes
CUST-02085,Abuja Ltd,Hadiza Umar,Corporate,Ibadan,08163510061,hadiza.umar@yahoo.com,0,Immediate,2021-10-26,Yes
CUST-02086,Prime Global Ltd,Sade Sanusi,Corporate,Kano,07067699816,sade.sanusi@tradingco.ng,100000,Immediate,2021-09-13,Yes
CUST-02087,Swift Ventures,Rotimi Akintoye,Corporate,Port Harcourt,07062519059,rotimi.akintoye@hotmail.com,100000,Net 30,2021-12-23,Yes
CUST-02088,Iyanuoluwa Eze,Iyanuoluwa Eze,Individual,Lagos,07068004884,iyanuoluwa.eze@yahoo.com,50000,Immediate,2019-01-24,Yes
CUST-02089,Central Trading Co,Ramatu Suleiman,Corporate,Lagos,08059176913,ramatu.suleiman@gmail.com,500000,Net 30,2018-03-29,Yes
CUST-02090,Babatunde Kehinde,Babatunde Kehinde,Individual,Lagos,08122554516,babatunde.kehinde@babatundek.com.ng,1000000,Net 14,2022-11-08,Yes
CUST-02091,Tunde Nwachukwu,Tunde Nwachukwu,Individual,Lagos,08057351389,tunde.nwachukwu@gmail.com,0,Net 14,2021-01-05,Yes
CUST-02092,Swift Holdings,Joy Ibrahim,Corporate,Lagos,08133001603,joy.ibrahim@gmail.com,500000,Net 30,2018-03-08,Yes
CUST-02093,Bright Ltd,Adeola Kehinde,Corporate,Lagos,08168891729,adeola.kehinde@tradingco.ng,0,Net 30,2020-09-04,Yes
CUST-02094,Metro Ltd,Kike Garba,Corporate,Kano,08113308320,kike.garba@tradingco.ng,50000,Immediate,2020-06-27,No
CUST-02095,Musa Akinwale,Musa Akinwale,Individual,Lagos,08126686779,musa.akinwale@tradingco.ng,50000,Net 14,2020-05-12,Yes
CUST-02096,Dynamic Global Ltd,Lola Fashola,Corporate,Lagos,08127307007,lola.fashola@gmail.com,100000,Net 7,2018-01-28,Yes
CUST-02097,Heritage Ltd,Nneka Agbaje,SME,Lagos,07069156441,nneka.agbaje@businessng.com,500000,Net 30,2018-01-13,Yes
CUST-02098,Future Ltd,Grace Akintoye,Corporate,Abuja,08161696757,grace.akintoye@hotmail.com,250000,Net 7,2020-06-07,Yes
CUST-02099,Adaeze Fashola,Adaeze Fashola,Individual,Kano,08112471865,adaeze.fashola@tradingco.ng,1000000,Net 30,2019-06-29,Yes
CUST-02100,Prime Ventures,Chukwuemeka Eze,SME,Lagos,08131984860,chukwuemeka.eze@businessng.com,1000000,Net 7,2021-08-01,Yes
CUST-02101,Lagos Group,Suleiman Fashola,Corporate,Lagos,08168718660,suleiman.fashola@businessng.com,100000,Net 30,2021-11-26,Yes
CUST-02102,Dynamic Holdings,Temitope Aliyu,SME,Lagos,08039949741,temitope.aliyu@hotmail.com,0,Net 7,2022-11-03,Yes
CUST-02103,Vision Solutions,Toyin Musa,SME,Lagos,08113299522,toyin.musa@gmail.com,100000,Net 14,2022-03-11,Yes
CUST-02104,National Trading Co,Jumoke Musa,Corporate,Lagos,08061273300,jumoke.musa@tradingco.ng,500000,Immediate,2022-01-11,Yes
CUST-02105,Global Solutions,Khadija Fadahunsi,Corporate,Lagos,07067679628,khadija.fadahunsi@hotmail.com,50000,Net 7,2021-05-07,Yes
CUST-02106,Urban Ltd,Oluwakemi Aliyu,SME,Lagos,08057373432,oluwakemi.aliyu@gmail.com,50000,Net 30,2018-07-30,Yes
CUST-02107,Apex Services Ltd,Ibrahim Ogunwale,Corporate,Lagos,07038531455,ibrahim.ogunwale@businessng.com,1000000,Net 7,2022-04-01,Yes
CUST-02108,Power Nigeria Ltd,Ngozi Fashola,Corporate,Abuja,09077126467,ngozi.fashola@gmail.com,0,Net 14,2019-02-12,Yes
CUST-02109,Summit Holdings,Emeka Adebayo,Corporate,Abuja,08066302160,emeka.adebayo@hotmail.com,0,Net 14,2020-12-14,Yes
CUST-02110,Lagos Solutions,Suleiman Fashola,Corporate,Lagos,08165115366,suleiman.fashola@lagossolut.com.ng,100000,Net 14,2020-06-24,Yes
CUST-02111,Lagos Group,Amaka Lawal,Corporate,Lagos,08066366594,amaka.lawal@tradingco.ng,250000,Immediate,2019-10-16,No
CUST-02112,Adaora Olatunji,Adaora Olatunji,Individual,Lagos,08119803220,adaora.olatunji@tradingco.ng,500000,Net 30,2020-06-09,No
CUST-02113,Global Holdings,Kike Akintoye,SME,Lagos,08053064526,kike.akintoye@globalhold.com.ng,50000,Net 7,2019-10-23,Yes
CUST-02114,Hauwa Fadahunsi,Hauwa Fadahunsi,Individual,Kano,09017643577,hauwa.fadahunsi@hauwafadah.com.ng,0,Net 14,2021-11-07,Yes
CUST-02115,Metro Services Ltd,Godwin Okafor,Corporate,Ibadan,08065451988,godwin.okafor@yahoo.com,0,Immediate,2021-02-28,Yes
CUST-02116,Platinum Services Ltd,Olumide Faleye,Corporate,Lagos,08164181861,olumide.faleye@businessng.com,50000,Net 30,2019-03-12,Yes
CUST-02117,Kano Solutions,Kunle Olatunji,Corporate,Lagos,08133237600,kunle.olatunji@outlook.com,50000,Net 7,2022-07-29,Yes
CUST-02118,Dynamic Solutions,Yetunde Falode,SME,Lagos,09018942296,yetunde.falode@yahoo.com,500000,Net 7,2019-04-04,No
CUST-02119,Unity Global Ltd,Chinyere Tinubu,Corporate,Port Harcourt,08131363916,chinyere.tinubu@unitygloba.com.ng,0,Net 14,2021-11-11,Yes
CUST-02120,National Enterprises,Ngozi Falode,Corporate,Kano,07035921346,ngozi.falode@yahoo.com,50000,Net 14,2020-10-10,Yes
CUST-02121,Bright Ventures,Bashir Olayemi,SME,Lagos,08119107948,bashir.olayemi@outlook.com,100000,Immediate,2019-11-04,Yes
CUST-02122,Iron Group,Titilayo Akinwale,Corporate,Abuja,08122165010,titilayo.akinwale@yahoo.com,500000,Net 7,2018-09-12,Yes
CUST-02123,Federal Global Ltd,Victor Akintoye,Corporate,Port Harcourt,08134092125,victor.akintoye@businessng.com,250000,Net 7,2018-09-20,Yes
CUST-02124,Global Nigeria Ltd,Folake Adegoke,Corporate,Abuja,09071566565,folake.adegoke@hotmail.com,250000,Net 14,2022-02-04,Yes
CUST-02125,Global Trading Co,Temitope Adebayo,Corporate,Abuja,08034993651,temitope.adebayo@hotmail.com,0,Net 14,2021-06-12,Yes
CUST-02126,Unity Solutions,Nuhu Ogundimu,Corporate,Lagos,08038934226,nuhu.ogundimu@businessng.com,1000000,Net 14,2022-01-30,Yes
CUST-02127,Platinum Services Ltd,Ifeanyi Garba,Corporate,Ibadan,07069494968,ifeanyi.garba@yahoo.com,250000,Net 30,2020-05-10,Yes
CUST-02128,Swift Ltd,Faith Adeyemi,SME,Lagos,08167792054,faith.adeyemi@yahoo.com,500000,Net 14,2021-07-23,Yes
CUST-02129,Kano Ventures,Lola Agboola,Corporate,Abuja,07036285851,lola.agboola@kanoventur.com.ng,250000,Net 7,2018-08-02,Yes
CUST-02130,Sadiq Yusuf,Sadiq Yusuf,Individual,Kano,08119126971,sadiq.yusuf@tradingco.ng,500000,Net 14,2022-09-21,Yes
CUST-02131,Ade Faleye,Ade Faleye,Individual,Abuja,08051576829,ade.faleye@adefaleye.com.ng,1000000,Net 14,2022-07-25,Yes
CUST-02132,Global Enterprises,Iyanuoluwa Musa,SME,Abuja,08055976103,iyanuoluwa.musa@yahoo.com,50000,Net 7,2022-03-07,Yes
CUST-02133,Crown Enterprises,Yetunde Bello,Corporate,Port Harcourt,09079953454,yetunde.bello@businessng.com,1000000,Immediate,2021-09-14,Yes
CUST-02134,Future Global Ltd,Precious Musa,SME,Lagos,08031068514,precious.musa@tradingco.ng,0,Net 7,2021-11-03,Yes
CUST-02135,Elite Ventures,Jumoke Adesanya,Corporate,Kano,07039350149,jumoke.adesanya@outlook.com,50000,Net 7,2019-11-30,Yes
CUST-02136,Eagle Trading Co,Blessing Yusuf,SME,Ibadan,09079830779,blessing.yusuf@yahoo.com,50000,Net 7,2020-07-11,Yes
CUST-02137,Kano Nigeria Ltd,Amaka Wada,SME,Abuja,09071830067,amaka.wada@hotmail.com,1000000,Immediate,2022-02-06,Yes
CUST-02138,Gold Solutions,Faith Fadipe,Corporate,Abuja,08125546937,faith.fadipe@hotmail.com,0,Net 14,2020-11-21,Yes
CUST-02139,Diamond Global Ltd,Precious Garba,SME,Port Harcourt,09075050722,precious.garba@gmail.com,500000,Net 30,2018-11-12,Yes
CUST-02140,Star Ventures,Adaora Ibrahim,SME,Lagos,08052403817,adaora.ibrahim@hotmail.com,250000,Net 7,2018-01-16,Yes
CUST-02141,Iron Trading Co,Hadiza Shehu,Corporate,Abuja,07036545607,hadiza.shehu@hotmail.com,1000000,Net 30,2019-10-23,Yes
CUST-02142,Dynamic Solutions,Toyin Shehu,Corporate,Abuja,08055606976,toyin.shehu@gmail.com,0,Immediate,2020-03-02,Yes
CUST-02143,Unity Solutions,Aisha Ogunleye,Corporate,Port Harcourt,08036996400,aisha.ogunleye@gmail.com,250000,Net 30,2019-12-24,Yes
CUST-02144,Lagos Solutions,Chioma Tinubu,Corporate,Lagos,08069594836,chioma.tinubu@lagossolut.com.ng,500000,Net 30,2019-08-30,Yes
CUST-02145,Silver Trading Co,Temitope Nwachukwu,Corporate,Abuja,08039599307,temitope.nwachukwu@businessng.com,50000,Net 14,2022-08-08,Yes
CUST-02146,Apex Global Ltd,Monday Osei,SME,Abuja,08161764736,monday.osei@apexglobal.com.ng,100000,Net 14,2018-11-12,Yes
CUST-02147,Future Ltd,Amaka Okafor,Corporate,Kano,08129970343,amaka.okafor@yahoo.com,0,Net 14,2022-03-10,Yes
CUST-02148,Zenith Ventures,Sola Taiwo,SME,Ibadan,08052110878,sola.taiwo@businessng.com,500000,Net 30,2021-05-06,Yes
CUST-02149,Bright Trading Co,Titilayo Garba,Corporate,Lagos,08064518935,titilayo.garba@outlook.com,250000,Net 14,2020-12-14,Yes
CUST-02150,Global Group,Hadiza Abubakar,SME,Ibadan,08059256789,hadiza.abubakar@outlook.com,500000,Immediate,2021-03-19,Yes
CUST-02151,Lagos Ltd,Chiamaka Fadahunsi,Corporate,Lagos,08121757615,chiamaka.fadahunsi@yahoo.com,1000000,Net 30,2018-01-03,Yes
CUST-02152,Prime Global Ltd,Zainab Tinubu,SME,Lagos,07069899410,zainab.tinubu@primegloba.com.ng,50000,Net 14,2020-12-02,Yes
CUST-02153,Bright Ltd,Obiora Nwachukwu,Corporate,Lagos,08068382285,obiora.nwachukwu@tradingco.ng,250000,Net 30,2019-08-09,Yes
CUST-02154,Capital Nigeria Ltd,Folake Abdullahi,SME,Port Harcourt,07032118934,folake.abdullahi@capitalnig.com.ng,250000,Net 14,2021-11-07,Yes
CUST-02155,Unity Ventures,Tosin Adeyemi,SME,Lagos,08119724147,tosin.adeyemi@businessng.com,250000,Net 14,2018-08-06,Yes
CUST-02156,National Enterprises,Toluwani Chukwu,SME,Abuja,08037049771,toluwani.chukwu@tradingco.ng,500000,Net 30,2022-01-07,Yes
CUST-02157,Metro Solutions,Toluwani Adegoke,Corporate,Kano,08162655189,toluwani.adegoke@businessng.com,250000,Net 7,2021-12-04,Yes
CUST-02158,Global Nigeria Ltd,Sade Okafor,SME,Abuja,08069885734,sade.okafor@businessng.com,0,Net 30,2021-01-12,Yes
CUST-02159,Diamond Group,Musa Sanusi,Corporate,Lagos,08126241357,musa.sanusi@hotmail.com,500000,Immediate,2020-05-10,Yes
CUST-02160,Biodun Adegoke,Biodun Adegoke,Individual,Lagos,08168948326,biodun.adegoke@gmail.com,250000,Immediate,2018-11-07,Yes
CUST-02161,Star Ltd,Nnamdi Kehinde,SME,Port Harcourt,08056307613,nnamdi.kehinde@businessng.com,100000,Net 30,2018-04-24,Yes
CUST-02162,Vision Solutions,Folake Adebayo,SME,Lagos,08118468713,folake.adebayo@hotmail.com,250000,Net 14,2019-10-05,Yes
CUST-02163,Prime Services Ltd,Abiodun Ogunwale,SME,Ibadan,08168763973,abiodun.ogunwale@primeservi.com.ng,0,Net 14,2021-04-09,Yes
CUST-02164,Heritage Group,Toyin Faleye,Corporate,Kano,08127553290,toyin.faleye@yahoo.com,250000,Net 7,2020-11-01,Yes
CUST-02165,Apex Enterprises,Lola Eze,SME,Lagos,08119036062,lola.eze@hotmail.com,0,Net 7,2019-05-03,Yes
CUST-02166,Royal Ventures,Adeola Bello,Corporate,Lagos,08116599221,adeola.bello@tradingco.ng,0,Immediate,2018-11-13,Yes
CUST-02167,Chinyere Balogun,Chinyere Balogun,Individual,Lagos,09073245044,chinyere.balogun@businessng.com,0,Net 30,2018-01-15,Yes
CUST-02168,Prime Nigeria Ltd,Kike Salami,SME,Lagos,09013213840,kike.salami@yahoo.com,250000,Net 7,2021-04-22,Yes
CUST-02169,National Global Ltd,Garba Olawale,SME,Lagos,09078325920,garba.olawale@tradingco.ng,100000,Net 30,2018-04-05,Yes
CUST-02170,Vision Services Ltd,Adaeze Adewale,SME,Kano,08127941836,adaeze.adewale@businessng.com,500000,Net 7,2019-01-27,Yes
CUST-02171,Urban Services Ltd,Jumoke Adebayo,Corporate,Lagos,08063865691,jumoke.adebayo@businessng.com,1000000,Net 7,2018-07-25,Yes
CUST-02172,Vision Services Ltd,Aisha Fadahunsi,Corporate,Port Harcourt,08036997458,aisha.fadahunsi@yahoo.com,1000000,Immediate,2020-12-10,Yes
CUST-02173,Uchenna Garba,Uchenna Garba,Individual,Lagos,07031750150,uchenna.garba@outlook.com,100000,Net 7,2018-08-03,Yes
CUST-02174,Star Nigeria Ltd,Nneka Umar,SME,Ibadan,08134805437,nneka.umar@tradingco.ng,100000,Immediate,2019-02-11,Yes
CUST-02175,Gold Trading Co,Adaora Danjuma,SME,Kano,08061628717,adaora.danjuma@goldtradin.com.ng,1000000,Net 30,2022-12-04,Yes
CUST-02176,National Solutions,Mercy Ibrahim,Corporate,Ibadan,08115479677,mercy.ibrahim@outlook.com,250000,Net 14,2019-06-24,Yes
CUST-02177,Apex Global Ltd,Faith Badmus,Corporate,Ibadan,08058168450,faith.badmus@outlook.com,0,Immediate,2020-06-03,Yes
CUST-02178,Global Services Ltd,Nuhu Danjuma,SME,Abuja,08114494905,nuhu.danjuma@businessng.com,0,Net 14,2021-04-07,Yes
CUST-02179,Bright Services Ltd,Titi Lawal,Corporate,Lagos,08069540340,titi.lawal@hotmail.com,500000,Net 7,2021-12-26,Yes
CUST-02180,Capital Solutions,Abubakar Mensah,Corporate,Port Harcourt,08134804546,abubakar.mensah@yahoo.com,50000,Net 14,2018-07-05,Yes
CUST-02181,Lagos Trading Co,Nneka Olawale,Corporate,Lagos,08128262193,nneka.olawale@businessng.com,250000,Immediate,2020-08-13,Yes
CUST-02182,Metro Solutions,Maryam Balogun,Corporate,Abuja,08133052385,maryam.balogun@outlook.com,1000000,Net 14,2021-01-20,Yes
CUST-02183,Royal Holdings,Ahmed Ogundele,Corporate,Lagos,09011049281,ahmed.ogundele@outlook.com,0,Net 7,2018-12-06,Yes
CUST-02184,Eagle Solutions,Hamisu Olatunji,SME,Lagos,08166030679,hamisu.olatunji@businessng.com,100000,Net 30,2020-03-02,Yes
CUST-02185,Global Services Ltd,Victor Olayemi,Corporate,Abuja,07031433363,victor.olayemi@tradingco.ng,50000,Net 7,2021-01-02,Yes
CUST-02186,Elite Ltd,Ebunoluwa Fadahunsi,Corporate,Lagos,08056836472,ebunoluwa.fadahunsi@tradingco.ng,0,Net 30,2021-12-19,Yes
CUST-02187,Diamond Services Ltd,Yusuf Nwachukwu,Corporate,Abuja,08067334303,yusuf.nwachukwu@hotmail.com,250000,Net 30,2018-06-09,Yes
CUST-02188,Federal Solutions,Aliyu Agbaje,Corporate,Lagos,08033255315,aliyu.agbaje@businessng.com,50000,Net 7,2021-10-24,Yes
CUST-02189,Prime Nigeria Ltd,Sola Falode,SME,Lagos,09018103082,sola.falode@primeniger.com.ng,50000,Net 30,2020-09-26,Yes
CUST-02190,Eagle Group,Segun Adeniyi,SME,Lagos,08116107472,segun.adeniyi@outlook.com,250000,Immediate,2019-07-16,Yes
CUST-02191,Federal Group,Nuhu Adesanya,Corporate,Lagos,09016101036,nuhu.adesanya@businessng.com,250000,Net 14,2020-06-08,Yes
CUST-02192,Star Nigeria Ltd,Iyanuoluwa Badmus,Corporate,Kano,08055132780,iyanuoluwa.badmus@hotmail.com,50000,Net 30,2019-03-23,Yes
CUST-02193,Future Group,Chinyere Akinwale,SME,Kano,08134065326,chinyere.akinwale@hotmail.com,1000000,Net 30,2020-02-09,Yes
CUST-02194,Apex Global Ltd,Ibrahim Faleye,Corporate,Kano,07061041609,ibrahim.faleye@yahoo.com,1000000,Net 14,2019-12-05,Yes
CUST-02195,Kano Solutions,Oluwaseun Balogun,Corporate,Kano,08059071705,oluwaseun.balogun@yahoo.com,50000,Net 7,2021-03-18,Yes
CUST-02196,National Nigeria Ltd,Ronke Salami,Corporate,Lagos,07065630399,ronke.salami@hotmail.com,1000000,Immediate,2020-02-05,Yes
CUST-02197,Bright Group,Maryam Olayemi,Corporate,Lagos,08065374061,maryam.olayemi@tradingco.ng,500000,Net 30,2020-12-13,Yes
CUST-02198,Global Nigeria Ltd,Peace Bakare,Corporate,Lagos,08035857226,peace.bakare@gmail.com,500000,Net 14,2019-08-08,Yes
CUST-02199,Platinum Nigeria Ltd,Toyin Fadipe,SME,Kano,08161868514,toyin.fadipe@tradingco.ng,500000,Net 14,2020-10-25,Yes
CUST-02200,Segun Agboola,Segun Agboola,Individual,Kano,09015080366,segun.agboola@gmail.com,100000,Net 7,2021-04-07,Yes
CUST-02201,National Holdings,Ifeoma Osei,Corporate,Abuja,09077921487,ifeoma.osei@yahoo.com,1000000,Immediate,2022-06-27,Yes
CUST-02202,Steel Nigeria Ltd,Joy Osei,SME,Lagos,08127801301,joy.osei@tradingco.ng,500000,Net 14,2020-05-16,Yes
CUST-02203,Star Holdings,Umar Salami,SME,Port Harcourt,09071038580,umar.salami@yahoo.com,250000,Net 7,2019-05-16,No
CUST-02204,Elite Ltd,Suleiman Suleiman,Corporate,Abuja,08031885733,suleiman.suleiman@yahoo.com,50000,Immediate,2019-01-14,Yes
CUST-02205,Aisha Fadipe,Aisha Fadipe,Individual,Lagos,08036476769,aisha.fadipe@businessng.com,50000,Net 7,2019-08-14,No
CUST-02206,Apex Holdings,Segun Musa,Corporate,Abuja,09011615190,segun.musa@gmail.com,100000,Immediate,2019-06-09,Yes
CUST-02207,Platinum Global Ltd,Olumide Bello,Corporate,Lagos,09073359707,olumide.bello@yahoo.com,50000,Net 7,2019-07-24,Yes
CUST-02208,Unity Enterprises,Aliyu Obi,SME,Port Harcourt,08131791742,aliyu.obi@outlook.com,250000,Net 7,2021-09-03,Yes
CUST-02209,Prime Nigeria Ltd,Ismail Agbaje,SME,Lagos,08165295403,ismail.agbaje@primeniger.com.ng,100000,Net 7,2019-04-03,Yes
CUST-02210,Dynamic Group,Tosin Obi,SME,Lagos,09077355753,tosin.obi@gmail.com,50000,Net 7,2019-05-14,No
CUST-02211,Aisha Adewale,Aisha Adewale,Individual,Lagos,07063117962,aisha.adewale@yahoo.com,100000,Net 7,2020-10-22,Yes
CUST-02212,Platinum Ltd,Ramatu Falode,SME,Lagos,07039589914,ramatu.falode@hotmail.com,250000,Net 7,2019-07-03,Yes
CUST-02213,Power Global Ltd,Monday Badmus,SME,Abuja,09018944908,monday.badmus@tradingco.ng,50000,Net 14,2021-09-17,Yes
CUST-02214,National Group,Funmilayo Falode,SME,Abuja,08066613796,funmilayo.falode@tradingco.ng,50000,Net 30,2020-04-07,Yes
CUST-02215,Urban Holdings,Faith Osei,Corporate,Lagos,07065132031,faith.osei@businessng.com,1000000,Immediate,2021-06-22,Yes
CUST-02216,Metro Group,Ramatu Bello,Corporate,Lagos,08167783360,ramatu.bello@businessng.com,500000,Net 14,2018-11-23,Yes
CUST-02217,Platinum Group,Zainab Salami,Corporate,Port Harcourt,08166671770,zainab.salami@yahoo.com,500000,Net 30,2018-09-18,No
CUST-02218,Elite Holdings,Fatima Tinubu,Corporate,Abuja,08123528906,fatima.tinubu@outlook.com,0,Net 14,2020-08-30,Yes
CUST-02219,Silver Global Ltd,Hassan Adegoke,SME,Ibadan,08114768255,hassan.adegoke@outlook.com,100000,Net 7,2021-09-12,Yes
CUST-02220,Platinum Global Ltd,Joy Wada,SME,Port Harcourt,08121438459,joy.wada@hotmail.com,0,Net 30,2022-02-05,Yes
CUST-02221,Federal Ventures,Musa Olatunji,SME,Kano,09072294596,musa.olatunji@hotmail.com,0,Net 14,2022-10-29,Yes
CUST-02222,Elite Services Ltd,Segun Akintoye,SME,Lagos,08035107786,segun.akintoye@gmail.com,250000,Net 7,2020-08-28,Yes
CUST-02223,Amaka Adeniyi,Amaka Adeniyi,Individual,Lagos,08032600862,amaka.adeniyi@outlook.com,500000,Net 30,2022-07-27,Yes
CUST-02224,Abuja Ventures,Yusuf Fashola,Corporate,Lagos,08063211487,yusuf.fashola@gmail.com,100000,Net 30,2022-05-25,Yes
CUST-02225,Vision Solutions,Titi Akintoye,Corporate,Lagos,08123758975,titi.akintoye@hotmail.com,1000000,Net 14,2019-12-07,No
CUST-02226,Crown Services Ltd,Oluwatoyin Bakare,Corporate,Lagos,08126042815,oluwatoyin.bakare@gmail.com,50000,Net 30,2022-08-08,Yes
CUST-02227,Royal Enterprises,Blessing Taiwo,Corporate,Port Harcourt,08057430165,blessing.taiwo@tradingco.ng,100000,Net 30,2018-07-01,Yes
CUST-02228,Silver Trading Co,Titi Kehinde,Corporate,Lagos,08166513606,titi.kehinde@yahoo.com,500000,Immediate,2018-03-09,Yes
CUST-02229,Apex Nigeria Ltd,Chioma Adesanya,Corporate,Abuja,08165565225,chioma.adesanya@tradingco.ng,500000,Immediate,2022-04-09,No
CUST-02230,Abuja Solutions,Tosin Obi,Corporate,Lagos,09018034050,tosin.obi@businessng.com,250000,Net 7,2021-11-05,Yes
CUST-02231,Lagos Nigeria Ltd,Musa Abubakar,SME,Ibadan,08032193846,musa.abubakar@businessng.com,250000,Net 30,2021-05-14,Yes
CUST-02232,Summit Nigeria Ltd,Emeka Suleiman,SME,Abuja,08035746706,emeka.suleiman@summitnige.com.ng,1000000,Immediate,2022-04-30,Yes
CUST-02233,Swift Ltd,Akintunde Umar,SME,Lagos,09077999942,akintunde.umar@businessng.com,250000,Immediate,2020-04-07,Yes
CUST-02234,Prime Global Ltd,Thompson Osei,SME,Lagos,08133046717,thompson.osei@businessng.com,50000,Net 14,2020-10-24,No
CUST-02235,Bright Ltd,Ramatu Olawale,Corporate,Lagos,07064313194,ramatu.olawale@gmail.com,250000,Immediate,2021-11-25,Yes
CUST-02236,Global Trading Co,Ifeanyi Olayemi,Corporate,Abuja,08032339450,ifeanyi.olayemi@outlook.com,250000,Immediate,2022-10-18,Yes
CUST-02237,Global Enterprises,Damilola Ogundele,Corporate,Port Harcourt,08066191492,damilola.ogundele@businessng.com,0,Net 7,2019-09-14,Yes
CUST-02238,Summit Solutions,Femi Ogunleye,SME,Lagos,08063223316,femi.ogunleye@businessng.com,500000,Net 30,2022-10-10,Yes
CUST-02239,Eagle Ventures,Hadiza Fashola,SME,Lagos,08058993284,hadiza.fashola@businessng.com,500000,Net 14,2020-10-02,Yes
CUST-02240,Eagle Global Ltd,Bisi Nwachukwu,SME,Kano,08061629300,bisi.nwachukwu@tradingco.ng,250000,Net 14,2021-06-12,Yes
CUST-02241,Kano Enterprises,Adaora Balogun,SME,Lagos,08113545972,adaora.balogun@gmail.com,100000,Net 14,2022-12-02,Yes
CUST-02242,Future Global Ltd,Victor Chukwu,Corporate,Lagos,08037894842,victor.chukwu@futureglob.com.ng,1000000,Net 30,2021-09-17,Yes
CUST-02243,Lagos Group,Nneka Adewale,SME,Lagos,08136421976,nneka.adewale@yahoo.com,1000000,Net 30,2022-02-23,Yes
CUST-02244,Capital Solutions,Chukwuemeka Fashola,SME,Abuja,08068827320,chukwuemeka.fashola@capitalsol.com.ng,500000,Net 14,2020-12-02,Yes
CUST-02245,Kano Trading Co,Bisi Akinwale,SME,Kano,08124706182,bisi.akinwale@gmail.com,0,Net 14,2018-08-06,Yes
CUST-02246,Gold Global Ltd,Bisi Adebayo,Corporate,Abuja,07069470242,bisi.adebayo@outlook.com,50000,Net 7,2020-07-07,Yes
CUST-02247,Gold Enterprises,Obiora Tinubu,Corporate,Ibadan,08117067065,obiora.tinubu@hotmail.com,100000,Immediate,2019-06-15,Yes
CUST-02248,Prime Nigeria Ltd,Nnamdi Okonkwo,SME,Lagos,08115604580,nnamdi.okonkwo@gmail.com,50000,Immediate,2022-08-04,Yes
CUST-02249,Central Services Ltd,Funmilayo Suleiman,Corporate,Ibadan,08061086370,funmilayo.suleiman@gmail.com,1000000,Net 30,2020-04-17,Yes
CUST-02250,Fidelis Garba,Fidelis Garba,Individual,Lagos,09013274581,fidelis.garba@fidelisgar.com.ng,50000,Immediate,2020-08-24,Yes
CUST-02251,Tosin Ogundimu,Tosin Ogundimu,Individual,Lagos,08066891727,tosin.ogundimu@businessng.com,1000000,Net 7,2018-10-14,Yes
CUST-02252,Dynamic Trading Co,Yusuf Tinubu,Corporate,Lagos,07031220972,yusuf.tinubu@dynamictra.com.ng,100000,Net 30,2019-11-01,Yes
CUST-02253,Heritage Ltd,Bello Faleye,SME,Lagos,07032548024,bello.faleye@gmail.com,1000000,Net 14,2020-07-15,Yes
CUST-02254,Royal Global Ltd,Bayo Abdullahi,Corporate,Lagos,08111498304,bayo.abdullahi@businessng.com,100000,Net 7,2019-10-15,No
CUST-02255,Oluwakemi Adesanya,Oluwakemi Adesanya,Individual,Port Harcourt,09073202043,oluwakemi.adesanya@businessng.com,0,Net 30,2019-08-16,Yes
CUST-02256,Steel Trading Co,Toyin Olawale,Corporate,Lagos,08033141204,toyin.olawale@steeltradi.com.ng,0,Immediate,2018-02-18,Yes
CUST-02257,Nuhu Musa,Nuhu Musa,Individual,Lagos,08166054678,nuhu.musa@gmail.com,500000,Net 14,2022-11-21,No
CUST-02258,Crown Solutions,Damilola Salami,SME,Lagos,09017878497,damilola.salami@businessng.com,250000,Net 14,2022-02-09,Yes
CUST-02259,Summit Trading Co,Yusuf Abubakar,Corporate,Port Harcourt,09074745893,yusuf.abubakar@gmail.com,250000,Net 7,2022-03-29,Yes
CUST-02260,Joy Fadipe,Joy Fadipe,Individual,Lagos,08114814207,joy.fadipe@hotmail.com,500000,Immediate,2021-09-29,Yes
CUST-02261,Iron Solutions,Bayo Bakare,SME,Lagos,08051230532,bayo.bakare@outlook.com,100000,Net 14,2019-12-07,Yes
CUST-02262,Apex Trading Co,Peace Olatunji,Corporate,Ibadan,07034130166,peace.olatunji@apextradin.com.ng,1000000,Immediate,2022-09-05,Yes
CUST-02263,Heritage Group,Faith Fadahunsi,Corporate,Lagos,09078199955,faith.fadahunsi@gmail.com,250000,Immediate,2022-01-30,Yes
CUST-02264,Federal Global Ltd,Aisha Adewale,SME,Abuja,07037228619,aisha.adewale@hotmail.com,0,Immediate,2020-03-28,Yes
CUST-02265,National Holdings,Chidi Adewale,Corporate,Port Harcourt,09072159508,chidi.adewale@outlook.com,500000,Immediate,2018-10-14,Yes
CUST-02266,Abuja Global Ltd,Ahmed Okonkwo,SME,Abuja,08053696585,ahmed.okonkwo@tradingco.ng,500000,Net 30,2019-08-29,Yes
CUST-02267,Dynamic Group,Folake Sanusi,SME,Lagos,09075730909,folake.sanusi@tradingco.ng,50000,Net 7,2022-03-04,Yes
CUST-02268,Central Ltd,Funmilayo Eze,Corporate,Ibadan,08035595391,funmilayo.eze@gmail.com,250000,Net 7,2019-09-23,Yes
CUST-02269,Crown Group,Aisha Chukwu,Corporate,Kano,07066290280,aisha.chukwu@hotmail.com,100000,Immediate,2020-02-26,Yes
CUST-02270,Zenith Enterprises,Faith Badmus,Corporate,Lagos,08137189494,faith.badmus@hotmail.com,0,Net 7,2022-04-12,Yes
CUST-02271,Future Ventures,Ismail Tinubu,SME,Lagos,07064041426,ismail.tinubu@yahoo.com,0,Net 14,2021-08-03,Yes
CUST-02272,Prime Solutions,Uchenna Akinwale,Corporate,Lagos,08138299487,uchenna.akinwale@hotmail.com,50000,Immediate,2020-06-25,Yes
CUST-02273,Unity Enterprises,Ifeanyi Musa,Corporate,Lagos,07032459833,ifeanyi.musa@hotmail.com,250000,Net 7,2018-09-02,Yes
CUST-02274,Diamond Ventures,Sadiq Okafor,Corporate,Lagos,09011083118,sadiq.okafor@hotmail.com,50000,Net 7,2022-08-06,Yes
CUST-02275,Swift Trading Co,Kunle Aliyu,Corporate,Lagos,07039919419,kunle.aliyu@businessng.com,100000,Immediate,2019-01-14,Yes
CUST-02276,Aminu Bello,Aminu Bello,Individual,Kano,08032782460,aminu.bello@aminubello.com.ng,50000,Net 7,2019-03-10,Yes
CUST-02277,Summit Ventures,Ifeanyi Faleye,SME,Lagos,08031975340,ifeanyi.faleye@tradingco.ng,0,Net 7,2021-12-22,Yes
CUST-02278,Bright Enterprises,Bisi Bello,Corporate,Lagos,08055710588,bisi.bello@tradingco.ng,250000,Immediate,2020-11-18,No
CUST-02279,Zenith Services Ltd,Khadija Faleye,Corporate,Kano,08123392875,khadija.faleye@yahoo.com,0,Net 14,2022-06-14,No
CUST-02280,Unity Global Ltd,Bunmi Badmus,Corporate,Lagos,08058863868,bunmi.badmus@hotmail.com,500000,Immediate,2019-08-07,Yes
CUST-02281,Maryam Adebayo,Maryam Adebayo,Individual,Lagos,08168448041,maryam.adebayo@gmail.com,1000000,Immediate,2021-06-13,Yes
CUST-02282,Crown Nigeria Ltd,Abosede Kehinde,SME,Port Harcourt,09019371046,abosede.kehinde@hotmail.com,250000,Net 30,2019-11-28,Yes
CUST-02283,Silver Nigeria Ltd,Funmilayo Taiwo,SME,Lagos,08033686384,funmilayo.taiwo@silvernige.com.ng,0,Net 14,2020-09-03,Yes
CUST-02284,Star Enterprises,Aminu Taiwo,Corporate,Lagos,08162161779,aminu.taiwo@tradingco.ng,0,Net 30,2020-09-06,Yes
CUST-02285,Metro Holdings,Ngozi Akinwale,SME,Lagos,07065128444,ngozi.akinwale@yahoo.com,50000,Net 7,2021-11-01,Yes
CUST-02286,Bright Nigeria Ltd,Kelechi Shehu,SME,Lagos,08059670745,kelechi.shehu@tradingco.ng,100000,Net 14,2020-04-28,Yes
CUST-02287,Bright Ventures,Ifeoma Mensah,Corporate,Lagos,08161361942,ifeoma.mensah@gmail.com,0,Net 7,2020-07-17,Yes
CUST-02288,Bright Global Ltd,Abubakar Salami,SME,Port Harcourt,08064475888,abubakar.salami@yahoo.com,100000,Net 30,2019-12-07,Yes
CUST-02289,Unity Services Ltd,Yetunde Falode,Corporate,Ibadan,09075326084,yetunde.falode@gmail.com,250000,Net 7,2022-06-30,Yes
CUST-02290,Eagle Group,Lola Wada,SME,Lagos,09073339768,lola.wada@gmail.com,0,Immediate,2022-05-15,Yes
CUST-02291,Swift Holdings,Abiodun Akinwale,Corporate,Abuja,07034086825,abiodun.akinwale@hotmail.com,250000,Net 7,2022-11-20,Yes
CUST-02292,Dynamic Solutions,Temitope Tinubu,SME,Lagos,07064701177,temitope.tinubu@businessng.com,50000,Net 30,2022-09-05,Yes
CUST-02293,Metro Holdings,Hadiza Salami,Corporate,Lagos,09078403564,hadiza.salami@metroholdi.com.ng,100000,Net 30,2018-11-24,Yes
CUST-02294,Faith Musa,Faith Musa,Individual,Abuja,08061363733,faith.musa@outlook.com,250000,Net 7,2019-10-07,Yes
CUST-02295,Silver Group,Peace Fashola,SME,Abuja,09076600282,peace.fashola@businessng.com,0,Net 7,2022-08-04,Yes
CUST-02296,Iyanuoluwa Adewale,Iyanuoluwa Adewale,Individual,Lagos,09018011041,iyanuoluwa.adewale@tradingco.ng,250000,Net 7,2021-05-08,Yes
CUST-02297,Iron Ventures,Jumoke Okonkwo,SME,Ibadan,08165318465,jumoke.okonkwo@tradingco.ng,100000,Net 7,2018-05-30,Yes
CUST-02298,Capital Ltd,Ibrahim Adekunle,SME,Lagos,08134286381,ibrahim.adekunle@outlook.com,250000,Net 30,2021-01-31,Yes
CUST-02299,Steel Enterprises,Musa Shehu,SME,Abuja,08069719998,musa.shehu@outlook.com,1000000,Immediate,2020-07-28,Yes
CUST-02300,Unity Nigeria Ltd,Bayo Fadipe,SME,Lagos,09013416225,bayo.fadipe@businessng.com,50000,Net 7,2020-06-29,Yes
CUST-02301,Abuja Group,Blessing Ibrahim,SME,Lagos,08059191268,blessing.ibrahim@hotmail.com,1000000,Net 30,2018-01-25,Yes
CUST-02302,Unity Trading Co,Aminu Fadahunsi,Corporate,Abuja,08161072885,aminu.fadahunsi@gmail.com,0,Net 7,2022-06-14,Yes
CUST-02303,Abiodun Ibrahim,Abiodun Ibrahim,Individual,Port Harcourt,09075901932,abiodun.ibrahim@abiodunibr.com.ng,100000,Net 7,2020-03-05,Yes
CUST-02304,Platinum Services Ltd,Kunle Salami,Corporate,Port Harcourt,08127392549,kunle.salami@gmail.com,500000,Net 7,2021-11-16,Yes
CUST-02305,Toyin Agboola,Toyin Agboola,Individual,Port Harcourt,08064470291,toyin.agboola@hotmail.com,0,Net 14,2021-08-03,Yes
CUST-02306,Unity Ltd,Happy Musa,SME,Kano,07068034795,happy.musa@outlook.com,500000,Immediate,2018-08-21,Yes
CUST-02307,Summit Ventures,Ade Falode,Corporate,Lagos,07061837493,ade.falode@businessng.com,1000000,Immediate,2018-06-08,Yes
CUST-02308,Metro Group,Maryam Akintoye,Corporate,Kano,08112006874,maryam.akintoye@metrogroup.com.ng,0,Net 7,2020-12-08,No
CUST-02309,Eagle Ltd,Musa Suleiman,SME,Lagos,08035562383,musa.suleiman@yahoo.com,0,Net 14,2020-04-10,Yes
CUST-02310,Future Global Ltd,Nneka Kehinde,Corporate,Kano,08112728520,nneka.kehinde@outlook.com,500000,Net 7,2020-09-04,Yes
CUST-02311,Star Global Ltd,Hadiza Shehu,SME,Lagos,08121201699,hadiza.shehu@gmail.com,250000,Net 14,2020-02-21,Yes
CUST-02312,Lagos Ltd,Adaora Ogundele,SME,Lagos,08121624142,adaora.ogundele@yahoo.com,250000,Immediate,2020-04-09,Yes
CUST-02313,Platinum Nigeria Ltd,Nnamdi Yusuf,Corporate,Lagos,07069656320,nnamdi.yusuf@hotmail.com,250000,Net 30,2018-08-20,Yes
CUST-02314,Elite Global Ltd,Yetunde Adebayo,Corporate,Lagos,08052101808,yetunde.adebayo@hotmail.com,0,Net 14,2022-11-07,Yes
CUST-02315,Elite Solutions,Mercy Eze,Corporate,Abuja,08112123634,mercy.eze@elitesolut.com.ng,100000,Net 30,2019-11-02,Yes
CUST-02316,Capital Global Ltd,Kelechi Abdullahi,Corporate,Lagos,08129542620,kelechi.abdullahi@yahoo.com,100000,Net 7,2020-03-05,Yes
CUST-02317,Segun Adegoke,Segun Adegoke,Individual,Port Harcourt,09016622902,segun.adegoke@segunadego.com.ng,0,Immediate,2021-10-27,Yes
CUST-02318,Urban Ventures,Bisi Adekunle,SME,Lagos,08034395603,bisi.adekunle@gmail.com,50000,Net 14,2019-02-23,Yes
CUST-02319,Funmilayo Adeniyi,Funmilayo Adeniyi,Individual,Abuja,08054724182,funmilayo.adeniyi@outlook.com,100000,Immediate,2021-07-30,Yes
CUST-02320,Capital Solutions,Femi Danjuma,Corporate,Abuja,08065002258,femi.danjuma@gmail.com,500000,Net 30,2022-08-03,Yes
CUST-02321,Unity Ltd,Kelechi Olatunji,SME,Port Harcourt,09014754074,kelechi.olatunji@unityltd.com.ng,1000000,Net 7,2020-09-17,Yes
CUST-02322,Folake Agbaje,Folake Agbaje,Individual,Lagos,08069409792,folake.agbaje@outlook.com,50000,Net 14,2018-09-20,Yes
CUST-02323,Elite Ltd,Chinyere Ogundimu,Corporate,Ibadan,08122031438,chinyere.ogundimu@gmail.com,250000,Immediate,2018-10-27,Yes
CUST-02324,Abiodun Tinubu,Abiodun Tinubu,Individual,Lagos,08134245755,abiodun.tinubu@outlook.com,1000000,Net 14,2020-09-28,Yes
CUST-02325,Metro Services Ltd,Bello Agbaje,SME,Abuja,08068167112,bello.agbaje@gmail.com,1000000,Net 30,2018-08-10,Yes
CUST-02326,Power Holdings,Kike Falode,SME,Abuja,09017823623,kike.falode@outlook.com,0,Net 30,2020-12-09,Yes
CUST-02327,Apex Ltd,Musa Sanusi,Corporate,Kano,07063555826,musa.sanusi@yahoo.com,100000,Net 7,2021-10-13,Yes
CUST-02328,Elite Enterprises,Abosede Sanusi,SME,Lagos,08062274041,abosede.sanusi@businessng.com,100000,Net 7,2021-07-01,Yes
CUST-02329,Kano Services Ltd,Obiora Okonkwo,Corporate,Port Harcourt,08168068802,obiora.okonkwo@gmail.com,0,Net 14,2020-10-06,Yes
CUST-02330,Crown Ltd,Tunde Wada,Corporate,Lagos,08053539937,tunde.wada@hotmail.com,0,Immediate,2020-10-29,Yes
CUST-02331,Global Solutions,Hamisu Shehu,SME,Abuja,07068645617,hamisu.shehu@businessng.com,500000,Net 7,2019-03-28,Yes
CUST-02332,Blessing Ogundimu,Blessing Ogundimu,Individual,Lagos,07069254333,blessing.ogundimu@gmail.com,500000,Net 7,2018-08-09,Yes
CUST-02333,Lagos Holdings,Ronke Olatunji,Corporate,Lagos,09077931802,ronke.olatunji@tradingco.ng,250000,Net 14,2021-10-22,Yes
CUST-02334,Urban Enterprises,Olumide Eze,Corporate,Port Harcourt,08058101503,olumide.eze@outlook.com,50000,Net 7,2019-09-28,Yes
CUST-02335,Urban Enterprises,Hauwa Olayemi,Corporate,Lagos,08031660983,hauwa.olayemi@businessng.com,0,Net 7,2018-02-12,Yes
CUST-02336,Heritage Holdings,Ebunoluwa Ibrahim,Corporate,Lagos,07062443116,ebunoluwa.ibrahim@heritageho.com.ng,0,Net 14,2019-07-28,Yes
CUST-02337,Elite Ltd,Ifeanyi Aliyu,Corporate,Port Harcourt,08164933783,ifeanyi.aliyu@outlook.com,250000,Net 7,2020-02-21,Yes
CUST-02338,Star Ltd,Temitope Adeyemi,Corporate,Ibadan,08031879381,temitope.adeyemi@starltd.com.ng,500000,Net 7,2018-05-16,Yes
CUST-02339,Grace Aliyu,Grace Aliyu,Individual,Lagos,07039920353,grace.aliyu@gmail.com,50000,Net 7,2019-11-19,Yes
CUST-02340,Dynamic Ventures,Nneka Wada,SME,Port Harcourt,08034860691,nneka.wada@gmail.com,100000,Net 7,2021-07-21,Yes
CUST-02341,Silver Holdings,Bisi Mensah,Corporate,Lagos,09071414943,bisi.mensah@silverhold.com.ng,0,Net 7,2018-10-08,Yes
CUST-02342,Heritage Services Ltd,Grace Osei,Corporate,Port Harcourt,07038683940,grace.osei@businessng.com,0,Net 14,2022-01-10,Yes
CUST-02343,Power Trading Co,Oluwaseun Mensah,Corporate,Lagos,08115102144,oluwaseun.mensah@gmail.com,500000,Net 30,2020-10-15,Yes
CUST-02344,Unity Nigeria Ltd,Precious Ogundimu,Corporate,Kano,08123093662,precious.ogundimu@tradingco.ng,100000,Net 7,2021-09-28,Yes
CUST-02345,Nnamdi Adewale,Nnamdi Adewale,Individual,Abuja,08111482875,nnamdi.adewale@businessng.com,1000000,Immediate,2020-04-10,Yes
CUST-02346,Central Services Ltd,Ronke Yusuf,Corporate,Abuja,08053101602,ronke.yusuf@tradingco.ng,500000,Net 7,2020-04-17,Yes
CUST-02347,Mercy Ogunleye,Mercy Ogunleye,Individual,Port Harcourt,07061412296,mercy.ogunleye@gmail.com,1000000,Net 30,2022-12-06,No
CUST-02348,Swift Enterprises,Obiora Akintoye,Corporate,Abuja,08058297775,obiora.akintoye@hotmail.com,500000,Immediate,2021-03-13,Yes
CUST-02349,Summit Holdings,Chidi Fadipe,Corporate,Lagos,08134141723,chidi.fadipe@summithold.com.ng,1000000,Immediate,2020-08-07,Yes
CUST-02350,Crown Enterprises,Temitope Danjuma,SME,Lagos,07068996376,temitope.danjuma@hotmail.com,250000,Net 7,2020-06-07,Yes
CUST-02351,Elite Trading Co,Yetunde Musa,Corporate,Abuja,09071413335,yetunde.musa@outlook.com,0,Immediate,2021-12-26,Yes
CUST-02352,Diamond Group,Godwin Adebayo,Corporate,Abuja,09074162018,godwin.adebayo@diamondgro.com.ng,0,Net 7,2021-04-23,Yes
CUST-02353,Iron Nigeria Ltd,Khadija Badmus,Corporate,Port Harcourt,08066173587,khadija.badmus@ironnigeri.com.ng,250000,Immediate,2018-04-25,Yes
CUST-02354,Adaeze Adeyemi,Adaeze Adeyemi,Individual,Kano,08135393789,adaeze.adeyemi@outlook.com,500000,Net 7,2020-12-06,Yes
CUST-02355,Star Global Ltd,Khadija Fadahunsi,SME,Port Harcourt,08033370551,khadija.fadahunsi@starglobal.com.ng,50000,Immediate,2018-09-10,Yes
CUST-02356,Eagle Trading Co,Umar Fadahunsi,Corporate,Abuja,08111606142,umar.fadahunsi@hotmail.com,100000,Net 7,2021-03-16,No
CUST-02357,Power Enterprises,Hamisu Taiwo,SME,Lagos,08134809467,hamisu.taiwo@businessng.com,50000,Net 30,2021-05-23,Yes
CUST-02358,Diamond Enterprises,Ahmed Olawale,Corporate,Lagos,08039363019,ahmed.olawale@tradingco.ng,50000,Immediate,2018-10-06,Yes
CUST-02359,Garba Fadipe,Garba Fadipe,Individual,Abuja,08135354733,garba.fadipe@tradingco.ng,500000,Net 30,2020-01-15,Yes
CUST-02360,Vision Services Ltd,Chiamaka Musa,Corporate,Port Harcourt,08065648789,chiamaka.musa@outlook.com,250000,Net 14,2020-04-15,Yes
CUST-02361,Hauwa Ibrahim,Hauwa Ibrahim,Individual,Abuja,09079270275,hauwa.ibrahim@businessng.com,50000,Net 14,2021-08-15,Yes
CUST-02362,Future Nigeria Ltd,Bola Obi,Corporate,Lagos,08058199730,bola.obi@futurenige.com.ng,500000,Net 30,2019-12-26,Yes
CUST-02363,Central Global Ltd,Ismail Agbaje,Corporate,Lagos,09074835957,ismail.agbaje@tradingco.ng,100000,Net 30,2021-07-14,Yes
CUST-02364,Gold Solutions,Toyin Eze,SME,Kano,07065032195,toyin.eze@yahoo.com,0,Net 30,2020-08-26,Yes
CUST-02365,Kano Global Ltd,Chidinma Ogundimu,SME,Lagos,08117853714,chidinma.ogundimu@businessng.com,500000,Net 7,2021-09-07,Yes
CUST-02366,Ramatu Chukwu,Ramatu Chukwu,Individual,Abuja,08126657553,ramatu.chukwu@businessng.com,500000,Immediate,2019-12-31,Yes
CUST-02367,Capital Ltd,Hadiza Badmus,Corporate,Kano,08139925674,hadiza.badmus@outlook.com,250000,Net 30,2018-12-05,No
CUST-02368,Abuja Enterprises,Adewale Adegoke,Corporate,Ibadan,08124290868,adewale.adegoke@abujaenter.com.ng,0,Net 30,2020-07-04,Yes
CUST-02369,Abuja Group,Oluwakemi Olayemi,Corporate,Port Harcourt,08111080315,oluwakemi.olayemi@yahoo.com,500000,Immediate,2018-05-10,Yes
CUST-02370,Royal Group,Umar Olawale,Corporate,Lagos,08113225585,umar.olawale@tradingco.ng,1000000,Immediate,2019-09-07,Yes
CUST-02371,Crown Solutions,Ismail Okafor,SME,Lagos,07064808022,ismail.okafor@gmail.com,50000,Net 30,2021-05-06,Yes
CUST-02372,Abiodun Obi,Abiodun Obi,Individual,Abuja,08126546744,abiodun.obi@yahoo.com,0,Immediate,2018-08-17,Yes
CUST-02373,Apex Solutions,Ismail Shehu,SME,Lagos,08057005735,ismail.shehu@yahoo.com,250000,Net 14,2018-11-02,Yes
CUST-02374,Power Nigeria Ltd,Adeola Akinwale,Corporate,Port Harcourt,08039784090,adeola.akinwale@outlook.com,250000,Net 7,2020-12-18,Yes
CUST-02375,Summit Solutions,Khadija Musa,Corporate,Port Harcourt,08051687493,khadija.musa@businessng.com,500000,Immediate,2021-04-12,Yes
CUST-02376,Heritage Group,Chioma Mensah,SME,Abuja,07064689637,chioma.mensah@tradingco.ng,250000,Immediate,2022-04-16,Yes
CUST-02377,Crown Holdings,Nnamdi Okafor,SME,Abuja,08165151534,nnamdi.okafor@hotmail.com,100000,Net 30,2018-07-15,Yes
CUST-02378,Capital Holdings,Ismail Danjuma,SME,Ibadan,08138137060,ismail.danjuma@outlook.com,0,Net 7,2022-03-23,Yes
CUST-02379,Royal Trading Co,Chukwudi Suleiman,SME,Port Harcourt,09017580946,chukwudi.suleiman@yahoo.com,0,Immediate,2020-05-18,Yes
CUST-02380,Federal Ltd,Tunde Faleye,SME,Lagos,08126637599,tunde.faleye@gmail.com,250000,Net 30,2018-05-02,Yes
CUST-02381,Bright Enterprises,Adaeze Lawal,Corporate,Port Harcourt,08058393940,adaeze.lawal@yahoo.com,1000000,Immediate,2018-12-21,No
CUST-02382,Prime Solutions,Sola Balogun,Corporate,Abuja,07062517524,sola.balogun@tradingco.ng,100000,Net 7,2018-04-28,Yes
CUST-02383,Gold Solutions,Happy Bakare,Corporate,Abuja,08033428547,happy.bakare@goldsoluti.com.ng,50000,Net 7,2018-08-08,Yes
CUST-02384,Capital Services Ltd,Titilayo Adeniyi,Corporate,Abuja,09014100519,titilayo.adeniyi@capitalser.com.ng,500000,Immediate,2018-08-14,Yes
CUST-02385,Kano Solutions,Maryam Olayemi,Corporate,Lagos,08069746588,maryam.olayemi@businessng.com,1000000,Net 7,2021-08-17,Yes
CUST-02386,National Nigeria Ltd,Ngozi Falode,Corporate,Lagos,08113630384,ngozi.falode@tradingco.ng,500000,Net 30,2020-09-17,Yes
CUST-02387,Bright Ventures,Aliyu Okonkwo,Corporate,Lagos,08118846695,aliyu.okonkwo@brightvent.com.ng,50000,Net 30,2022-05-22,Yes
CUST-02388,Central Nigeria Ltd,Chidi Eze,Corporate,Abuja,08132398904,chidi.eze@tradingco.ng,0,Net 30,2019-04-14,Yes
CUST-02389,Federal Holdings,Femi Bello,SME,Kano,08066406676,femi.bello@hotmail.com,50000,Net 30,2020-06-10,No
CUST-02390,Power Enterprises,Adaora Sanusi,Corporate,Kano,09078570230,adaora.sanusi@hotmail.com,0,Net 30,2021-08-10,Yes
CUST-02391,Summit Group,Happy Agbaje,SME,Lagos,08035266371,happy.agbaje@outlook.com,100000,Immediate,2018-01-22,Yes
CUST-02392,Diamond Trading Co,Biodun Sanusi,SME,Lagos,09079294106,biodun.sanusi@diamondtra.com.ng,500000,Immediate,2019-03-13,No
CUST-02393,Swift Ventures,Chiamaka Shehu,Corporate,Lagos,09077706944,chiamaka.shehu@hotmail.com,250000,Immediate,2019-05-02,Yes
CUST-02394,Global Solutions,Sola Adeyemi,SME,Abuja,08118704738,sola.adeyemi@tradingco.ng,100000,Net 14,2021-07-04,Yes
CUST-02395,Central Nigeria Ltd,Dele Balogun,Corporate,Lagos,08065086710,dele.balogun@businessng.com,500000,Net 7,2020-07-03,Yes
CUST-02396,Crown Global Ltd,Adewale Salami,Corporate,Lagos,07037296438,adewale.salami@gmail.com,0,Net 14,2018-11-24,Yes
CUST-02397,Swift Group,Segun Chukwu,SME,Lagos,08131528923,segun.chukwu@businessng.com,500000,Net 7,2021-11-04,No
CUST-02398,Royal Holdings,Emmanuel Kehinde,Corporate,Lagos,08051151625,emmanuel.kehinde@yahoo.com,500000,Immediate,2021-08-21,Yes
CUST-02399,Zenith Services Ltd,Fatima Agbaje,Corporate,Ibadan,09076138132,fatima.agbaje@tradingco.ng,250000,Net 30,2020-09-14,Yes
CUST-02400,Unity Nigeria Ltd,Babatunde Okonkwo,Corporate,Lagos,08061844801,babatunde.okonkwo@hotmail.com,0,Net 30,2018-08-22,Yes
CUST-02401,Apex Trading Co,Sola Olawale,Corporate,Kano,07062748178,sola.olawale@yahoo.com,50000,Net 30,2018-01-14,Yes
CUST-02402,Summit Ventures,Ifeoma Salami,Corporate,Lagos,08116099136,ifeoma.salami@outlook.com,100000,Net 14,2020-05-10,Yes
CUST-02403,Power Group,Oluwakemi Falode,Corporate,Abuja,08064121642,oluwakemi.falode@hotmail.com,250000,Net 30,2018-06-10,Yes
CUST-02404,Titi Agboola,Titi Agboola,Individual,Lagos,08119405818,titi.agboola@titiagbool.com.ng,250000,Net 7,2022-09-30,Yes
CUST-02405,Crown Enterprises,Sadiq Shehu,Corporate,Ibadan,08057403574,sadiq.shehu@businessng.com,250000,Net 7,2018-02-21,Yes
CUST-02406,Crown Global Ltd,Toyin Eze,SME,Kano,09079016612,toyin.eze@tradingco.ng,100000,Immediate,2018-12-06,No
CUST-02407,Kano Holdings,Kunle Kehinde,SME,Lagos,07035984835,kunle.kehinde@businessng.com,250000,Net 30,2018-12-27,Yes
CUST-02408,Zenith Solutions,Oluwatoyin Agboola,Corporate,Port Harcourt,08062201556,oluwatoyin.agboola@businessng.com,250000,Net 30,2022-05-15,Yes
CUST-02409,Funmilayo Fadahunsi,Funmilayo Fadahunsi,Individual,Lagos,07064113328,funmilayo.fadahunsi@outlook.com,500000,Net 7,2018-08-19,Yes
CUST-02410,Global Holdings,Mercy Agbaje,Corporate,Lagos,09011456560,mercy.agbaje@businessng.com,100000,Net 30,2019-10-04,Yes
CUST-02411,Apex Global Ltd,Peace Ogundimu,SME,Abuja,09074881016,peace.ogundimu@gmail.com,0,Net 14,2021-01-13,Yes
CUST-02412,National Holdings,Adeola Faleye,SME,Ibadan,08162321338,adeola.faleye@businessng.com,100000,Net 7,2022-03-10,Yes
CUST-02413,Metro Ltd,Ismail Fadipe,Corporate,Abuja,07064742228,ismail.fadipe@outlook.com,0,Immediate,2019-06-26,Yes
CUST-02414,Crown Nigeria Ltd,Adeola Tinubu,SME,Kano,09013857812,adeola.tinubu@yahoo.com,500000,Net 7,2019-07-30,Yes
CUST-02415,Summit Trading Co,Uchenna Nwachukwu,Corporate,Lagos,09017718915,uchenna.nwachukwu@tradingco.ng,0,Net 30,2019-11-17,Yes
CUST-02416,Grace Falode,Grace Falode,Individual,Ibadan,09075228602,grace.falode@businessng.com,500000,Net 30,2019-08-07,Yes
CUST-02417,Vision Enterprises,Precious Faleye,Corporate,Lagos,08069226414,precious.faleye@gmail.com,0,Net 14,2021-01-23,Yes
CUST-02418,Crown Trading Co,Lola Shehu,SME,Kano,09072711367,lola.shehu@gmail.com,250000,Immediate,2020-10-05,Yes
CUST-02419,Silver Global Ltd,Lola Chukwu,Corporate,Lagos,08138734268,lola.chukwu@outlook.com,100000,Net 30,2022-08-03,Yes
CUST-02420,Heritage Ventures,Chioma Adewale,SME,Abuja,08169187341,chioma.adewale@heritageve.com.ng,500000,Immediate,2018-07-01,Yes
CUST-02421,Uchenna Yusuf,Uchenna Yusuf,Individual,Kano,08111898452,uchenna.yusuf@hotmail.com,500000,Net 7,2021-11-29,Yes
CUST-02422,Zenith Services Ltd,Emmanuel Eze,SME,Lagos,08059283777,emmanuel.eze@outlook.com,50000,Net 7,2018-08-24,Yes
CUST-02423,Silver Nigeria Ltd,Temitope Yusuf,Corporate,Lagos,08068888755,temitope.yusuf@silvernige.com.ng,500000,Net 14,2019-07-03,Yes
CUST-02424,Star Global Ltd,Emmanuel Abubakar,Corporate,Abuja,08113740427,emmanuel.abubakar@starglobal.com.ng,100000,Net 14,2020-01-31,Yes
CUST-02425,Silver Global Ltd,Blessing Obi,Corporate,Port Harcourt,08123074710,blessing.obi@yahoo.com,250000,Net 14,2022-02-09,Yes
CUST-02426,Rotimi Danjuma,Rotimi Danjuma,Individual,Lagos,08068347503,rotimi.danjuma@businessng.com,100000,Immediate,2022-09-04,Yes
CUST-02427,Lagos Services Ltd,Aliyu Olawale,Corporate,Abuja,08132783312,aliyu.olawale@businessng.com,1000000,Net 7,2021-12-18,Yes
CUST-02428,Adaeze Aliyu,Adaeze Aliyu,Individual,Kano,08054913637,adaeze.aliyu@adaezealiy.com.ng,500000,Net 14,2020-01-04,Yes
CUST-02429,Abiodun Eze,Abiodun Eze,Individual,Ibadan,09075222642,abiodun.eze@outlook.com,50000,Immediate,2019-10-05,Yes
CUST-02430,Federal Ltd,Godwin Ibrahim,SME,Ibadan,09017709927,godwin.ibrahim@federalltd.com.ng,1000000,Net 14,2022-05-07,Yes
CUST-02431,Heritage Group,Hassan Olayemi,Corporate,Kano,09078798283,hassan.olayemi@yahoo.com,1000000,Net 14,2022-02-02,Yes
CUST-02432,Metro Global Ltd,Blessing Bello,SME,Lagos,08112559402,blessing.bello@hotmail.com,250000,Immediate,2018-05-17,Yes
CUST-02433,Platinum Services Ltd,Nuhu Adeniyi,Corporate,Lagos,09013283134,nuhu.adeniyi@gmail.com,250000,Net 7,2021-12-18,Yes
CUST-02434,Unity Enterprises,Victor Okafor,Corporate,Port Harcourt,08135536103,victor.okafor@gmail.com,1000000,Net 7,2022-07-19,Yes
CUST-02435,Federal Holdings,Adeola Chukwu,Corporate,Lagos,07031241860,adeola.chukwu@gmail.com,500000,Immediate,2021-08-21,Yes
CUST-02436,Abuja Enterprises,Zainab Adesanya,Corporate,Port Harcourt,08111517029,zainab.adesanya@yahoo.com,1000000,Net 14,2019-05-17,No
CUST-02437,Heritage Services Ltd,Chidinma Yusuf,SME,Abuja,07062524400,chidinma.yusuf@gmail.com,1000000,Net 30,2021-09-08,Yes
CUST-02438,Kano Nigeria Ltd,Lola Garba,Corporate,Lagos,09016898080,lola.garba@yahoo.com,500000,Immediate,2019-01-30,Yes
CUST-02439,Unity Solutions,Aliyu Umar,SME,Lagos,08061936211,aliyu.umar@unitysolut.com.ng,50000,Net 30,2022-10-28,Yes
CUST-02440,Vision Holdings,Olumide Fadipe,Corporate,Lagos,08125482331,olumide.fadipe@yahoo.com,1000000,Net 7,2018-03-14,Yes
CUST-02441,Diamond Holdings,Dele Adeniyi,Corporate,Kano,08118103918,dele.adeniyi@diamondhol.com.ng,50000,Net 7,2021-03-13,Yes
CUST-02442,Summit Ventures,Bayo Ogunwale,Corporate,Lagos,08062097649,bayo.ogunwale@tradingco.ng,500000,Net 7,2021-05-31,Yes
CUST-02443,Heritage Enterprises,Oluwaseun Falode,Corporate,Lagos,08113496387,oluwaseun.falode@outlook.com,0,Net 30,2020-05-19,Yes
CUST-02444,Abuja Holdings,Chukwudi Agbaje,Corporate,Lagos,08166031620,chukwudi.agbaje@tradingco.ng,500000,Net 7,2019-05-03,Yes
CUST-02445,Diamond Holdings,Nnamdi Abdullahi,Corporate,Kano,07031625496,nnamdi.abdullahi@diamondhol.com.ng,250000,Net 14,2022-07-21,Yes
CUST-02446,Musa Chukwu,Musa Chukwu,Individual,Kano,08137437737,musa.chukwu@musachukwu.com.ng,50000,Net 14,2019-12-05,Yes
CUST-02447,Apex Ventures,Zainab Eze,Corporate,Lagos,08139775520,zainab.eze@businessng.com,500000,Net 14,2021-05-31,Yes
CUST-02448,Platinum Ventures,Chiamaka Adeyemi,Corporate,Abuja,07036482109,chiamaka.adeyemi@yahoo.com,100000,Immediate,2022-09-16,Yes
CUST-02449,Steel Nigeria Ltd,Aisha Abubakar,Corporate,Kano,09074379084,aisha.abubakar@gmail.com,0,Net 14,2019-07-16,Yes
CUST-02450,Gold Holdings,Oluwatoyin Garba,Corporate,Kano,08058209161,oluwatoyin.garba@hotmail.com,500000,Net 14,2020-07-24,Yes
CUST-02451,Apex Holdings,Jumoke Bello,SME,Kano,08032426122,jumoke.bello@businessng.com,100000,Net 30,2018-06-18,Yes
CUST-02452,Lagos Services Ltd,Emmanuel Eze,SME,Lagos,07067579839,emmanuel.eze@hotmail.com,100000,Net 30,2020-06-04,No
CUST-02453,Eagle Trading Co,Chidinma Fadipe,Corporate,Ibadan,09078086318,chidinma.fadipe@gmail.com,1000000,Immediate,2020-02-27,Yes
CUST-02454,Hauwa Olatunji,Hauwa Olatunji,Individual,Port Harcourt,08134429433,hauwa.olatunji@outlook.com,1000000,Net 7,2020-01-24,Yes
CUST-02455,Apex Solutions,Faith Ogunleye,Corporate,Lagos,08036622443,faith.ogunleye@businessng.com,250000,Net 30,2022-10-21,Yes
CUST-02456,Prime Enterprises,Ifeanyi Wada,Corporate,Port Harcourt,07033985466,ifeanyi.wada@businessng.com,500000,Net 30,2018-05-28,Yes
CUST-02457,Royal Solutions,Umar Badmus,SME,Lagos,08136543836,umar.badmus@gmail.com,1000000,Net 7,2021-01-08,Yes
CUST-02458,Diamond Solutions,Bisi Agbaje,Corporate,Kano,08067900000,bisi.agbaje@businessng.com,50000,Net 14,2021-03-19,Yes
CUST-02459,Joy Ibrahim,Joy Ibrahim,Individual,Abuja,08166420320,joy.ibrahim@joyibrahim.com.ng,100000,Net 7,2018-02-08,No
CUST-02460,Bright Services Ltd,Olumide Sanusi,Corporate,Kano,08127331260,olumide.sanusi@brightserv.com.ng,100000,Immediate,2022-07-10,Yes
CUST-02461,Central Group,Chukwuemeka Salami,Corporate,Lagos,09018711923,chukwuemeka.salami@outlook.com,500000,Net 30,2022-04-04,Yes
CUST-02462,Silver Enterprises,Kunle Akinwale,Corporate,Lagos,08168087736,kunle.akinwale@yahoo.com,100000,Net 14,2021-10-24,Yes
CUST-02463,Gold Trading Co,Ahmed Faleye,Corporate,Ibadan,08127333733,ahmed.faleye@tradingco.ng,1000000,Net 7,2019-04-22,Yes
CUST-02464,National Group,Fidelis Tinubu,Corporate,Abuja,08118074598,fidelis.tinubu@gmail.com,250000,Immediate,2020-07-07,Yes
CUST-02465,Power Services Ltd,Chidi Umar,Corporate,Abuja,08053903453,chidi.umar@tradingco.ng,250000,Net 7,2020-03-05,Yes
CUST-02466,Prime Trading Co,Titi Ogunwale,Corporate,Kano,09079193739,titi.ogunwale@businessng.com,250000,Net 14,2022-05-24,Yes
CUST-02467,Precious Garba,Precious Garba,Individual,Lagos,08115016918,precious.garba@outlook.com,500000,Net 14,2018-10-11,Yes
CUST-02468,Abosede Adebayo,Abosede Adebayo,Individual,Abuja,07031461312,abosede.adebayo@businessng.com,50000,Net 30,2020-03-08,Yes
CUST-02469,Apex Solutions,Joy Adeniyi,Corporate,Lagos,08039053373,joy.adeniyi@hotmail.com,250000,Net 14,2018-06-14,Yes
CUST-02470,Summit Nigeria Ltd,Khadija Nwachukwu,Corporate,Lagos,09014484579,khadija.nwachukwu@tradingco.ng,50000,Immediate,2021-06-27,Yes
CUST-02471,Prime Ventures,Damilola Abubakar,SME,Lagos,08037862572,damilola.abubakar@outlook.com,250000,Net 14,2022-01-26,Yes
CUST-02472,Lagos Group,Dele Agbaje,Corporate,Lagos,09076595741,dele.agbaje@tradingco.ng,1000000,Net 30,2020-01-19,Yes
CUST-02473,Funmilayo Nwachukwu,Funmilayo Nwachukwu,Individual,Lagos,08058211473,funmilayo.nwachukwu@gmail.com,1000000,Immediate,2022-10-31,Yes
CUST-02474,Summit Nigeria Ltd,Folake Okonkwo,SME,Lagos,08166161760,folake.okonkwo@summitnige.com.ng,1000000,Net 14,2022-08-16,Yes
CUST-02475,Tunde Faleye,Tunde Faleye,Individual,Ibadan,08129419884,tunde.faleye@tundefaley.com.ng,500000,Net 30,2022-09-04,Yes
CUST-02476,Vision Trading Co,Tunde Olawale,Corporate,Lagos,09015641950,tunde.olawale@hotmail.com,250000,Immediate,2019-10-01,No
CUST-02477,Summit Trading Co,Ronke Adebayo,Corporate,Port Harcourt,08117851188,ronke.adebayo@summittrad.com.ng,250000,Immediate,2019-07-29,No
CUST-02478,Gold Holdings,Bunmi Olayemi,Corporate,Kano,08131265461,bunmi.olayemi@tradingco.ng,100000,Net 7,2020-01-26,Yes
CUST-02479,Apex Trading Co,Happy Olayemi,Corporate,Port Harcourt,08122137485,happy.olayemi@outlook.com,1000000,Net 7,2021-12-07,Yes
CUST-02480,Dynamic Services Ltd,Chukwuemeka Agboola,Corporate,Abuja,07031291069,chukwuemeka.agboola@outlook.com,100000,Net 30,2021-10-25,Yes
CUST-02481,Lagos Ltd,Funmilayo Tinubu,Corporate,Abuja,08064628600,funmilayo.tinubu@gmail.com,500000,Net 30,2020-02-10,Yes
CUST-02482,Federal Global Ltd,Toyin Umar,SME,Kano,08122514792,toyin.umar@outlook.com,250000,Net 14,2018-12-10,Yes
CUST-02483,Zenith Global Ltd,Ramatu Umar,Corporate,Lagos,08125403274,ramatu.umar@outlook.com,0,Immediate,2022-03-09,Yes
CUST-02484,Metro Global Ltd,Monday Obi,SME,Abuja,08067816369,monday.obi@hotmail.com,100000,Net 30,2020-09-08,Yes
CUST-02485,Capital Nigeria Ltd,Kunle Mensah,Corporate,Abuja,08114152413,kunle.mensah@gmail.com,50000,Net 14,2020-11-18,Yes
CUST-02486,Sola Adewale,Sola Adewale,Individual,Lagos,09072317595,sola.adewale@outlook.com,50000,Net 14,2021-07-30,Yes
CUST-02487,Vision Group,Ifeanyi Olawale,SME,Kano,08121971163,ifeanyi.olawale@businessng.com,500000,Net 14,2021-12-16,Yes
CUST-02488,Future Group,Femi Olawale,Corporate,Kano,08067321483,femi.olawale@hotmail.com,100000,Net 7,2019-03-17,Yes
CUST-02489,National Solutions,Akintunde Bello,SME,Kano,08122538468,akintunde.bello@nationalso.com.ng,1000000,Immediate,2022-02-08,Yes
CUST-02490,Diamond Global Ltd,Kelechi Osei,Corporate,Lagos,08133903287,kelechi.osei@outlook.com,50000,Immediate,2021-11-12,Yes
CUST-02491,Faith Adegoke,Faith Adegoke,Individual,Lagos,08032704646,faith.adegoke@yahoo.com,0,Net 14,2018-11-13,Yes
CUST-02492,Kano Holdings,Musa Mensah,Corporate,Lagos,08165185220,musa.mensah@gmail.com,100000,Net 14,2020-01-13,Yes
CUST-02493,Prime Global Ltd,Emeka Danjuma,Corporate,Lagos,07035980024,emeka.danjuma@gmail.com,250000,Net 30,2020-12-27,Yes
CUST-02494,Adewale Falode,Adewale Falode,Individual,Abuja,07066084824,adewale.falode@tradingco.ng,100000,Net 14,2020-07-24,Yes
CUST-02495,Vision Solutions,Fatima Agbaje,Corporate,Lagos,09074083015,fatima.agbaje@visionsolu.com.ng,500000,Immediate,2018-10-17,Yes
CUST-02496,Silver Solutions,Aisha Tinubu,Corporate,Port Harcourt,08062727697,aisha.tinubu@gmail.com,250000,Immediate,2021-11-23,No
CUST-02497,Chinyere Akinwale,Chinyere Akinwale,Individual,Kano,08061289731,chinyere.akinwale@gmail.com,1000000,Net 7,2018-11-24,Yes
CUST-02498,Titilayo Badmus,Titilayo Badmus,Individual,Lagos,08059984991,titilayo.badmus@yahoo.com,250000,Net 7,2018-11-08,Yes
CUST-02499,Power Holdings,Ahmed Badmus,SME,Lagos,08117392603,ahmed.badmus@businessng.com,500000,Net 30,2018-10-27,Yes
CUST-02500,Summit Ltd,Ahmed Garba,SME,Lagos,07064865379,ahmed.garba@yahoo.com,1000000,Net 14,2020-10-05,Yes
CUST-02501,Star Global Ltd,Yusuf Fadahunsi,SME,Lagos,08131511798,yusuf.fadahunsi@gmail.com,1000000,Net 30,2022-09-28,Yes
CUST-02502,Precious Ogundele,Precious Ogundele,Individual,Lagos,07034210732,precious.ogundele@preciousog.com.ng,250000,Immediate,2018-10-24,Yes
CUST-02503,Dynamic Ltd,Ifeoma Musa,Corporate,Lagos,08119585231,ifeoma.musa@businessng.com,1000000,Immediate,2021-12-17,Yes
CUST-02504,Prime Solutions,Ngozi Badmus,Corporate,Kano,08033910889,ngozi.badmus@businessng.com,50000,Net 14,2018-01-27,Yes
CUST-02505,Iron Holdings,Ramatu Adeniyi,Corporate,Port Harcourt,08126722127,ramatu.adeniyi@gmail.com,1000000,Immediate,2019-06-11,Yes
CUST-02506,Bisi Akintoye,Bisi Akintoye,Individual,Lagos,08161591852,bisi.akintoye@gmail.com,250000,Net 14,2021-07-08,Yes
CUST-02507,Urban Trading Co,Titilayo Obi,SME,Kano,09078428909,titilayo.obi@tradingco.ng,250000,Net 14,2020-05-21,Yes
CUST-02508,Star Holdings,Emeka Eze,Corporate,Port Harcourt,08133316129,emeka.eze@businessng.com,500000,Immediate,2018-06-30,Yes
CUST-02509,Abuja Services Ltd,Yusuf Akinwale,Corporate,Kano,07038503048,yusuf.akinwale@gmail.com,500000,Immediate,2019-03-15,Yes
CUST-02510,Lagos Trading Co,Kunle Wada,Corporate,Kano,07065125381,kunle.wada@lagostradi.com.ng,50000,Net 14,2019-09-23,Yes
CUST-02511,Star Group,Ade Adegoke,SME,Lagos,07038390359,ade.adegoke@yahoo.com,500000,Net 7,2021-04-20,Yes
CUST-02512,Global Ltd,Thompson Adewale,SME,Kano,07064708816,thompson.adewale@yahoo.com,1000000,Net 30,2020-10-07,Yes
CUST-02513,Gold Trading Co,Blessing Salami,SME,Ibadan,08056565483,blessing.salami@hotmail.com,1000000,Net 7,2021-04-29,Yes
CUST-02514,Dynamic Enterprises,Ebunoluwa Taiwo,SME,Kano,08131027018,ebunoluwa.taiwo@businessng.com,0,Net 7,2018-11-12,Yes
CUST-02515,Central Trading Co,Oluwatoyin Abubakar,SME,Lagos,08059978794,oluwatoyin.abubakar@tradingco.ng,100000,Net 30,2020-09-20,Yes
CUST-02516,Gold Solutions,Blessing Okonkwo,SME,Lagos,09074671037,blessing.okonkwo@hotmail.com,100000,Net 14,2021-03-22,Yes
CUST-02517,National Group,Aisha Tinubu,Corporate,Port Harcourt,08162361654,aisha.tinubu@hotmail.com,100000,Net 14,2021-11-01,Yes
CUST-02518,Central Ventures,Happy Fadahunsi,Corporate,Abuja,07038673126,happy.fadahunsi@outlook.com,0,Immediate,2021-12-16,Yes
CUST-02519,Grace Akinwale,Grace Akinwale,Individual,Lagos,08058445104,grace.akinwale@outlook.com,0,Immediate,2022-06-06,Yes
CUST-02520,National Solutions,Bisi Suleiman,Corporate,Kano,08056965855,bisi.suleiman@businessng.com,100000,Immediate,2022-04-21,Yes
CUST-02521,Gold Services Ltd,Ramatu Aliyu,SME,Kano,08128159977,ramatu.aliyu@yahoo.com,1000000,Immediate,2022-07-15,Yes
CUST-02522,Dynamic Ltd,Bello Agbaje,SME,Lagos,08054215710,bello.agbaje@businessng.com,0,Immediate,2022-04-03,No
CUST-02523,Bright Enterprises,Faith Adeniyi,SME,Lagos,08133118168,faith.adeniyi@brightente.com.ng,100000,Net 7,2019-09-18,No
CUST-02524,Star Ventures,Nnamdi Akinwale,Corporate,Port Harcourt,09075262080,nnamdi.akinwale@hotmail.com,1000000,Immediate,2018-06-19,Yes
CUST-02525,Elite Solutions,Sola Adeyemi,Corporate,Kano,08032207782,sola.adeyemi@businessng.com,100000,Net 7,2020-06-17,No
CUST-02526,Gold Holdings,Suleiman Balogun,SME,Ibadan,09012750314,suleiman.balogun@outlook.com,100000,Net 14,2019-07-13,Yes
CUST-02527,Bright Holdings,Bello Chukwu,SME,Lagos,08128338663,bello.chukwu@hotmail.com,100000,Net 30,2021-07-20,Yes
CUST-02528,Future Global Ltd,Ifeanyi Fashola,Corporate,Abuja,07032056402,ifeanyi.fashola@gmail.com,500000,Net 7,2021-12-26,Yes
CUST-02529,Lola Adebayo,Lola Adebayo,Individual,Port Harcourt,08113576374,lola.adebayo@businessng.com,500000,Net 14,2022-02-20,Yes
CUST-02530,Global Trading Co,Tunde Shehu,Corporate,Lagos,08039340414,tunde.shehu@hotmail.com,100000,Net 14,2021-01-29,Yes
CUST-02531,Silver Solutions,Femi Akinwale,Corporate,Lagos,08127220664,femi.akinwale@hotmail.com,250000,Net 14,2019-08-14,No
CUST-02532,Apex Services Ltd,Chidinma Adebayo,SME,Lagos,08062678642,chidinma.adebayo@apexservic.com.ng,500000,Immediate,2020-07-23,Yes
CUST-02533,Abuja Solutions,Bola Osei,Corporate,Lagos,07033771786,bola.osei@outlook.com,50000,Immediate,2020-05-29,Yes
CUST-02534,Uchenna Salami,Uchenna Salami,Individual,Ibadan,08169679680,uchenna.salami@businessng.com,1000000,Net 14,2021-09-19,Yes
CUST-02535,Platinum Group,Zainab Adebayo,SME,Abuja,07061615730,zainab.adebayo@hotmail.com,0,Net 14,2019-10-30,Yes
CUST-02536,Chinyere Balogun,Chinyere Balogun,Individual,Lagos,08116132445,chinyere.balogun@yahoo.com,250000,Net 30,2021-09-08,Yes
CUST-02537,Dynamic Enterprises,Umar Adewale,SME,Ibadan,08035456556,umar.adewale@businessng.com,500000,Immediate,2020-09-24,Yes
CUST-02538,Global Group,Ibrahim Aliyu,Corporate,Kano,09018828604,ibrahim.aliyu@gmail.com,0,Immediate,2018-08-13,Yes
CUST-02539,Steel Global Ltd,Chinyere Suleiman,SME,Ibadan,07035409566,chinyere.suleiman@yahoo.com,1000000,Immediate,2022-08-04,Yes
CUST-02540,Unity Enterprises,Jumoke Ogunwale,SME,Abuja,07068856743,jumoke.ogunwale@unityenter.com.ng,100000,Net 30,2019-06-06,Yes
CUST-02541,Urban Solutions,Umar Garba,SME,Lagos,08059958483,umar.garba@outlook.com,1000000,Net 14,2020-08-15,Yes
CUST-02542,Capital Group,Oluwakemi Chukwu,Corporate,Lagos,09071296167,oluwakemi.chukwu@businessng.com,1000000,Net 14,2020-09-22,No
CUST-02543,Crown Holdings,Toyin Abdullahi,SME,Abuja,08033606910,toyin.abdullahi@businessng.com,500000,Net 14,2021-07-10,Yes
CUST-02544,Swift Global Ltd,Godwin Nwachukwu,Corporate,Lagos,08116065908,godwin.nwachukwu@hotmail.com,0,Net 14,2018-02-07,Yes
CUST-02545,Iron Nigeria Ltd,Ade Akintoye,SME,Lagos,09019206403,ade.akintoye@tradingco.ng,1000000,Net 7,2019-08-19,Yes
CUST-02546,Future Ltd,Kike Danjuma,SME,Kano,08169377094,kike.danjuma@outlook.com,100000,Net 30,2018-03-17,Yes
CUST-02547,Diamond Nigeria Ltd,Ngozi Nwachukwu,SME,Lagos,08068719487,ngozi.nwachukwu@outlook.com,500000,Immediate,2021-09-11,Yes
CUST-02548,Diamond Services Ltd,Chidi Agbaje,Corporate,Kano,08115524988,chidi.agbaje@diamondser.com.ng,0,Net 30,2021-01-17,Yes
CUST-02549,Crown Holdings,Uchenna Danjuma,Corporate,Port Harcourt,08132842842,uchenna.danjuma@tradingco.ng,100000,Net 7,2021-09-23,Yes
CUST-02550,Titi Akintoye,Titi Akintoye,Individual,Lagos,07064320912,titi.akintoye@businessng.com,250000,Net 30,2019-05-07,Yes
CUST-02551,Silver Ltd,Kike Ogunleye,SME,Abuja,08038624482,kike.ogunleye@yahoo.com,50000,Net 7,2019-07-08,No
CUST-02552,Crown Global Ltd,Kunle Obi,Corporate,Kano,08032248403,kunle.obi@outlook.com,50000,Immediate,2021-05-21,Yes
CUST-02553,Heritage Ventures,Toluwani Ogundele,SME,Lagos,08057797936,toluwani.ogundele@businessng.com,1000000,Net 7,2019-10-05,Yes
CUST-02554,Abuja Trading Co,Titi Sanusi,Corporate,Lagos,08161184614,titi.sanusi@tradingco.ng,0,Net 30,2021-10-11,No
CUST-02555,Temitope Abdullahi,Temitope Abdullahi,Individual,Port Harcourt,08057119614,temitope.abdullahi@temitopeab.com.ng,50000,Net 30,2022-08-16,Yes
CUST-02556,Silver Global Ltd,Akintunde Wada,Corporate,Ibadan,09015436173,akintunde.wada@tradingco.ng,0,Net 7,2020-11-03,No
CUST-02557,Summit Enterprises,Bisi Olayemi,Corporate,Port Harcourt,08134290415,bisi.olayemi@businessng.com,50000,Immediate,2019-06-25,Yes
CUST-02558,Summit Nigeria Ltd,Aliyu Adesanya,Corporate,Kano,09013462001,aliyu.adesanya@businessng.com,100000,Net 14,2020-03-18,No
CUST-02559,Abuja Holdings,Titi Suleiman,SME,Abuja,08164034385,titi.suleiman@outlook.com,1000000,Net 14,2019-07-28,Yes
CUST-02560,Future Nigeria Ltd,Kayode Ogunleye,Corporate,Lagos,08058552187,kayode.ogunleye@yahoo.com,500000,Immediate,2021-11-08,Yes
CUST-02561,Crown Ventures,Adewale Eze,SME,Lagos,09018194732,adewale.eze@crownventu.com.ng,100000,Immediate,2021-01-04,No
CUST-02562,Diamond Enterprises,Toyin Mensah,Corporate,Lagos,08032249916,toyin.mensah@outlook.com,1000000,Net 7,2019-02-11,Yes
CUST-02563,Royal Enterprises,Zainab Ibrahim,Corporate,Abuja,08134473870,zainab.ibrahim@hotmail.com,0,Net 7,2018-01-04,Yes
CUST-02564,Metro Ltd,Sade Musa,SME,Ibadan,08121177286,sade.musa@hotmail.com,1000000,Net 30,2020-06-10,Yes
CUST-02565,Bright Ventures,Godwin Adegoke,Corporate,Abuja,08039106463,godwin.adegoke@hotmail.com,1000000,Net 30,2021-11-12,Yes
CUST-02566,Bright Ltd,Funmilayo Bello,SME,Lagos,09079783755,funmilayo.bello@businessng.com,500000,Net 30,2021-02-22,Yes
CUST-02567,National Ltd,Chioma Ogundimu,Corporate,Lagos,08113715145,chioma.ogundimu@hotmail.com,100000,Net 14,2022-06-18,Yes
CUST-02568,Heritage Nigeria Ltd,Precious Adekunle,SME,Kano,08122397786,precious.adekunle@hotmail.com,0,Net 14,2022-01-10,Yes
CUST-02569,Diamond Solutions,Bashir Kehinde,Corporate,Kano,08039162832,bashir.kehinde@tradingco.ng,0,Net 7,2019-09-04,Yes
CUST-02570,Ebunoluwa Aliyu,Ebunoluwa Aliyu,Individual,Kano,09011890539,ebunoluwa.aliyu@gmail.com,500000,Immediate,2022-02-19,Yes
CUST-02571,Bright Ventures,Tosin Akintoye,SME,Abuja,09011180768,tosin.akintoye@hotmail.com,100000,Net 7,2018-08-30,Yes
CUST-02572,Gold Enterprises,Emeka Faleye,Corporate,Ibadan,07063883538,emeka.faleye@hotmail.com,0,Net 7,2018-12-23,Yes
CUST-02573,Faith Agbaje,Faith Agbaje,Individual,Lagos,09079557119,faith.agbaje@hotmail.com,100000,Net 14,2020-11-19,Yes
CUST-02574,Elite Group,Iyanuoluwa Faleye,Corporate,Kano,08169447086,iyanuoluwa.faleye@businessng.com,100000,Net 7,2021-10-29,Yes
CUST-02575,Iron Global Ltd,Chukwuemeka Adewale,Corporate,Lagos,08069053365,chukwuemeka.adewale@outlook.com,100000,Net 14,2020-02-12,Yes
CUST-02576,Godwin Yusuf,Godwin Yusuf,Individual,Lagos,08061436179,godwin.yusuf@yahoo.com,1000000,Immediate,2019-09-16,Yes
CUST-02577,Elite Nigeria Ltd,Rotimi Ogunwale,Corporate,Kano,07067168031,rotimi.ogunwale@eliteniger.com.ng,1000000,Net 30,2021-03-05,Yes
CUST-02578,Bayo Wada,Bayo Wada,Individual,Kano,09012677155,bayo.wada@hotmail.com,250000,Immediate,2022-10-22,Yes
CUST-02579,Silver Trading Co,Tosin Abubakar,Corporate,Abuja,08036091294,tosin.abubakar@gmail.com,50000,Net 14,2021-12-01,Yes
CUST-02580,Lagos Trading Co,Umar Mensah,Corporate,Lagos,08116381462,umar.mensah@yahoo.com,50000,Net 30,2020-02-28,Yes
CUST-02581,Steel Holdings,Adaora Salami,SME,Abuja,09018307873,adaora.salami@businessng.com,0,Immediate,2020-03-05,Yes
CUST-02582,Steel Global Ltd,Ibrahim Danjuma,SME,Lagos,08118925877,ibrahim.danjuma@businessng.com,50000,Immediate,2019-04-12,Yes
CUST-02583,Iron Group,Ade Olayemi,Corporate,Ibadan,09015429641,ade.olayemi@businessng.com,100000,Immediate,2022-05-16,Yes
CUST-02584,Prime Ventures,Mercy Garba,SME,Lagos,09014644289,mercy.garba@businessng.com,0,Immediate,2019-12-07,Yes
CUST-02585,Swift Services Ltd,Akintunde Wada,Corporate,Lagos,09017037761,akintunde.wada@businessng.com,500000,Net 14,2022-07-03,Yes
CUST-02586,Star Services Ltd,Adaora Bello,Corporate,Kano,09017580103,adaora.bello@outlook.com,250000,Net 14,2019-08-17,Yes
CUST-02587,Bright Trading Co,Lola Wada,SME,Kano,09013545115,lola.wada@yahoo.com,250000,Net 7,2019-08-30,Yes
CUST-02588,Global Ventures,Zainab Kehinde,Corporate,Lagos,08129513944,zainab.kehinde@outlook.com,1000000,Net 30,2020-12-18,Yes
CUST-02589,Dynamic Holdings,Chidinma Adekunle,Corporate,Lagos,08169714135,chidinma.adekunle@yahoo.com,250000,Net 30,2018-03-11,Yes
CUST-02590,Capital Services Ltd,Titi Adegoke,SME,Lagos,08114441352,titi.adegoke@capitalser.com.ng,500000,Net 30,2018-10-23,Yes
CUST-02591,Dynamic Services Ltd,Ifeanyi Adegoke,SME,Lagos,08112432757,ifeanyi.adegoke@gmail.com,250000,Net 7,2020-01-03,Yes
CUST-02592,Dynamic Enterprises,Yusuf Faleye,Corporate,Port Harcourt,08037826089,yusuf.faleye@dynamicent.com.ng,1000000,Net 7,2019-08-12,Yes
CUST-02593,Bayo Nwachukwu,Bayo Nwachukwu,Individual,Ibadan,08161870498,bayo.nwachukwu@businessng.com,50000,Net 7,2021-06-17,Yes
CUST-02594,Apex Holdings,Ade Garba,Corporate,Port Harcourt,08037339201,ade.garba@apexholdin.com.ng,100000,Net 7,2021-10-24,Yes
CUST-02595,Unity Global Ltd,Precious Shehu,SME,Lagos,09017573108,precious.shehu@outlook.com,50000,Net 14,2018-07-05,Yes
CUST-02596,Fatima Adeniyi,Fatima Adeniyi,Individual,Lagos,08037417959,fatima.adeniyi@businessng.com,100000,Net 14,2020-12-23,Yes
CUST-02597,Future Global Ltd,Maryam Ogunwale,SME,Lagos,08069728885,maryam.ogunwale@businessng.com,0,Net 14,2018-12-08,Yes
CUST-02598,Zenith Group,Ramatu Tinubu,SME,Lagos,09017881965,ramatu.tinubu@businessng.com,100000,Net 7,2020-01-18,Yes
CUST-02599,Iron Trading Co,Nnamdi Olawale,Corporate,Abuja,08034027050,nnamdi.olawale@gmail.com,50000,Net 7,2018-12-12,Yes
CUST-02600,Summit Ventures,Emeka Adeniyi,Corporate,Port Harcourt,07067732424,emeka.adeniyi@hotmail.com,50000,Net 7,2021-01-10,Yes
CUST-02601,Elite Nigeria Ltd,Toluwani Ogunleye,SME,Lagos,08136196158,toluwani.ogunleye@eliteniger.com.ng,100000,Net 30,2018-12-22,Yes
CUST-02602,Gold Solutions,Nnamdi Taiwo,SME,Lagos,08068165721,nnamdi.taiwo@gmail.com,50000,Net 7,2022-04-06,Yes
CUST-02603,Vision Nigeria Ltd,Nnamdi Adeyemi,Corporate,Port Harcourt,08033999723,nnamdi.adeyemi@visionnige.com.ng,250000,Net 14,2019-11-25,Yes
CUST-02604,Swift Ltd,Rotimi Okonkwo,Corporate,Lagos,09017054097,rotimi.okonkwo@outlook.com,100000,Net 14,2018-05-17,Yes
CUST-02605,Unity Nigeria Ltd,Grace Ogundele,SME,Lagos,07037808038,grace.ogundele@hotmail.com,50000,Net 30,2019-10-17,Yes
CUST-02606,Swift Holdings,Godwin Bello,Corporate,Port Harcourt,08118504725,godwin.bello@outlook.com,100000,Net 7,2022-08-18,Yes
CUST-02607,Star Services Ltd,Iyanuoluwa Agboola,Corporate,Kano,07065904897,iyanuoluwa.agboola@tradingco.ng,500000,Net 7,2019-02-18,Yes
CUST-02608,Federal Trading Co,Blessing Ogundele,Corporate,Lagos,08059974278,blessing.ogundele@tradingco.ng,1000000,Immediate,2020-05-22,Yes
CUST-02609,Iron Ventures,Iyanuoluwa Suleiman,Corporate,Lagos,08163257914,iyanuoluwa.suleiman@hotmail.com,250000,Immediate,2019-07-03,No
CUST-02610,Steel Ltd,Blessing Lawal,Corporate,Lagos,07061742975,blessing.lawal@tradingco.ng,0,Net 30,2020-10-13,Yes
CUST-02611,Unity Group,Ebunoluwa Fashola,Corporate,Lagos,08123192711,ebunoluwa.fashola@gmail.com,0,Net 7,2021-01-30,No
CUST-02612,Bright Ventures,Titilayo Chukwu,Corporate,Abuja,08035507241,titilayo.chukwu@brightvent.com.ng,1000000,Net 7,2022-03-25,Yes
CUST-02613,Crown Group,Blessing Adesanya,SME,Kano,08117240352,blessing.adesanya@outlook.com,0,Immediate,2020-05-29,Yes
CUST-02614,Swift Ltd,Ifeoma Musa,SME,Abuja,07068708970,ifeoma.musa@outlook.com,1000000,Immediate,2022-06-10,Yes
CUST-02615,Federal Ventures,Ibrahim Olawale,SME,Abuja,08137467261,ibrahim.olawale@yahoo.com,100000,Immediate,2020-11-25,Yes
CUST-02616,Heritage Ventures,Blessing Osei,Corporate,Abuja,09014953289,blessing.osei@businessng.com,1000000,Net 30,2021-12-21,Yes
CUST-02617,Heritage Global Ltd,Toluwani Salami,Corporate,Port Harcourt,07034314388,toluwani.salami@tradingco.ng,100000,Net 14,2021-06-29,Yes
CUST-02618,Capital Services Ltd,Toluwani Faleye,Corporate,Lagos,07067813237,toluwani.faleye@businessng.com,1000000,Net 14,2019-04-02,Yes
CUST-02619,Star Global Ltd,Oluwaseun Adesanya,SME,Lagos,09071314787,oluwaseun.adesanya@tradingco.ng,100000,Net 7,2019-08-24,Yes
CUST-02620,Star Ventures,Amaka Fadahunsi,Corporate,Lagos,08032104201,amaka.fadahunsi@hotmail.com,1000000,Net 14,2020-09-16,Yes
CUST-02621,Swift Holdings,Lola Fashola,Corporate,Abuja,08133112096,lola.fashola@outlook.com,100000,Net 7,2018-03-09,Yes
CUST-02622,Summit Solutions,Happy Obi,Corporate,Port Harcourt,08032682013,happy.obi@tradingco.ng,100000,Net 7,2020-08-13,Yes
CUST-02623,Victor Aliyu,Victor Aliyu,Individual,Abuja,08134058136,victor.aliyu@hotmail.com,100000,Immediate,2019-06-14,Yes
CUST-02624,Zenith Nigeria Ltd,Lola Olatunji,Corporate,Kano,07033111810,lola.olatunji@zenithnige.com.ng,50000,Net 7,2019-11-07,Yes
CUST-02625,Swift Enterprises,Titi Badmus,Corporate,Kano,09075066077,titi.badmus@businessng.com,1000000,Net 14,2021-06-16,Yes
CUST-02626,Summit Group,Jumoke Adeniyi,SME,Lagos,08121333515,jumoke.adeniyi@businessng.com,50000,Net 7,2020-06-02,No
CUST-02627,Federal Holdings,Thompson Umar,SME,Lagos,08031716488,thompson.umar@tradingco.ng,50000,Net 7,2021-05-24,Yes
CUST-02628,Abubakar Abubakar,Abubakar Abubakar,Individual,Port Harcourt,08038253192,abubakar.abubakar@outlook.com,250000,Net 30,2018-05-19,Yes
CUST-02629,Central Services Ltd,Ramatu Tinubu,SME,Lagos,07066336813,ramatu.tinubu@outlook.com,1000000,Immediate,2022-01-03,Yes
CUST-02630,Gold Ventures,Hassan Chukwu,Corporate,Abuja,08123409346,hassan.chukwu@tradingco.ng,1000000,Immediate,2022-02-13,Yes
CUST-02631,National Ventures,Bola Badmus,Corporate,Lagos,07034878853,bola.badmus@tradingco.ng,500000,Net 30,2021-04-18,Yes
CUST-02632,Hadiza Eze,Hadiza Eze,Individual,Ibadan,08114074000,hadiza.eze@businessng.com,1000000,Net 14,2018-12-24,Yes
CUST-02633,Future Services Ltd,Joy Yusuf,Corporate,Lagos,08169572172,joy.yusuf@gmail.com,50000,Net 7,2018-02-10,Yes
CUST-02634,Global Ltd,Sola Wada,Corporate,Lagos,08168098450,sola.wada@outlook.com,0,Net 7,2018-11-09,Yes
CUST-02635,Capital Global Ltd,Hauwa Okonkwo,SME,Port Harcourt,09013638763,hauwa.okonkwo@gmail.com,50000,Net 7,2019-12-12,Yes
CUST-02636,Unity Global Ltd,Nneka Akintoye,Corporate,Lagos,07062607887,nneka.akintoye@businessng.com,0,Net 30,2021-12-22,Yes
CUST-02637,Urban Ltd,Khadija Danjuma,SME,Kano,07031877905,khadija.danjuma@outlook.com,50000,Net 7,2021-08-19,Yes
CUST-02638,Eagle Nigeria Ltd,Aisha Akintoye,Corporate,Kano,08123621766,aisha.akintoye@outlook.com,100000,Immediate,2018-09-27,Yes
CUST-02639,Urban Trading Co,Chukwudi Badmus,Corporate,Lagos,08122528959,chukwudi.badmus@businessng.com,50000,Net 14,2018-02-13,Yes
CUST-02640,Lagos Nigeria Ltd,Monday Yusuf,Corporate,Kano,09012846755,monday.yusuf@outlook.com,1000000,Net 30,2022-10-24,No
CUST-02641,Gold Holdings,Khadija Ogundele,Corporate,Lagos,08139639110,khadija.ogundele@tradingco.ng,1000000,Net 7,2019-07-23,Yes
CUST-02642,Royal Holdings,Olumide Balogun,SME,Lagos,08067118380,olumide.balogun@tradingco.ng,250000,Net 7,2019-10-10,Yes
CUST-02643,Steel Holdings,Iyanuoluwa Sanusi,Corporate,Lagos,07061696850,iyanuoluwa.sanusi@outlook.com,50000,Immediate,2019-10-06,Yes
CUST-02644,Silver Ventures,Blessing Badmus,Corporate,Abuja,09012297658,blessing.badmus@outlook.com,50000,Net 7,2021-11-19,Yes
CUST-02645,Chukwudi Abubakar,Chukwudi Abubakar,Individual,Ibadan,08121636561,chukwudi.abubakar@gmail.com,0,Immediate,2019-08-06,No
CUST-02646,Global Ventures,Bunmi Bello,Corporate,Lagos,09019614165,bunmi.bello@globalvent.com.ng,500000,Immediate,2021-01-06,Yes
CUST-02647,Royal Holdings,Babatunde Garba,Corporate,Lagos,09079774529,babatunde.garba@gmail.com,250000,Net 30,2021-12-20,Yes
CUST-02648,Ifeoma Ogunleye,Ifeoma Ogunleye,Individual,Abuja,08051767489,ifeoma.ogunleye@outlook.com,1000000,Immediate,2021-09-15,Yes
CUST-02649,Aisha Akintoye,Aisha Akintoye,Individual,Kano,09073689591,aisha.akintoye@hotmail.com,250000,Net 7,2020-12-09,Yes
CUST-02650,Nnamdi Tinubu,Nnamdi Tinubu,Individual,Abuja,08131029823,nnamdi.tinubu@tradingco.ng,1000000,Immediate,2021-10-10,Yes
CUST-02651,Elite Services Ltd,Titi Tinubu,SME,Lagos,07068046010,titi.tinubu@outlook.com,0,Net 30,2020-11-22,Yes
CUST-02652,Gold Ventures,Kelechi Obi,Corporate,Abuja,09077228178,kelechi.obi@gmail.com,1000000,Net 14,2019-12-11,Yes
CUST-02653,Lagos Holdings,Aminu Adegoke,Corporate,Abuja,07031592547,aminu.adegoke@hotmail.com,250000,Net 30,2020-07-09,Yes
CUST-02654,Urban Nigeria Ltd,Iyanuoluwa Olawale,Corporate,Lagos,08056105675,iyanuoluwa.olawale@outlook.com,250000,Immediate,2019-12-21,Yes
CUST-02655,Federal Nigeria Ltd,Sade Eze,Corporate,Abuja,08038363445,sade.eze@yahoo.com,500000,Net 7,2018-02-03,No
CUST-02656,Power Holdings,Biodun Shehu,SME,Lagos,08165030330,biodun.shehu@businessng.com,250000,Net 30,2020-09-14,Yes
CUST-02657,Diamond Services Ltd,Fidelis Nwachukwu,Corporate,Port Harcourt,09079070367,fidelis.nwachukwu@gmail.com,500000,Net 7,2022-09-16,Yes
CUST-02658,Metro Enterprises,Suleiman Musa,SME,Lagos,08063408827,suleiman.musa@outlook.com,1000000,Immediate,2018-10-11,Yes
CUST-02659,Star Group,Aisha Danjuma,Corporate,Lagos,08121525977,aisha.danjuma@stargroup.com.ng,1000000,Immediate,2021-09-25,Yes
CUST-02660,Steel Global Ltd,Abubakar Ogundele,Corporate,Kano,09079024716,abubakar.ogundele@yahoo.com,100000,Net 30,2018-07-19,Yes
CUST-02661,Chukwuemeka Nwachukwu,Chukwuemeka Nwachukwu,Individual,Lagos,08169827364,chukwuemeka.nwachukwu@yahoo.com,1000000,Immediate,2018-02-26,Yes
CUST-02662,Swift Ventures,Musa Obi,Corporate,Lagos,08124792077,musa.obi@gmail.com,250000,Net 14,2018-08-06,Yes
CUST-02663,Diamond Enterprises,Hadiza Garba,Corporate,Kano,08129330403,hadiza.garba@tradingco.ng,50000,Net 14,2018-07-24,Yes
CUST-02664,Bright Services Ltd,Toluwani Tinubu,Corporate,Ibadan,07067781693,toluwani.tinubu@gmail.com,0,Net 7,2018-09-18,Yes
CUST-02665,Prime Group,Biodun Obi,Corporate,Abuja,09018576723,biodun.obi@businessng.com,0,Net 7,2020-01-07,Yes
CUST-02666,Grace Olatunji,Grace Olatunji,Individual,Lagos,07032716124,grace.olatunji@graceolatu.com.ng,1000000,Net 7,2022-05-01,Yes
CUST-02667,Gold Holdings,Umar Osei,Corporate,Lagos,09072925327,umar.osei@businessng.com,50000,Net 7,2021-04-01,Yes
CUST-02668,Abuja Services Ltd,Grace Olawale,Corporate,Port Harcourt,08121564477,grace.olawale@abujaservi.com.ng,500000,Net 30,2022-06-26,Yes
CUST-02669,Metro Holdings,Ifeoma Danjuma,Corporate,Kano,07065728628,ifeoma.danjuma@outlook.com,100000,Net 7,2018-01-31,Yes
CUST-02670,Temitope Suleiman,Temitope Suleiman,Individual,Kano,08135212123,temitope.suleiman@temitopesu.com.ng,500000,Net 30,2019-01-27,No
CUST-02671,Steel Nigeria Ltd,Dele Adegoke,Corporate,Lagos,07061697133,dele.adegoke@yahoo.com,0,Immediate,2020-12-27,Yes
CUST-02672,Royal Solutions,Garba Kehinde,Corporate,Lagos,08125169748,garba.kehinde@tradingco.ng,500000,Net 30,2018-01-14,Yes
CUST-02673,Summit Trading Co,Olumide Suleiman,SME,Kano,08062710197,olumide.suleiman@businessng.com,500000,Net 7,2022-02-11,Yes
CUST-02674,Bright Solutions,Ebunoluwa Kehinde,SME,Ibadan,09017865353,ebunoluwa.kehinde@brightsolu.com.ng,500000,Net 7,2019-08-16,Yes
CUST-02675,Abuja Nigeria Ltd,Bayo Suleiman,Corporate,Lagos,08069651484,bayo.suleiman@gmail.com,0,Immediate,2019-10-02,Yes
CUST-02676,Ifeoma Yusuf,Ifeoma Yusuf,Individual,Lagos,08136282522,ifeoma.yusuf@tradingco.ng,0,Net 30,2022-11-25,Yes
CUST-02677,Prime Trading Co,Ibrahim Umar,SME,Abuja,08051022876,ibrahim.umar@primetradi.com.ng,1000000,Net 14,2022-06-11,Yes
CUST-02678,Central Services Ltd,Folake Bello,Corporate,Kano,08162161133,folake.bello@gmail.com,50000,Immediate,2019-06-22,Yes
CUST-02679,Unity Enterprises,Zainab Danjuma,SME,Abuja,07068925498,zainab.danjuma@unityenter.com.ng,100000,Immediate,2020-07-20,No
CUST-02680,Iron Solutions,Ngozi Obi,Corporate,Lagos,08129812447,ngozi.obi@hotmail.com,0,Net 7,2019-05-21,Yes
CUST-02681,Kano Nigeria Ltd,Victor Obi,Corporate,Lagos,08117786727,victor.obi@outlook.com,0,Immediate,2022-09-03,Yes
CUST-02682,Iron Group,Bayo Adesanya,Corporate,Lagos,08061762915,bayo.adesanya@outlook.com,250000,Net 30,2019-05-10,Yes
CUST-02683,Gold Group,Tunde Okonkwo,SME,Lagos,08052587478,tunde.okonkwo@yahoo.com,100000,Net 7,2020-03-22,Yes
CUST-02684,Abuja Services Ltd,Maryam Okonkwo,Corporate,Lagos,09077710982,maryam.okonkwo@hotmail.com,500000,Net 14,2022-12-01,Yes
CUST-02685,Abuja Trading Co,Chiamaka Fadahunsi,SME,Lagos,09072163271,chiamaka.fadahunsi@hotmail.com,0,Net 7,2020-04-10,Yes
CUST-02686,Zenith Nigeria Ltd,Adewale Adegoke,SME,Abuja,09014723259,adewale.adegoke@tradingco.ng,250000,Net 14,2021-03-21,Yes
CUST-02687,Iron Trading Co,Temitope Nwachukwu,Corporate,Lagos,08062239574,temitope.nwachukwu@hotmail.com,0,Net 30,2022-09-01,Yes
CUST-02688,Swift Nigeria Ltd,Sola Falode,Corporate,Lagos,07035927882,sola.falode@gmail.com,100000,Net 14,2022-10-06,Yes
CUST-02689,National Global Ltd,Titi Garba,Corporate,Port Harcourt,08119707087,titi.garba@outlook.com,1000000,Net 30,2021-12-07,Yes
CUST-02690,Crown Services Ltd,Toluwani Obi,SME,Ibadan,08111444826,toluwani.obi@businessng.com,50000,Net 7,2020-01-08,Yes
CUST-02691,Dynamic Holdings,Emmanuel Ibrahim,Corporate,Port Harcourt,08056838196,emmanuel.ibrahim@yahoo.com,1000000,Net 30,2022-01-09,Yes
CUST-02692,Crown Services Ltd,Chinyere Adegoke,Corporate,Lagos,08126090854,chinyere.adegoke@businessng.com,250000,Net 7,2019-07-14,Yes
CUST-02693,Elite Trading Co,Kike Agboola,Corporate,Lagos,09077310175,kike.agboola@businessng.com,100000,Net 7,2022-09-08,Yes
CUST-02694,Diamond Trading Co,Iyanuoluwa Adeniyi,SME,Abuja,08112551704,iyanuoluwa.adeniyi@outlook.com,1000000,Immediate,2019-05-10,Yes
CUST-02695,Damilola Aliyu,Damilola Aliyu,Individual,Abuja,08127551786,damilola.aliyu@hotmail.com,0,Net 30,2018-01-13,Yes
CUST-02696,Metro Global Ltd,Joy Fadipe,Corporate,Lagos,09013102107,joy.fadipe@gmail.com,1000000,Immediate,2020-03-06,Yes
CUST-02697,Ngozi Akintoye,Ngozi Akintoye,Individual,Kano,09074153748,ngozi.akintoye@outlook.com,100000,Net 30,2019-09-12,Yes
CUST-02698,Iron Ltd,Abiodun Olayemi,SME,Lagos,07036497182,abiodun.olayemi@outlook.com,250000,Immediate,2022-10-01,Yes
CUST-02699,Metro Nigeria Ltd,Ade Taiwo,Corporate,Ibadan,09077629008,ade.taiwo@hotmail.com,1000000,Net 7,2020-01-12,Yes
CUST-02700,Future Ltd,Bashir Fadipe,Corporate,Kano,08137533553,bashir.fadipe@gmail.com,0,Immediate,2021-09-27,Yes
CUST-02701,Ismail Sanusi,Ismail Sanusi,Individual,Lagos,08066481165,ismail.sanusi@hotmail.com,0,Net 30,2018-05-25,Yes
CUST-02702,Lagos Ventures,Abosede Olawale,Corporate,Port Harcourt,09072374065,abosede.olawale@yahoo.com,0,Net 7,2018-01-03,Yes
CUST-02703,Heritage Holdings,Hassan Salami,Corporate,Kano,08121859563,hassan.salami@businessng.com,1000000,Net 30,2020-09-06,Yes
CUST-02704,Star Solutions,Fidelis Eze,Corporate,Port Harcourt,07039878927,fidelis.eze@gmail.com,250000,Net 30,2021-07-10,Yes
CUST-02705,Bola Danjuma,Bola Danjuma,Individual,Abuja,08063323692,bola.danjuma@yahoo.com,0,Net 7,2022-12-05,Yes
CUST-02706,Aminu Eze,Aminu Eze,Individual,Lagos,09077671212,aminu.eze@businessng.com,100000,Immediate,2020-09-11,Yes
CUST-02707,National Ltd,Ahmed Fadahunsi,SME,Lagos,08167936707,ahmed.fadahunsi@outlook.com,0,Net 30,2021-05-29,Yes
CUST-02708,Eagle Holdings,Blessing Nwachukwu,Corporate,Abuja,08055595532,blessing.nwachukwu@gmail.com,50000,Net 7,2019-04-07,Yes
CUST-02709,Victor Olatunji,Victor Olatunji,Individual,Lagos,08114014611,victor.olatunji@outlook.com,50000,Net 7,2021-07-24,Yes
CUST-02710,Federal Services Ltd,Chioma Okafor,Corporate,Kano,07036383442,chioma.okafor@businessng.com,50000,Net 7,2019-10-04,Yes
CUST-02711,Abuja Global Ltd,Hauwa Suleiman,Corporate,Ibadan,08118200858,hauwa.suleiman@businessng.com,1000000,Net 30,2020-11-04,Yes
CUST-02712,National Ltd,Emeka Umar,Corporate,Abuja,07031407823,emeka.umar@nationallt.com.ng,1000000,Immediate,2019-10-19,Yes
CUST-02713,Vision Group,Ronke Mensah,Corporate,Kano,08111935938,ronke.mensah@businessng.com,1000000,Net 30,2021-12-01,Yes
CUST-02714,Star Enterprises,Grace Adeniyi,SME,Abuja,08122643646,grace.adeniyi@tradingco.ng,50000,Immediate,2021-12-31,No
CUST-02715,Swift Nigeria Ltd,Yetunde Chukwu,SME,Abuja,08137657819,yetunde.chukwu@hotmail.com,1000000,Immediate,2019-03-20,Yes
CUST-02716,Eagle Trading Co,Aliyu Ogundimu,Corporate,Lagos,08136359899,aliyu.ogundimu@outlook.com,1000000,Net 30,2020-08-17,No
CUST-02717,Elite Ventures,Monday Adegoke,SME,Abuja,09016299035,monday.adegoke@businessng.com,100000,Immediate,2021-03-01,Yes
CUST-02718,Abuja Nigeria Ltd,Ade Agboola,SME,Lagos,08069044411,ade.agboola@tradingco.ng,50000,Net 30,2020-07-22,Yes
CUST-02719,Bright Group,Victor Ogunleye,Corporate,Abuja,08118768126,victor.ogunleye@businessng.com,250000,Immediate,2018-07-31,Yes
CUST-02720,Joy Musa,Joy Musa,Individual,Lagos,08164489565,joy.musa@gmail.com,0,Immediate,2020-01-11,Yes
CUST-02721,Bright Ventures,Babatunde Agbaje,SME,Lagos,08115240376,babatunde.agbaje@tradingco.ng,500000,Net 7,2020-11-13,Yes
CUST-02722,Prime Services Ltd,Oluwaseun Adesanya,Corporate,Port Harcourt,09079804078,oluwaseun.adesanya@yahoo.com,0,Net 7,2021-07-27,Yes
CUST-02723,Kano Trading Co,Victor Adekunle,Corporate,Lagos,08134085195,victor.adekunle@gmail.com,250000,Net 7,2018-01-14,Yes
CUST-02724,Unity Trading Co,Ngozi Olawale,Corporate,Abuja,07032163579,ngozi.olawale@hotmail.com,1000000,Net 7,2020-09-30,Yes
CUST-02725,Vision Nigeria Ltd,Oluwatoyin Fadahunsi,Corporate,Lagos,08126490139,oluwatoyin.fadahunsi@outlook.com,100000,Immediate,2021-11-02,Yes
CUST-02726,Prime Trading Co,Olumide Abdullahi,Corporate,Lagos,08126093136,olumide.abdullahi@tradingco.ng,500000,Net 14,2021-12-25,Yes
CUST-02727,Star Ltd,Ngozi Okafor,Corporate,Lagos,08051180109,ngozi.okafor@hotmail.com,50000,Net 7,2019-05-08,Yes
CUST-02728,National Ltd,Rotimi Agbaje,SME,Port Harcourt,08165558647,rotimi.agbaje@tradingco.ng,50000,Net 14,2019-02-09,Yes
CUST-02729,Platinum Ventures,Oluwatoyin Olatunji,Corporate,Lagos,09071505595,oluwatoyin.olatunji@businessng.com,500000,Immediate,2022-11-20,Yes
CUST-02730,Platinum Ventures,Temitope Aliyu,Corporate,Abuja,09078906186,temitope.aliyu@tradingco.ng,1000000,Net 14,2018-01-19,Yes
CUST-02731,Capital Solutions,Akintunde Adeyemi,Corporate,Lagos,08061316416,akintunde.adeyemi@hotmail.com,0,Net 30,2020-03-11,Yes
CUST-02732,Chidinma Okonkwo,Chidinma Okonkwo,Individual,Kano,07035867906,chidinma.okonkwo@businessng.com,1000000,Net 14,2021-02-05,Yes
CUST-02733,Crown Services Ltd,Umar Agboola,SME,Abuja,07033394130,umar.agboola@crownservi.com.ng,250000,Net 7,2020-11-22,Yes
CUST-02734,Power Ltd,Musa Bello,Corporate,Lagos,08037844188,musa.bello@powerltd.com.ng,500000,Net 30,2018-07-22,No
CUST-02735,Future Group,Kayode Wada,Corporate,Lagos,08163728725,kayode.wada@yahoo.com,1000000,Immediate,2019-10-27,Yes
CUST-02736,Heritage Global Ltd,Obiora Fadipe,SME,Lagos,07031960763,obiora.fadipe@tradingco.ng,1000000,Net 14,2020-10-14,Yes
CUST-02737,Umar Agbaje,Umar Agbaje,Individual,Lagos,08127109128,umar.agbaje@gmail.com,0,Immediate,2018-08-26,Yes
CUST-02738,Central Holdings,Abiodun Danjuma,Corporate,Lagos,09018471253,abiodun.danjuma@tradingco.ng,500000,Net 7,2020-04-03,Yes
CUST-02739,Apex Global Ltd,Tunde Adebayo,Corporate,Lagos,07037018732,tunde.adebayo@businessng.com,500000,Immediate,2021-12-18,No
CUST-02740,Eagle Solutions,Adaora Ogunwale,SME,Lagos,08134694096,adaora.ogunwale@outlook.com,1000000,Net 14,2021-11-18,No
CUST-02741,Dynamic Ltd,Ebunoluwa Agboola,Corporate,Lagos,07067824387,ebunoluwa.agboola@hotmail.com,100000,Net 30,2020-10-12,Yes
CUST-02742,Iron Ventures,Segun Kehinde,Corporate,Kano,08161307382,segun.kehinde@tradingco.ng,100000,Net 14,2020-08-15,Yes
CUST-02743,Crown Nigeria Ltd,Chidi Suleiman,Corporate,Abuja,08036983510,chidi.suleiman@crownniger.com.ng,500000,Net 30,2018-03-21,No
CUST-02744,Dynamic Nigeria Ltd,Bello Taiwo,Corporate,Ibadan,08164379225,bello.taiwo@hotmail.com,1000000,Net 30,2018-05-05,Yes
CUST-02745,Eagle Enterprises,Sola Adegoke,SME,Port Harcourt,09079660651,sola.adegoke@eagleenter.com.ng,500000,Net 7,2018-01-15,Yes
CUST-02746,Royal Global Ltd,Zainab Akinwale,Corporate,Ibadan,08129039044,zainab.akinwale@royalgloba.com.ng,500000,Net 7,2020-08-13,Yes
CUST-02747,National Global Ltd,Jumoke Akintoye,Corporate,Kano,08119149532,jumoke.akintoye@tradingco.ng,500000,Net 14,2022-08-25,Yes
CUST-02748,Central Holdings,Bunmi Fadipe,SME,Kano,08112760154,bunmi.fadipe@centralhol.com.ng,100000,Net 7,2021-03-24,Yes
CUST-02749,Zenith Ltd,Jumoke Chukwu,Corporate,Abuja,08169328905,jumoke.chukwu@zenithltd.com.ng,100000,Net 14,2022-05-21,Yes
CUST-02750,Lagos Solutions,Folake Kehinde,SME,Lagos,08061725025,folake.kehinde@hotmail.com,250000,Net 7,2022-03-04,Yes
CUST-02751,Garba Fadahunsi,Garba Fadahunsi,Individual,Lagos,07034896669,garba.fadahunsi@outlook.com,250000,Net 14,2021-03-09,Yes
CUST-02752,Ngozi Badmus,Ngozi Badmus,Individual,Lagos,08166719060,ngozi.badmus@ngozibadmu.com.ng,1000000,Net 7,2021-06-05,Yes
CUST-02753,Chiamaka Fadahunsi,Chiamaka Fadahunsi,Individual,Kano,08038752101,chiamaka.fadahunsi@businessng.com,500000,Net 30,2020-01-16,Yes
CUST-02754,Titi Ogundimu,Titi Ogundimu,Individual,Lagos,08119336250,titi.ogundimu@outlook.com,250000,Immediate,2020-02-14,Yes
CUST-02755,Oluwatoyin Umar,Oluwatoyin Umar,Individual,Lagos,09014531870,oluwatoyin.umar@gmail.com,250000,Immediate,2022-07-10,Yes
CUST-02756,Elite Group,Folake Akinwale,Corporate,Port Harcourt,08031043856,folake.akinwale@hotmail.com,500000,Net 7,2020-03-05,Yes
CUST-02757,Central Group,Rotimi Nwachukwu,Corporate,Lagos,08034964394,rotimi.nwachukwu@yahoo.com,250000,Net 14,2018-09-24,Yes
CUST-02758,Dynamic Global Ltd,Adeola Sanusi,Corporate,Lagos,08137586532,adeola.sanusi@outlook.com,50000,Net 7,2020-07-28,Yes
CUST-02759,Jumoke Taiwo,Jumoke Taiwo,Individual,Lagos,08065777202,jumoke.taiwo@jumoketaiw.com.ng,250000,Net 7,2019-06-22,Yes
CUST-02760,Federal Solutions,Tosin Fashola,Corporate,Abuja,09012255549,tosin.fashola@outlook.com,250000,Net 14,2018-03-10,Yes
CUST-02761,Capital Group,Victor Shehu,Corporate,Port Harcourt,09011702992,victor.shehu@yahoo.com,0,Immediate,2020-04-21,Yes
CUST-02762,Silver Solutions,Hauwa Osei,Corporate,Lagos,07065598546,hauwa.osei@businessng.com,250000,Net 30,2018-08-16,No
CUST-02763,Federal Ventures,Segun Olawale,SME,Lagos,08113474218,segun.olawale@hotmail.com,1000000,Immediate,2022-09-22,Yes
CUST-02764,Ngozi Adebayo,Ngozi Adebayo,Individual,Abuja,08063580694,ngozi.adebayo@yahoo.com,50000,Net 7,2021-09-05,Yes
CUST-02765,Kano Holdings,Suleiman Akinwale,Corporate,Kano,07065166325,suleiman.akinwale@tradingco.ng,0,Net 14,2020-01-30,Yes
CUST-02766,Star Enterprises,Aisha Olayemi,Corporate,Abuja,08166583965,aisha.olayemi@hotmail.com,0,Net 30,2020-10-17,Yes
CUST-02767,Unity Services Ltd,Oluwatoyin Obi,SME,Abuja,08162035429,oluwatoyin.obi@outlook.com,1000000,Net 30,2018-03-14,Yes
CUST-02768,Gold Ventures,Blessing Agbaje,Corporate,Abuja,08113384327,blessing.agbaje@hotmail.com,500000,Immediate,2019-01-12,Yes
CUST-02769,Iron Group,Rotimi Ibrahim,SME,Lagos,08111391979,rotimi.ibrahim@hotmail.com,0,Net 30,2022-05-03,Yes
CUST-02770,Apex Nigeria Ltd,Ngozi Fadipe,SME,Lagos,08112808824,ngozi.fadipe@yahoo.com,0,Immediate,2019-03-01,Yes
CUST-02771,Prime Services Ltd,Ade Umar,SME,Abuja,08128979634,ade.umar@yahoo.com,0,Net 30,2019-01-09,No
CUST-02772,Federal Global Ltd,Yusuf Fadipe,Corporate,Kano,08112217490,yusuf.fadipe@tradingco.ng,500000,Net 7,2021-03-29,Yes
CUST-02773,National Ltd,Kayode Adeyemi,Corporate,Abuja,08063677902,kayode.adeyemi@yahoo.com,250000,Immediate,2022-11-09,Yes
CUST-02774,Steel Services Ltd,Rotimi Ogundimu,Corporate,Ibadan,07034050619,rotimi.ogundimu@hotmail.com,0,Net 14,2019-08-09,Yes
CUST-02775,Iron Enterprises,Toyin Agbaje,SME,Kano,08132042527,toyin.agbaje@hotmail.com,50000,Net 7,2018-11-22,Yes
CUST-02776,Star Solutions,Tunde Adesanya,Corporate,Lagos,08058031100,tunde.adesanya@outlook.com,500000,Net 14,2018-10-09,No
CUST-02777,Silver Ltd,Toyin Adewale,Corporate,Port Harcourt,08055450482,toyin.adewale@hotmail.com,50000,Net 14,2022-07-31,Yes
CUST-02778,Iron Trading Co,Suleiman Adegoke,Corporate,Abuja,07038873103,suleiman.adegoke@hotmail.com,500000,Net 14,2018-01-29,Yes
CUST-02779,Temitope Yusuf,Temitope Yusuf,Individual,Kano,07037988955,temitope.yusuf@outlook.com,250000,Net 30,2020-07-27,No
CUST-02780,Central Trading Co,Ngozi Mensah,Corporate,Kano,09013569483,ngozi.mensah@centraltra.com.ng,100000,Net 7,2020-03-27,Yes
CUST-02781,Central Enterprises,Damilola Faleye,Corporate,Abuja,08112194551,damilola.faleye@tradingco.ng,1000000,Net 30,2019-06-11,Yes
CUST-02782,Elite Services Ltd,Ngozi Adeyemi,Corporate,Lagos,08119656136,ngozi.adeyemi@hotmail.com,0,Net 14,2020-03-03,No
CUST-02783,Elite Nigeria Ltd,Mercy Ogundimu,Corporate,Port Harcourt,08117734698,mercy.ogundimu@hotmail.com,100000,Net 30,2022-11-17,Yes
CUST-02784,Steel Ventures,Chiamaka Osei,Corporate,Kano,08163067132,chiamaka.osei@yahoo.com,100000,Net 7,2021-02-14,Yes
CUST-02785,Fatima Abdullahi,Fatima Abdullahi,Individual,Port Harcourt,07032395962,fatima.abdullahi@businessng.com,250000,Immediate,2018-06-23,Yes
CUST-02786,Nuhu Olawale,Nuhu Olawale,Individual,Lagos,09071330855,nuhu.olawale@nuhuolawal.com.ng,250000,Immediate,2021-12-09,Yes
CUST-02787,Gold Services Ltd,Chidinma Yusuf,SME,Lagos,07063861354,chidinma.yusuf@gmail.com,250000,Net 30,2021-08-21,Yes
CUST-02788,Star Solutions,Nnamdi Bakare,Corporate,Lagos,08168124424,nnamdi.bakare@starsoluti.com.ng,500000,Net 14,2022-02-08,Yes
CUST-02789,Kano Holdings,Titi Yusuf,Corporate,Lagos,08111901080,titi.yusuf@outlook.com,0,Immediate,2018-03-13,Yes
CUST-02790,Star Nigeria Ltd,Adewale Kehinde,SME,Abuja,09077075376,adewale.kehinde@gmail.com,1000000,Net 7,2018-01-25,Yes
CUST-02791,Rotimi Shehu,Rotimi Shehu,Individual,Lagos,08128944940,rotimi.shehu@yahoo.com,1000000,Net 7,2021-12-11,Yes
CUST-02792,Dynamic Ventures,Babatunde Mensah,Corporate,Abuja,07068941847,babatunde.mensah@outlook.com,1000000,Net 30,2021-10-13,Yes
CUST-02793,Platinum Group,Chiamaka Obi,SME,Kano,09016188053,chiamaka.obi@outlook.com,50000,Net 14,2018-11-06,Yes
CUST-02794,Star Solutions,Ebunoluwa Fadipe,Corporate,Lagos,08055768310,ebunoluwa.fadipe@gmail.com,100000,Net 7,2020-06-21,Yes
CUST-02795,Damilola Balogun,Damilola Balogun,Individual,Abuja,08064148315,damilola.balogun@yahoo.com,250000,Net 7,2022-11-14,Yes
CUST-02796,Iron Holdings,Sade Agbaje,SME,Kano,08067320381,sade.agbaje@businessng.com,0,Net 14,2019-12-05,Yes
CUST-02797,Heritage Ventures,Temitope Balogun,SME,Port Harcourt,08037092983,temitope.balogun@heritageve.com.ng,100000,Net 30,2020-11-23,Yes
CUST-02798,Prime Trading Co,Sola Garba,SME,Lagos,08166660786,sola.garba@primetradi.com.ng,250000,Net 7,2019-08-04,No
CUST-02799,Lagos Solutions,Fidelis Shehu,SME,Lagos,08038327108,fidelis.shehu@yahoo.com,50000,Net 14,2020-02-05,No
CUST-02800,Crown Nigeria Ltd,Aliyu Tinubu,SME,Lagos,08061952169,aliyu.tinubu@tradingco.ng,500000,Net 14,2022-06-28,Yes
CUST-02801,Platinum Trading Co,Kelechi Suleiman,Corporate,Kano,09076393992,kelechi.suleiman@platinumtr.com.ng,50000,Net 7,2018-06-06,Yes
CUST-02802,Central Global Ltd,Faith Adewale,Corporate,Lagos,08118616181,faith.adewale@tradingco.ng,1000000,Net 7,2021-08-25,Yes
CUST-02803,Bright Holdings,Emmanuel Abubakar,Corporate,Lagos,08136807691,emmanuel.abubakar@brighthold.com.ng,250000,Net 7,2018-01-18,Yes
CUST-02804,Metro Trading Co,Maryam Ogunwale,Corporate,Lagos,08123364015,maryam.ogunwale@gmail.com,100000,Net 30,2021-10-30,Yes
CUST-02805,Zenith Solutions,Titi Umar,Corporate,Lagos,08125159182,titi.umar@hotmail.com,0,Net 30,2022-01-16,Yes
CUST-02806,Summit Solutions,Adeola Adeniyi,Corporate,Abuja,08068684152,adeola.adeniyi@yahoo.com,250000,Net 14,2021-01-01,Yes
CUST-02807,Dynamic Holdings,Khadija Badmus,Corporate,Abuja,08059446439,khadija.badmus@dynamichol.com.ng,1000000,Net 30,2021-04-22,Yes
CUST-02808,Abuja Group,Ronke Wada,Corporate,Kano,07038581944,ronke.wada@businessng.com,100000,Immediate,2019-04-28,Yes
CUST-02809,Global Holdings,Kayode Falode,Corporate,Lagos,07068297488,kayode.falode@yahoo.com,1000000,Net 30,2019-11-13,Yes
CUST-02810,Lagos Holdings,Blessing Olayemi,Corporate,Lagos,09071456598,blessing.olayemi@gmail.com,50000,Net 14,2022-09-20,Yes
CUST-02811,Federal Holdings,Maryam Adeniyi,SME,Ibadan,08116863178,maryam.adeniyi@hotmail.com,0,Immediate,2020-01-08,Yes
CUST-02812,Federal Ltd,Titilayo Lawal,Corporate,Abuja,08038027733,titilayo.lawal@outlook.com,500000,Net 14,2020-11-27,Yes
CUST-02813,Prime Enterprises,Temitope Bello,Corporate,Port Harcourt,08138541537,temitope.bello@tradingco.ng,100000,Net 7,2019-05-24,Yes
CUST-02814,Oluwaseun Adebayo,Oluwaseun Adebayo,Individual,Lagos,08119255362,oluwaseun.adebayo@gmail.com,500000,Net 30,2021-07-25,Yes
CUST-02815,Power Holdings,Musa Umar,SME,Lagos,08062763953,musa.umar@yahoo.com,1000000,Immediate,2019-03-06,Yes
CUST-02816,Urban Trading Co,Ifeanyi Ogunwale,Corporate,Ibadan,08037628557,ifeanyi.ogunwale@hotmail.com,0,Net 14,2021-11-28,Yes
CUST-02817,Central Holdings,Precious Ogundimu,Corporate,Abuja,08166933084,precious.ogundimu@hotmail.com,100000,Net 14,2018-06-13,Yes
CUST-02818,Dynamic Group,Femi Fadahunsi,SME,Lagos,08063874873,femi.fadahunsi@tradingco.ng,500000,Net 30,2020-06-05,Yes
CUST-02819,Diamond Ventures,Aliyu Falode,Corporate,Port Harcourt,08129824348,aliyu.falode@businessng.com,100000,Net 7,2021-01-04,Yes
CUST-02820,Iron Ltd,Blessing Ogunwale,Corporate,Lagos,08131745848,blessing.ogunwale@yahoo.com,0,Net 7,2022-09-16,Yes
CUST-02821,Steel Nigeria Ltd,Abiodun Falode,SME,Ibadan,08134516641,abiodun.falode@tradingco.ng,50000,Immediate,2019-03-02,Yes
CUST-02822,Unity Services Ltd,Grace Adekunle,Corporate,Ibadan,09017529675,grace.adekunle@yahoo.com,250000,Net 14,2019-01-17,Yes
CUST-02823,Uchenna Adegoke,Uchenna Adegoke,Individual,Abuja,08035080234,uchenna.adegoke@yahoo.com,0,Net 30,2020-07-08,Yes
CUST-02824,Summit Ltd,Oluwaseun Garba,SME,Abuja,08134817755,oluwaseun.garba@businessng.com,50000,Net 14,2021-07-30,Yes
CUST-02825,Metro Global Ltd,Chiamaka Lawal,Corporate,Lagos,08053910582,chiamaka.lawal@yahoo.com,1000000,Net 7,2022-10-25,Yes
CUST-02826,Chinyere Lawal,Chinyere Lawal,Individual,Lagos,08035272981,chinyere.lawal@outlook.com,50000,Net 14,2020-12-22,Yes
CUST-02827,Steel Global Ltd,Oluwatoyin Ibrahim,Corporate,Ibadan,08113123388,oluwatoyin.ibrahim@yahoo.com,500000,Net 14,2022-07-29,Yes
CUST-02828,Lagos Ltd,Ibrahim Lawal,Corporate,Ibadan,08136554388,ibrahim.lawal@outlook.com,100000,Net 14,2020-04-20,Yes
CUST-02829,Steel Ltd,Sadiq Balogun,SME,Lagos,08062744812,sadiq.balogun@hotmail.com,250000,Immediate,2020-01-07,Yes
CUST-02830,Gold Services Ltd,Chiamaka Balogun,Corporate,Lagos,09077559458,chiamaka.balogun@businessng.com,100000,Net 30,2021-05-31,Yes
CUST-02831,Zainab Ogundimu,Zainab Ogundimu,Individual,Lagos,08118234911,zainab.ogundimu@hotmail.com,1000000,Net 7,2019-03-01,Yes
CUST-02832,Nuhu Osei,Nuhu Osei,Individual,Lagos,07036541421,nuhu.osei@outlook.com,500000,Net 30,2021-11-13,Yes
CUST-02833,Swift Global Ltd,Chukwuemeka Taiwo,Corporate,Port Harcourt,08125391778,chukwuemeka.taiwo@outlook.com,500000,Net 14,2018-11-23,Yes
CUST-02834,Apex Trading Co,Adaeze Ogundele,Corporate,Kano,07064461625,adaeze.ogundele@gmail.com,0,Net 7,2022-01-11,Yes
CUST-02835,Central Ltd,Iyanuoluwa Chukwu,SME,Port Harcourt,08065048742,iyanuoluwa.chukwu@tradingco.ng,500000,Net 30,2018-07-06,No
CUST-02836,Federal Group,Oluwakemi Ogunwale,Corporate,Abuja,09071894914,oluwakemi.ogunwale@outlook.com,500000,Immediate,2018-03-20,Yes
CUST-02837,Global Services Ltd,Kayode Abdullahi,Corporate,Lagos,08166470670,kayode.abdullahi@hotmail.com,250000,Immediate,2018-09-22,Yes
CUST-02838,Steel Nigeria Ltd,Toyin Adesanya,SME,Lagos,08057137345,toyin.adesanya@steelniger.com.ng,250000,Net 14,2020-08-05,Yes
CUST-02839,Future Ventures,Khadija Ogundele,Corporate,Kano,07067171407,khadija.ogundele@gmail.com,100000,Net 14,2021-08-21,Yes
CUST-02840,Titilayo Olatunji,Titilayo Olatunji,Individual,Port Harcourt,08068434159,titilayo.olatunji@gmail.com,100000,Net 14,2022-11-28,Yes
CUST-02841,Power Enterprises,Yusuf Obi,SME,Port Harcourt,07063197504,yusuf.obi@tradingco.ng,1000000,Net 14,2018-10-21,Yes
CUST-02842,Central Enterprises,Ebunoluwa Sanusi,SME,Ibadan,08067616222,ebunoluwa.sanusi@tradingco.ng,100000,Immediate,2022-11-25,Yes
CUST-02843,Urban Solutions,Tunde Umar,Corporate,Port Harcourt,07036363163,tunde.umar@yahoo.com,0,Net 7,2018-03-24,Yes
CUST-02844,Lagos Services Ltd,Nnamdi Fadahunsi,Corporate,Lagos,08039604880,nnamdi.fadahunsi@tradingco.ng,500000,Net 7,2019-09-07,Yes
CUST-02845,Federal Enterprises,Abiodun Agboola,Corporate,Ibadan,08063827486,abiodun.agboola@tradingco.ng,100000,Net 14,2018-01-20,No
CUST-02846,Sadiq Nwachukwu,Sadiq Nwachukwu,Individual,Abuja,08165858036,sadiq.nwachukwu@tradingco.ng,0,Net 14,2018-07-04,Yes
CUST-02847,Capital Enterprises,Abiodun Olawale,Corporate,Abuja,09016318117,abiodun.olawale@capitalent.com.ng,500000,Immediate,2021-12-19,Yes
CUST-02848,Summit Enterprises,Ronke Faleye,Corporate,Port Harcourt,08163581397,ronke.faleye@outlook.com,100000,Net 30,2018-01-17,Yes
CUST-02849,Heritage Global Ltd,Damilola Aliyu,Corporate,Lagos,09077155388,damilola.aliyu@hotmail.com,0,Net 7,2019-03-15,Yes
CUST-02850,Platinum Trading Co,Jumoke Okafor,SME,Abuja,08064114513,jumoke.okafor@hotmail.com,50000,Net 14,2022-08-06,Yes
CUST-02851,Apex Enterprises,Godwin Aliyu,Corporate,Kano,08064419470,godwin.aliyu@apexenterp.com.ng,0,Net 7,2018-03-22,Yes
CUST-02852,Prime Enterprises,Peace Umar,SME,Kano,09071851264,peace.umar@primeenter.com.ng,500000,Immediate,2021-03-30,Yes
CUST-02853,Swift Global Ltd,Ramatu Badmus,Corporate,Lagos,08122806778,ramatu.badmus@tradingco.ng,500000,Immediate,2020-11-16,Yes
CUST-02854,Vision Holdings,Ismail Eze,Corporate,Kano,08162578739,ismail.eze@hotmail.com,50000,Net 7,2022-04-07,Yes
CUST-02855,Eagle Services Ltd,Toyin Ibrahim,Corporate,Lagos,08034651645,toyin.ibrahim@tradingco.ng,500000,Immediate,2021-06-20,Yes
CUST-02856,Apex Nigeria Ltd,Maryam Abubakar,Corporate,Lagos,08163665701,maryam.abubakar@gmail.com,50000,Net 14,2022-06-25,Yes
CUST-02857,Eagle Solutions,Bisi Okonkwo,SME,Kano,09017557216,bisi.okonkwo@outlook.com,0,Net 30,2020-07-18,Yes
CUST-02858,Steel Enterprises,Bello Lawal,SME,Lagos,08067330451,bello.lawal@businessng.com,1000000,Net 7,2018-08-29,Yes
CUST-02859,Urban Trading Co,Oluwaseun Nwachukwu,SME,Ibadan,08062557294,oluwaseun.nwachukwu@tradingco.ng,1000000,Immediate,2019-10-09,No
CUST-02860,Ngozi Nwachukwu,Ngozi Nwachukwu,Individual,Kano,08127360505,ngozi.nwachukwu@businessng.com,50000,Immediate,2020-05-19,Yes
CUST-02861,Abuja Holdings,Ngozi Adeyemi,Corporate,Kano,08057664130,ngozi.adeyemi@tradingco.ng,500000,Net 7,2022-10-30,Yes
CUST-02862,Steel Ltd,Godwin Chukwu,Corporate,Lagos,09012813532,godwin.chukwu@tradingco.ng,1000000,Net 14,2020-12-06,Yes
CUST-02863,Abuja Ltd,Sadiq Ogundele,Corporate,Kano,08054320223,sadiq.ogundele@yahoo.com,50000,Net 7,2019-09-03,Yes
CUST-02864,Future Trading Co,Temitope Salami,Corporate,Ibadan,09015918284,temitope.salami@outlook.com,1000000,Net 7,2021-06-30,Yes
CUST-02865,Zenith Ventures,Dele Adegoke,Corporate,Abuja,08133384724,dele.adegoke@zenithvent.com.ng,100000,Net 7,2021-11-05,Yes
CUST-02866,Royal Global Ltd,Zainab Shehu,Corporate,Kano,08068060365,zainab.shehu@businessng.com,0,Net 7,2019-09-29,Yes
CUST-02867,Platinum Services Ltd,Godwin Salami,Corporate,Kano,09074459323,godwin.salami@platinumse.com.ng,1000000,Net 30,2019-02-05,Yes
CUST-02868,Apex Ltd,Rotimi Chukwu,SME,Lagos,08167898699,rotimi.chukwu@outlook.com,250000,Net 14,2020-11-28,Yes
CUST-02869,Platinum Services Ltd,Lola Badmus,Corporate,Port Harcourt,07032648611,lola.badmus@hotmail.com,50000,Net 30,2022-04-20,Yes
CUST-02870,Crown Services Ltd,Babatunde Akintoye,Corporate,Lagos,07063829594,babatunde.akintoye@crownservi.com.ng,250000,Net 30,2020-03-29,Yes
CUST-02871,Heritage Ltd,Ade Shehu,SME,Kano,08062860729,ade.shehu@tradingco.ng,100000,Net 14,2022-06-25,Yes
CUST-02872,Royal Solutions,Titi Okafor,SME,Port Harcourt,08167362669,titi.okafor@gmail.com,0,Net 30,2021-01-08,Yes
CUST-02873,Apex Global Ltd,Segun Umar,Corporate,Abuja,08062498640,segun.umar@apexglobal.com.ng,500000,Net 7,2020-03-29,No
CUST-02874,Future Solutions,Damilola Wada,Corporate,Abuja,07065331950,damilola.wada@yahoo.com,1000000,Net 30,2020-10-22,Yes
CUST-02875,National Services Ltd,Blessing Salami,Corporate,Abuja,08065478131,blessing.salami@businessng.com,0,Net 7,2019-08-18,Yes
CUST-02876,Abuja Group,Chiamaka Kehinde,Corporate,Kano,07067883212,chiamaka.kehinde@businessng.com,250000,Immediate,2018-01-19,Yes
CUST-02877,Silver Enterprises,Akintunde Mensah,Corporate,Lagos,09013513827,akintunde.mensah@yahoo.com,500000,Net 30,2022-06-27,Yes
CUST-02878,Crown Services Ltd,Zainab Kehinde,Corporate,Ibadan,08167552825,zainab.kehinde@businessng.com,500000,Net 7,2020-12-31,Yes
CUST-02879,Sadiq Danjuma,Sadiq Danjuma,Individual,Port Harcourt,09011360308,sadiq.danjuma@businessng.com,500000,Net 7,2019-06-14,Yes
CUST-02880,Prime Trading Co,Aminu Kehinde,Corporate,Lagos,08064170489,aminu.kehinde@hotmail.com,1000000,Net 14,2022-10-20,No
CUST-02881,Lagos Trading Co,Dele Garba,SME,Lagos,08168950071,dele.garba@businessng.com,250000,Immediate,2018-02-01,Yes
CUST-02882,Future Ventures,Funmilayo Badmus,SME,Lagos,08066115053,funmilayo.badmus@businessng.com,50000,Net 14,2019-06-07,Yes
CUST-02883,Kano Enterprises,Bisi Olatunji,Corporate,Lagos,09016934577,bisi.olatunji@businessng.com,250000,Net 7,2020-08-30,Yes
CUST-02884,Royal Holdings,Chukwudi Adeyemi,Corporate,Ibadan,08068496547,chukwudi.adeyemi@yahoo.com,100000,Net 14,2020-08-02,Yes
CUST-02885,Dynamic Global Ltd,Jumoke Salami,Corporate,Lagos,08112972044,jumoke.salami@businessng.com,250000,Net 7,2021-02-02,Yes
CUST-02886,Ngozi Garba,Ngozi Garba,Individual,Kano,08129160661,ngozi.garba@tradingco.ng,0,Immediate,2018-04-19,Yes
CUST-02887,Crown Enterprises,Chidinma Adegoke,SME,Port Harcourt,08125762545,chidinma.adegoke@tradingco.ng,1000000,Net 14,2020-07-07,Yes
CUST-02888,Prime Solutions,Thompson Agbaje,Corporate,Ibadan,08126062282,thompson.agbaje@primesolut.com.ng,100000,Immediate,2021-12-02,Yes
CUST-02889,Federal Group,Ahmed Lawal,SME,Port Harcourt,07063512415,ahmed.lawal@businessng.com,500000,Net 7,2021-08-03,Yes
CUST-02890,Metro Group,Toluwani Kehinde,SME,Abuja,08119253428,toluwani.kehinde@metrogroup.com.ng,500000,Immediate,2021-09-12,Yes
CUST-02891,Diamond Solutions,Biodun Adewale,Corporate,Port Harcourt,09018924770,biodun.adewale@gmail.com,0,Net 14,2020-11-26,Yes
CUST-02892,Steel Ltd,Monday Agboola,Corporate,Port Harcourt,09075657275,monday.agboola@gmail.com,1000000,Immediate,2020-09-25,No
CUST-02893,Eagle Solutions,Kayode Adewale,Corporate,Abuja,07035271120,kayode.adewale@hotmail.com,1000000,Immediate,2018-07-31,Yes
CUST-02894,Steel Group,Adewale Salami,SME,Lagos,08136066277,adewale.salami@businessng.com,250000,Net 7,2022-02-07,No
CUST-02895,Urban Services Ltd,Kike Okafor,Corporate,Lagos,09079314402,kike.okafor@hotmail.com,0,Immediate,2020-08-18,Yes
CUST-02896,Federal Enterprises,Ahmed Tinubu,Corporate,Lagos,08063631072,ahmed.tinubu@gmail.com,1000000,Immediate,2021-02-01,Yes
CUST-02897,Star Ventures,Hamisu Adeniyi,SME,Abuja,08117809306,hamisu.adeniyi@hotmail.com,1000000,Immediate,2018-10-31,Yes
CUST-02898,Global Ventures,Bola Agboola,Corporate,Port Harcourt,07068707020,bola.agboola@gmail.com,250000,Net 14,2020-04-04,No
CUST-02899,Segun Sanusi,Segun Sanusi,Individual,Lagos,08034169415,segun.sanusi@tradingco.ng,1000000,Net 30,2018-01-20,No
CUST-02900,Urban Trading Co,Chidi Abubakar,Corporate,Ibadan,08039853836,chidi.abubakar@tradingco.ng,500000,Net 30,2022-01-01,Yes
CUST-02901,Prime Services Ltd,Peace Obi,Corporate,Ibadan,08039637743,peace.obi@yahoo.com,100000,Net 14,2021-05-01,Yes
CUST-02902,Iron Holdings,Toyin Agboola,Corporate,Port Harcourt,08137876072,toyin.agboola@outlook.com,0,Net 30,2022-06-24,Yes
CUST-02903,Iron Enterprises,Aisha Akintoye,Corporate,Abuja,09017629805,aisha.akintoye@outlook.com,1000000,Net 14,2018-07-03,No
CUST-02904,Abuja Services Ltd,Chukwudi Bello,SME,Abuja,08126872444,chukwudi.bello@gmail.com,0,Net 7,2019-09-22,Yes
CUST-02905,Dynamic Holdings,Emmanuel Tinubu,Corporate,Lagos,08054787760,emmanuel.tinubu@gmail.com,50000,Net 7,2022-09-27,No
CUST-02906,Swift Group,Ebunoluwa Suleiman,Corporate,Abuja,08165052068,ebunoluwa.suleiman@gmail.com,500000,Immediate,2020-08-03,No
CUST-02907,National Group,Adaeze Agboola,Corporate,Lagos,08059639267,adaeze.agboola@outlook.com,50000,Net 7,2019-07-11,Yes
CUST-02908,Unity Group,Ronke Abdullahi,Corporate,Port Harcourt,09074357216,ronke.abdullahi@hotmail.com,1000000,Immediate,2018-05-07,No
CUST-02909,Oluwatoyin Akintoye,Oluwatoyin Akintoye,Individual,Ibadan,08054504190,oluwatoyin.akintoye@yahoo.com,50000,Net 30,2020-06-08,Yes
CUST-02910,Power Holdings,Ade Fashola,Corporate,Lagos,09074873487,ade.fashola@hotmail.com,50000,Net 7,2020-10-15,Yes
CUST-02911,Gbenga Wada,Gbenga Wada,Individual,Kano,08162711395,gbenga.wada@gmail.com,50000,Net 7,2022-01-09,Yes
CUST-02912,Chukwuemeka Ogunwale,Chukwuemeka Ogunwale,Individual,Kano,07033392010,chukwuemeka.ogunwale@tradingco.ng,50000,Net 14,2018-03-11,Yes
CUST-02913,Elite Global Ltd,Chidinma Garba,Corporate,Ibadan,08163076843,chidinma.garba@tradingco.ng,1000000,Net 7,2020-12-28,Yes
CUST-02914,Sade Fadahunsi,Sade Fadahunsi,Individual,Lagos,08137040592,sade.fadahunsi@tradingco.ng,250000,Immediate,2019-07-06,Yes
CUST-02915,Capital Nigeria Ltd,Chidi Bello,SME,Abuja,08057470005,chidi.bello@capitalnig.com.ng,0,Net 30,2019-08-29,Yes
CUST-02916,Ramatu Umar,Ramatu Umar,Individual,Port Harcourt,08132608248,ramatu.umar@outlook.com,250000,Net 7,2020-08-07,Yes
CUST-02917,Vision Global Ltd,Ngozi Musa,Corporate,Port Harcourt,08138554817,ngozi.musa@yahoo.com,1000000,Net 30,2020-12-05,Yes
CUST-02918,Unity Trading Co,Precious Eze,Corporate,Kano,08161637805,precious.eze@yahoo.com,500000,Net 30,2021-06-10,Yes
CUST-02919,Global Global Ltd,Adeola Kehinde,SME,Lagos,07061383481,adeola.kehinde@yahoo.com,50000,Immediate,2021-05-01,Yes
CUST-02920,Peace Bakare,Peace Bakare,Individual,Abuja,07067086861,peace.bakare@businessng.com,0,Immediate,2018-09-19,Yes
CUST-02921,Gold Ltd,Hamisu Adekunle,SME,Abuja,08118679647,hamisu.adekunle@yahoo.com,100000,Net 30,2020-05-05,Yes
CUST-02922,Platinum Global Ltd,Iyanuoluwa Umar,SME,Lagos,09077012532,iyanuoluwa.umar@tradingco.ng,500000,Immediate,2022-02-05,Yes
CUST-02923,Heritage Enterprises,Uchenna Wada,Corporate,Abuja,08053833610,uchenna.wada@yahoo.com,0,Net 14,2019-12-23,Yes
CUST-02924,Kano Global Ltd,Fatima Kehinde,SME,Kano,08117956373,fatima.kehinde@yahoo.com,500000,Net 14,2021-06-13,Yes
CUST-02925,Power Group,Chidinma Nwachukwu,SME,Ibadan,07037958486,chidinma.nwachukwu@outlook.com,250000,Net 14,2019-02-11,Yes
CUST-02926,Global Ltd,Amaka Ogundimu,SME,Lagos,08132527394,amaka.ogundimu@gmail.com,1000000,Net 7,2022-02-16,Yes
CUST-02927,National Enterprises,Garba Taiwo,Corporate,Lagos,08058737724,garba.taiwo@yahoo.com,1000000,Net 7,2018-12-15,No
CUST-02928,Abuja Ventures,Musa Ogundimu,SME,Lagos,08122095751,musa.ogundimu@hotmail.com,1000000,Net 30,2018-01-11,Yes
CUST-02929,Heritage Trading Co,Babatunde Faleye,Corporate,Kano,08057649320,babatunde.faleye@tradingco.ng,1000000,Immediate,2022-03-12,Yes
CUST-02930,Silver Solutions,Akintunde Agbaje,Corporate,Lagos,09014316893,akintunde.agbaje@tradingco.ng,250000,Net 14,2021-06-11,Yes
CUST-02931,Star Ventures,Ifeoma Adeniyi,SME,Port Harcourt,08034318995,ifeoma.adeniyi@hotmail.com,0,Net 30,2019-08-23,No
CUST-02932,Zenith Solutions,Chiamaka Olawale,Corporate,Lagos,09015142710,chiamaka.olawale@tradingco.ng,100000,Net 30,2020-06-10,Yes
CUST-02933,National Trading Co,Hauwa Ogundele,Corporate,Abuja,09071955619,hauwa.ogundele@tradingco.ng,1000000,Net 14,2018-09-25,Yes
CUST-02934,Platinum Group,Ismail Wada,Corporate,Lagos,09074210865,ismail.wada@hotmail.com,500000,Net 14,2022-02-24,Yes
CUST-02935,Central Global Ltd,Ifeoma Olayemi,SME,Abuja,07035119000,ifeoma.olayemi@businessng.com,100000,Net 14,2018-03-30,Yes
CUST-02936,Global Trading Co,Blessing Danjuma,SME,Lagos,08053646482,blessing.danjuma@tradingco.ng,100000,Immediate,2018-11-03,Yes
CUST-02937,Diamond Solutions,Chukwudi Olatunji,SME,Abuja,08123774944,chukwudi.olatunji@outlook.com,50000,Net 14,2022-05-06,Yes
CUST-02938,Future Enterprises,Hauwa Ogunleye,Corporate,Lagos,08132713338,hauwa.ogunleye@tradingco.ng,100000,Net 30,2018-03-07,Yes
CUST-02939,Prime Global Ltd,Nneka Adeyemi,SME,Lagos,07038039846,nneka.adeyemi@primegloba.com.ng,100000,Net 30,2020-05-24,Yes
CUST-02940,Global Services Ltd,Peace Badmus,Corporate,Abuja,07038403720,peace.badmus@outlook.com,250000,Net 30,2022-02-13,Yes
CUST-02941,Platinum Nigeria Ltd,Ismail Agbaje,Corporate,Lagos,08132942673,ismail.agbaje@businessng.com,100000,Immediate,2022-03-26,Yes
CUST-02942,Silver Trading Co,Jumoke Danjuma,Corporate,Port Harcourt,08061745151,jumoke.danjuma@gmail.com,100000,Immediate,2019-10-05,Yes
CUST-02943,Unity Trading Co,Kunle Eze,Corporate,Abuja,08117729218,kunle.eze@gmail.com,0,Net 7,2020-11-21,Yes
CUST-02944,Swift Ventures,Chidinma Sanusi,Corporate,Lagos,09014238386,chidinma.sanusi@businessng.com,500000,Immediate,2018-08-05,Yes
CUST-02945,Steel Nigeria Ltd,Gbenga Musa,Corporate,Kano,08067287806,gbenga.musa@steelniger.com.ng,0,Net 30,2022-03-12,Yes
CUST-02946,Royal Global Ltd,Bashir Musa,SME,Abuja,08117269263,bashir.musa@gmail.com,100000,Net 14,2018-09-05,Yes
CUST-02947,Ismail Bakare,Ismail Bakare,Individual,Kano,08167908592,ismail.bakare@ismailbaka.com.ng,250000,Immediate,2020-10-24,Yes
CUST-02948,Zenith Solutions,Nneka Adeniyi,Corporate,Kano,08134422677,nneka.adeniyi@tradingco.ng,50000,Net 14,2018-02-05,Yes
CUST-02949,Bright Ventures,Bashir Adekunle,Corporate,Lagos,08163357151,bashir.adekunle@gmail.com,50000,Net 14,2021-03-26,Yes
CUST-02950,Lagos Ltd,Biodun Abubakar,SME,Port Harcourt,08034576858,biodun.abubakar@hotmail.com,1000000,Immediate,2020-08-22,Yes
CUST-02951,Diamond Enterprises,Grace Olawale,Corporate,Port Harcourt,09015276287,grace.olawale@diamondent.com.ng,0,Net 30,2020-03-29,Yes
CUST-02952,Unity Ltd,Blessing Okafor,Corporate,Port Harcourt,08161999008,blessing.okafor@hotmail.com,500000,Net 14,2018-05-31,Yes
CUST-02953,Swift Nigeria Ltd,Toyin Kehinde,Corporate,Lagos,09078241409,toyin.kehinde@gmail.com,1000000,Immediate,2021-01-15,Yes
CUST-02954,National Ventures,Ismail Agboola,Corporate,Kano,08164282748,ismail.agboola@gmail.com,50000,Net 14,2020-01-02,Yes
CUST-02955,Star Holdings,Peace Agboola,Corporate,Lagos,08162929750,peace.agboola@businessng.com,100000,Net 14,2021-05-13,Yes
CUST-02956,Diamond Nigeria Ltd,Akintunde Okonkwo,SME,Kano,08051812055,akintunde.okonkwo@outlook.com,100000,Immediate,2019-12-06,Yes
CUST-02957,Emeka Tinubu,Emeka Tinubu,Individual,Lagos,08168083215,emeka.tinubu@gmail.com,500000,Immediate,2020-04-09,Yes
CUST-02958,Blessing Olawale,Blessing Olawale,Individual,Lagos,07035280015,blessing.olawale@tradingco.ng,250000,Immediate,2022-11-30,Yes
CUST-02959,Crown Solutions,Blessing Falode,SME,Lagos,09074960862,blessing.falode@outlook.com,250000,Net 14,2019-06-24,Yes
CUST-02960,Zenith Ventures,Ngozi Bakare,Corporate,Port Harcourt,07069413811,ngozi.bakare@gmail.com,250000,Net 7,2021-11-18,Yes
CUST-02961,National Ventures,Aisha Akintoye,SME,Port Harcourt,09076844967,aisha.akintoye@nationalve.com.ng,1000000,Immediate,2020-09-24,Yes
CUST-02962,Heritage Enterprises,Bashir Garba,Corporate,Port Harcourt,08121269713,bashir.garba@outlook.com,500000,Net 14,2020-07-19,Yes
CUST-02963,Elite Trading Co,Bisi Okafor,Corporate,Lagos,09017815515,bisi.okafor@businessng.com,250000,Immediate,2022-12-04,Yes
CUST-02964,Gold Solutions,Abosede Abubakar,Corporate,Abuja,08139798582,abosede.abubakar@tradingco.ng,250000,Immediate,2020-08-19,Yes
CUST-02965,Zenith Enterprises,Grace Danjuma,SME,Port Harcourt,08053172267,grace.danjuma@zenithente.com.ng,250000,Net 30,2018-06-23,Yes
CUST-02966,Yetunde Fashola,Yetunde Fashola,Individual,Ibadan,09077694402,yetunde.fashola@hotmail.com,0,Net 7,2019-09-24,Yes
CUST-02967,Silver Services Ltd,Sola Badmus,Corporate,Port Harcourt,08033096077,sola.badmus@hotmail.com,100000,Net 30,2018-11-19,Yes
CUST-02968,Swift Nigeria Ltd,Adeola Musa,Corporate,Abuja,09013216888,adeola.musa@yahoo.com,0,Net 7,2019-10-23,Yes
CUST-02969,Bright Group,Funmilayo Nwachukwu,Corporate,Ibadan,08051567849,funmilayo.nwachukwu@gmail.com,500000,Net 14,2022-03-07,Yes
CUST-02970,Iron Enterprises,Happy Akinwale,Corporate,Lagos,07061949008,happy.akinwale@outlook.com,50000,Immediate,2021-07-05,Yes
CUST-02971,Umar Nwachukwu,Umar Nwachukwu,Individual,Lagos,08162996942,umar.nwachukwu@umarnwachu.com.ng,100000,Net 14,2020-04-27,Yes
CUST-02972,Kano Enterprises,Precious Falode,Corporate,Lagos,08133128615,precious.falode@tradingco.ng,1000000,Immediate,2018-01-14,Yes
CUST-02973,Lagos Global Ltd,Rotimi Olayemi,Corporate,Ibadan,08065650035,rotimi.olayemi@tradingco.ng,1000000,Immediate,2019-07-30,Yes
CUST-02974,Elite Services Ltd,Blessing Obi,Corporate,Abuja,08123535547,blessing.obi@tradingco.ng,100000,Immediate,2022-03-29,Yes
CUST-02975,Bright Global Ltd,Kayode Adekunle,SME,Lagos,08169255836,kayode.adekunle@brightglob.com.ng,500000,Immediate,2020-10-25,Yes
CUST-02976,Babatunde Badmus,Babatunde Badmus,Individual,Kano,08053526712,babatunde.badmus@businessng.com,100000,Net 7,2020-04-16,Yes
CUST-02977,Platinum Global Ltd,Grace Sanusi,SME,Port Harcourt,07067067008,grace.sanusi@platinumgl.com.ng,250000,Net 30,2019-08-02,No
CUST-02978,Heritage Trading Co,Titilayo Adewale,Corporate,Kano,09073410988,titilayo.adewale@yahoo.com,1000000,Net 30,2022-08-15,Yes
CUST-02979,Dynamic Enterprises,Aliyu Umar,Corporate,Port Harcourt,07064399048,aliyu.umar@outlook.com,0,Immediate,2020-08-12,Yes
CUST-02980,Prime Global Ltd,Yusuf Okonkwo,Corporate,Lagos,07067132464,yusuf.okonkwo@yahoo.com,500000,Net 7,2020-11-12,Yes
CUST-02981,Gold Services Ltd,Chukwuemeka Suleiman,SME,Abuja,08057356276,chukwuemeka.suleiman@tradingco.ng,0,Net 7,2021-01-11,Yes
CUST-02982,Ramatu Danjuma,Ramatu Danjuma,Individual,Port Harcourt,09078495155,ramatu.danjuma@gmail.com,1000000,Net 7,2018-04-24,Yes
CUST-02983,Global Holdings,Hadiza Eze,Corporate,Kano,07064180661,hadiza.eze@gmail.com,100000,Net 7,2020-03-22,Yes
CUST-02984,Metro Solutions,Ismail Fadipe,Corporate,Port Harcourt,08065310479,ismail.fadipe@businessng.com,100000,Net 7,2018-01-08,Yes
CUST-02985,Summit Solutions,Chukwuemeka Badmus,Corporate,Lagos,07063388012,chukwuemeka.badmus@summitsolu.com.ng,500000,Net 30,2019-09-19,Yes
CUST-02986,Global Nigeria Ltd,Ramatu Garba,Corporate,Kano,08129033348,ramatu.garba@gmail.com,0,Net 14,2019-04-10,Yes
CUST-02987,Iron Enterprises,Sola Balogun,SME,Kano,08058841724,sola.balogun@gmail.com,0,Immediate,2022-03-17,Yes
CUST-02988,National Solutions,Damilola Fadahunsi,Corporate,Lagos,08129327109,damilola.fadahunsi@outlook.com,1000000,Net 14,2022-07-25,Yes
CUST-02989,Chiamaka Osei,Chiamaka Osei,Individual,Kano,09079499141,chiamaka.osei@gmail.com,250000,Net 30,2018-04-20,Yes
CUST-02990,Bright Services Ltd,Kayode Abdullahi,SME,Kano,07034646534,kayode.abdullahi@hotmail.com,250000,Net 7,2020-11-20,Yes
CUST-02991,Global Global Ltd,Maryam Olayemi,Corporate,Lagos,08133808155,maryam.olayemi@yahoo.com,50000,Net 14,2019-06-25,Yes
CUST-02992,Iron Global Ltd,Chidi Adeyemi,Corporate,Port Harcourt,08066237792,chidi.adeyemi@tradingco.ng,1000000,Net 7,2022-06-22,Yes
CUST-02993,Urban Solutions,Ramatu Adegoke,SME,Lagos,09011301969,ramatu.adegoke@yahoo.com,250000,Net 30,2020-04-21,No
CUST-02994,Iron Holdings,Sade Adeyemi,Corporate,Port Harcourt,08133718818,sade.adeyemi@businessng.com,500000,Net 7,2018-09-04,Yes
CUST-02995,Central Holdings,Kayode Olayemi,Corporate,Kano,08139065837,kayode.olayemi@centralhol.com.ng,100000,Net 30,2018-10-01,Yes
CUST-02996,Global Global Ltd,Kike Balogun,Corporate,Lagos,07037042367,kike.balogun@tradingco.ng,500000,Net 30,2021-03-13,Yes
CUST-02997,Gold Ltd,Hamisu Akintoye,SME,Lagos,09076910856,hamisu.akintoye@yahoo.com,0,Net 7,2019-02-19,Yes
CUST-02998,Abuja Ventures,Oluwatoyin Wada,SME,Kano,08062886851,oluwatoyin.wada@abujaventu.com.ng,1000000,Net 14,2022-10-28,Yes
CUST-02999,Dynamic Nigeria Ltd,Chioma Tinubu,Corporate,Lagos,08054943299,chioma.tinubu@hotmail.com,500000,Immediate,2020-08-28,No
CUST-03000,Ibrahim Olawale,Ibrahim Olawale,Individual,Ibadan,08167312675,ibrahim.olawale@outlook.com,1000000,Immediate,2018-06-20,Yes
CUST-03001,Power Group,Bunmi Wada,SME,Ibadan,09077245694,bunmi.wada@powergroup.com.ng,100000,Net 7,2018-05-31,Yes
CUST-03002,Ifeanyi Olatunji,Ifeanyi Olatunji,Individual,Lagos,08064499287,ifeanyi.olatunji@businessng.com,250000,Net 7,2021-11-12,Yes
CUST-03003,Urban Holdings,Faith Ogundele,Corporate,Abuja,08059718561,faith.ogundele@hotmail.com,250000,Net 30,2020-01-20,Yes
CUST-03004,Platinum Nigeria Ltd,Suleiman Balogun,SME,Lagos,07032498185,suleiman.balogun@hotmail.com,100000,Immediate,2021-04-12,Yes
CUST-03005,Apex Trading Co,Godwin Bakare,SME,Port Harcourt,09075995921,godwin.bakare@yahoo.com,250000,Net 30,2022-10-17,Yes
CUST-03006,Zenith Services Ltd,Tosin Faleye,SME,Abuja,08067095488,tosin.faleye@businessng.com,0,Immediate,2018-07-12,Yes
CUST-03007,Future Solutions,Bayo Falode,Corporate,Kano,08036164323,bayo.falode@outlook.com,50000,Net 7,2020-04-25,Yes
CUST-03008,Precious Adesanya,Precious Adesanya,Individual,Lagos,07031214182,precious.adesanya@gmail.com,0,Net 30,2018-07-19,Yes
CUST-03009,Apex Solutions,Folake Lawal,SME,Port Harcourt,08112502609,folake.lawal@outlook.com,250000,Net 7,2020-12-22,Yes
CUST-03010,Diamond Services Ltd,Garba Adegoke,SME,Port Harcourt,08167494535,garba.adegoke@hotmail.com,50000,Immediate,2021-04-11,Yes
CUST-03011,Elite Services Ltd,Adaora Abubakar,Corporate,Lagos,08056126322,adaora.abubakar@yahoo.com,1000000,Net 7,2018-04-28,Yes
CUST-03012,Swift Solutions,Faith Olatunji,SME,Abuja,08128868052,faith.olatunji@gmail.com,1000000,Net 14,2020-01-12,Yes
CUST-03013,Urban Services Ltd,Precious Nwachukwu,Corporate,Lagos,08062939974,precious.nwachukwu@tradingco.ng,100000,Net 14,2021-10-20,Yes
CUST-03014,Oluwaseun Adegoke,Oluwaseun Adegoke,Individual,Abuja,08164068339,oluwaseun.adegoke@tradingco.ng,250000,Immediate,2022-08-01,Yes
CUST-03015,Central Trading Co,Blessing Wada,Corporate,Port Harcourt,09078048125,blessing.wada@businessng.com,0,Immediate,2022-03-29,Yes
CUST-03016,Elite Group,Adeola Faleye,SME,Abuja,08059033759,adeola.faleye@businessng.com,500000,Net 14,2022-08-26,Yes
CUST-03017,Abuja Services Ltd,Akintunde Adewale,Corporate,Lagos,08137420285,akintunde.adewale@yahoo.com,50000,Net 30,2020-03-21,Yes
CUST-03018,Lagos Group,Khadija Faleye,Corporate,Kano,09017496909,khadija.faleye@hotmail.com,500000,Net 14,2022-08-05,Yes
CUST-03019,Power Group,Titi Agbaje,Corporate,Port Harcourt,08165615013,titi.agbaje@businessng.com,250000,Net 14,2022-11-04,Yes
CUST-03020,Lagos Ltd,Victor Fadahunsi,Corporate,Ibadan,07065048971,victor.fadahunsi@hotmail.com,250000,Net 7,2021-05-14,Yes
CUST-03021,Gold Group,Yusuf Agboola,Corporate,Lagos,08115340236,yusuf.agboola@outlook.com,0,Net 7,2020-06-22,Yes
CUST-03022,Joy Abubakar,Joy Abubakar,Individual,Abuja,09071122329,joy.abubakar@outlook.com,50000,Net 7,2019-02-11,No
CUST-03023,Dynamic Ventures,Sade Olayemi,Corporate,Lagos,08167829698,sade.olayemi@dynamicven.com.ng,250000,Net 14,2022-02-25,Yes
CUST-03024,Blessing Garba,Blessing Garba,Individual,Lagos,09014714659,blessing.garba@hotmail.com,50000,Immediate,2022-07-03,Yes
CUST-03025,Bello Adeyemi,Bello Adeyemi,Individual,Abuja,08163964163,bello.adeyemi@businessng.com,1000000,Net 14,2022-09-14,Yes
CUST-03026,Chioma Abubakar,Chioma Abubakar,Individual,Lagos,08057055973,chioma.abubakar@chiomaabub.com.ng,50000,Net 30,2021-07-17,Yes
CUST-03027,Gold Services Ltd,Oluwatoyin Nwachukwu,Corporate,Lagos,08118164562,oluwatoyin.nwachukwu@outlook.com,1000000,Net 30,2022-11-04,Yes
CUST-03028,Urban Global Ltd,Dele Eze,Corporate,Kano,08128961410,dele.eze@outlook.com,0,Net 14,2021-05-02,Yes
CUST-03029,Kano Nigeria Ltd,Victor Salami,SME,Lagos,08061354809,victor.salami@yahoo.com,1000000,Net 30,2020-06-12,Yes
CUST-03030,Mercy Aliyu,Mercy Aliyu,Individual,Kano,07062929122,mercy.aliyu@hotmail.com,100000,Net 14,2021-04-27,Yes
CUST-03031,Elite Trading Co,Faith Fadahunsi,SME,Lagos,08161364534,faith.fadahunsi@hotmail.com,0,Net 14,2019-05-31,Yes
CUST-03032,Abuja Services Ltd,Titi Fadipe,Corporate,Kano,08124529481,titi.fadipe@businessng.com,100000,Immediate,2022-07-14,Yes
CUST-03033,Steel Ltd,Aminu Abubakar,Corporate,Ibadan,08059855976,aminu.abubakar@hotmail.com,100000,Net 30,2022-03-29,Yes
CUST-03034,Royal Enterprises,Nnamdi Mensah,SME,Kano,08135012361,nnamdi.mensah@tradingco.ng,250000,Immediate,2022-11-02,Yes
CUST-03035,Steel Solutions,Biodun Nwachukwu,SME,Abuja,08129739541,biodun.nwachukwu@outlook.com,1000000,Immediate,2021-12-04,No
CUST-03036,Central Services Ltd,Dele Ogundele,Corporate,Lagos,07069472901,dele.ogundele@businessng.com,0,Net 30,2021-03-31,Yes
CUST-03037,Ahmed Badmus,Ahmed Badmus,Individual,Abuja,08117096256,ahmed.badmus@gmail.com,0,Net 30,2019-07-02,Yes
CUST-03038,Global Trading Co,Adaeze Adegoke,SME,Port Harcourt,08116056497,adaeze.adegoke@hotmail.com,500000,Net 14,2020-11-15,Yes
CUST-03039,Power Services Ltd,Bayo Suleiman,SME,Lagos,08056512376,bayo.suleiman@tradingco.ng,100000,Immediate,2022-11-13,Yes
CUST-03040,Dynamic Trading Co,Precious Fashola,SME,Lagos,08121165941,precious.fashola@yahoo.com,0,Net 30,2021-02-08,Yes
CUST-03041,Lagos Global Ltd,Damilola Taiwo,Corporate,Ibadan,08068181028,damilola.taiwo@hotmail.com,1000000,Net 14,2022-03-09,Yes
CUST-03042,Vision Ventures,Hauwa Garba,Corporate,Lagos,08034353815,hauwa.garba@yahoo.com,1000000,Immediate,2020-08-02,Yes
CUST-03043,Bisi Adeyemi,Bisi Adeyemi,Individual,Lagos,08138102223,bisi.adeyemi@bisiadeyem.com.ng,500000,Immediate,2018-09-12,No
CUST-03044,Prime Enterprises,Toluwani Eze,SME,Kano,08127747887,toluwani.eze@hotmail.com,50000,Net 7,2018-02-13,Yes
CUST-03045,Power Solutions,Dele Shehu,Corporate,Lagos,08161492438,dele.shehu@hotmail.com,500000,Immediate,2022-07-04,Yes
CUST-03046,Steel Global Ltd,Amaka Badmus,Corporate,Lagos,08032970903,amaka.badmus@yahoo.com,1000000,Net 14,2019-03-17,Yes
CUST-03047,Unity Global Ltd,Chidinma Okonkwo,Corporate,Lagos,08119920446,chidinma.okonkwo@yahoo.com,1000000,Immediate,2022-04-02,Yes
CUST-03048,Heritage Trading Co,Grace Fashola,Corporate,Lagos,08034984820,grace.fashola@gmail.com,100000,Net 14,2020-12-22,Yes
CUST-03049,Iron Services Ltd,Oluwatoyin Ogunleye,Corporate,Kano,09014432174,oluwatoyin.ogunleye@ironservic.com.ng,500000,Net 7,2019-07-09,Yes
CUST-03050,Federal Trading Co,Chiamaka Kehinde,Corporate,Lagos,07062420119,chiamaka.kehinde@federaltra.com.ng,50000,Net 30,2018-10-25,Yes
CUST-03051,Platinum Solutions,Emmanuel Ogundimu,Corporate,Lagos,08126956512,emmanuel.ogundimu@businessng.com,0,Net 14,2019-01-14,Yes
CUST-03052,Chinyere Adegoke,Chinyere Adegoke,Individual,Abuja,09079823952,chinyere.adegoke@tradingco.ng,1000000,Immediate,2019-11-21,Yes
CUST-03053,Royal Ventures,Dele Ibrahim,SME,Abuja,08126508711,dele.ibrahim@businessng.com,100000,Net 14,2022-02-28,Yes
CUST-03054,Yetunde Bello,Yetunde Bello,Individual,Lagos,08035935373,yetunde.bello@yetundebel.com.ng,500000,Net 14,2021-04-13,No
CUST-03055,Victor Danjuma,Victor Danjuma,Individual,Lagos,09073285565,victor.danjuma@tradingco.ng,100000,Net 14,2020-04-13,Yes
CUST-03056,Apex Services Ltd,Adaeze Chukwu,Corporate,Abuja,08127058451,adaeze.chukwu@outlook.com,100000,Net 7,2020-01-25,Yes
CUST-03057,Unity Enterprises,Akintunde Ibrahim,SME,Abuja,09016532041,akintunde.ibrahim@outlook.com,250000,Net 30,2021-07-09,Yes
CUST-03058,Dynamic Group,Zainab Abdullahi,SME,Lagos,08063117134,zainab.abdullahi@yahoo.com,500000,Net 30,2018-10-31,Yes
CUST-03059,Prime Ltd,Nnamdi Faleye,SME,Abuja,08035781888,nnamdi.faleye@businessng.com,100000,Net 14,2021-05-13,Yes
CUST-03060,Faith Yusuf,Faith Yusuf,Individual,Abuja,09015448505,faith.yusuf@tradingco.ng,0,Net 30,2020-05-23,Yes
CUST-03061,Silver Services Ltd,Fidelis Olatunji,Corporate,Lagos,08136534671,fidelis.olatunji@outlook.com,500000,Net 7,2019-12-05,Yes
CUST-03062,Iron Solutions,Godwin Adebayo,SME,Kano,08037301591,godwin.adebayo@outlook.com,0,Net 7,2022-05-08,Yes
CUST-03063,Gold Group,Oluwakemi Kehinde,SME,Lagos,08065748401,oluwakemi.kehinde@businessng.com,100000,Immediate,2021-11-21,Yes
CUST-03064,Star Ltd,Sola Bello,SME,Lagos,07037115916,sola.bello@outlook.com,500000,Net 7,2022-06-07,Yes
CUST-03065,Capital Holdings,Khadija Falode,Corporate,Lagos,08068112913,khadija.falode@capitalhol.com.ng,1000000,Net 7,2019-02-21,Yes
CUST-03066,Silver Trading Co,Jumoke Salami,Corporate,Lagos,09076974725,jumoke.salami@businessng.com,0,Net 14,2022-07-04,No
CUST-03067,Star Solutions,Olumide Ogundimu,Corporate,Lagos,08068946517,olumide.ogundimu@gmail.com,100000,Net 14,2021-10-25,Yes
CUST-03068,Steel Ventures,Toluwani Mensah,SME,Lagos,08167559372,toluwani.mensah@steelventu.com.ng,250000,Immediate,2022-05-14,Yes
CUST-03069,Iyanuoluwa Osei,Iyanuoluwa Osei,Individual,Port Harcourt,08051604765,iyanuoluwa.osei@iyanuoluwa.com.ng,500000,Net 14,2021-08-16,Yes
CUST-03070,Capital Trading Co,Tunde Abubakar,Corporate,Lagos,08122313301,tunde.abubakar@gmail.com,0,Net 14,2022-09-19,Yes
CUST-03071,Kano Ltd,Babatunde Adesanya,Corporate,Lagos,08124185312,babatunde.adesanya@tradingco.ng,1000000,Net 7,2021-12-20,Yes
CUST-03072,Prime Enterprises,Fatima Ogundele,SME,Lagos,08114962847,fatima.ogundele@primeenter.com.ng,500000,Net 30,2020-11-28,Yes
CUST-03073,Global Trading Co,Yusuf Ogunwale,SME,Lagos,07038546302,yusuf.ogunwale@globaltrad.com.ng,0,Net 30,2022-05-02,Yes
CUST-03074,Sade Chukwu,Sade Chukwu,Individual,Lagos,08131132575,sade.chukwu@sadechukwu.com.ng,50000,Net 14,2020-11-15,Yes
CUST-03075,Gold Holdings,Gbenga Musa,Corporate,Lagos,09015665644,gbenga.musa@yahoo.com,1000000,Net 30,2019-09-21,Yes
CUST-03076,Elite Enterprises,Ade Adegoke,SME,Ibadan,09018282887,ade.adegoke@hotmail.com,50000,Net 30,2021-05-01,Yes
CUST-03077,Grace Mensah,Grace Mensah,Individual,Port Harcourt,09078958633,grace.mensah@hotmail.com,100000,Net 14,2021-06-02,Yes
CUST-03078,Iron Nigeria Ltd,Ibrahim Akinwale,SME,Lagos,07037442823,ibrahim.akinwale@businessng.com,500000,Net 7,2022-06-13,Yes
CUST-03079,Future Holdings,Fatima Mensah,Corporate,Abuja,07033418817,fatima.mensah@yahoo.com,500000,Net 14,2018-01-21,Yes
CUST-03080,Diamond Solutions,Peace Salami,Corporate,Ibadan,08127519642,peace.salami@hotmail.com,250000,Immediate,2018-09-07,Yes
CUST-03081,Bright Global Ltd,Oluwaseun Fashola,SME,Port Harcourt,08113288452,oluwaseun.fashola@outlook.com,250000,Net 30,2018-10-09,Yes
CUST-03082,National Services Ltd,Bayo Adegoke,Corporate,Port Harcourt,09075527187,bayo.adegoke@gmail.com,250000,Immediate,2019-02-22,Yes
CUST-03083,Toyin Umar,Toyin Umar,Individual,Kano,07069317680,toyin.umar@toyinumar.com.ng,50000,Immediate,2019-06-28,Yes
CUST-03084,Peace Akinwale,Peace Akinwale,Individual,Lagos,08118538936,peace.akinwale@tradingco.ng,250000,Net 14,2022-08-18,Yes
CUST-03085,Star Group,Joy Kehinde,Corporate,Lagos,08063210644,joy.kehinde@hotmail.com,1000000,Net 30,2021-08-27,Yes
CUST-03086,Lagos Global Ltd,Chiamaka Suleiman,SME,Abuja,08163778454,chiamaka.suleiman@hotmail.com,0,Net 14,2020-04-21,Yes
CUST-03087,Lagos Solutions,Bisi Shehu,Corporate,Lagos,08032030989,bisi.shehu@outlook.com,50000,Immediate,2021-11-03,Yes
CUST-03088,Crown Group,Titi Suleiman,SME,Lagos,08035186927,titi.suleiman@outlook.com,0,Immediate,2021-03-16,Yes
CUST-03089,Future Holdings,Ebunoluwa Taiwo,Corporate,Abuja,08112699225,ebunoluwa.taiwo@yahoo.com,50000,Net 14,2022-12-06,Yes
CUST-03090,Lagos Global Ltd,Amaka Ogunwale,Corporate,Lagos,08139400423,amaka.ogunwale@businessng.com,250000,Net 30,2020-04-21,Yes
CUST-03091,Gbenga Ogundele,Gbenga Ogundele,Individual,Kano,08035683346,gbenga.ogundele@yahoo.com,50000,Net 7,2021-01-27,Yes
CUST-03092,Hamisu Abubakar,Hamisu Abubakar,Individual,Abuja,08122298896,hamisu.abubakar@tradingco.ng,250000,Immediate,2018-03-20,Yes
CUST-03093,Abuja Group,Biodun Faleye,Corporate,Abuja,08115957199,biodun.faleye@abujagroup.com.ng,250000,Net 14,2021-06-19,Yes
CUST-03094,Apex Enterprises,Umar Fashola,SME,Lagos,08128201024,umar.fashola@gmail.com,0,Net 14,2019-03-18,Yes
CUST-03095,Metro Services Ltd,Babatunde Umar,Corporate,Ibadan,07063072031,babatunde.umar@yahoo.com,0,Net 30,2018-06-07,Yes
CUST-03096,Steel Solutions,Biodun Bello,Corporate,Lagos,08168715867,biodun.bello@gmail.com,100000,Net 30,2019-05-05,Yes
CUST-03097,Unity Services Ltd,Musa Chukwu,Corporate,Lagos,08162459426,musa.chukwu@yahoo.com,250000,Net 30,2020-04-22,Yes
CUST-03098,Elite Holdings,Adaeze Okafor,Corporate,Lagos,08056969381,adaeze.okafor@outlook.com,500000,Immediate,2020-05-07,No
CUST-03099,Future Group,Ade Adegoke,Corporate,Lagos,08058665557,ade.adegoke@yahoo.com,0,Net 7,2020-04-09,Yes
CUST-03100,Vision Nigeria Ltd,Amaka Tinubu,SME,Lagos,08036976827,amaka.tinubu@tradingco.ng,1000000,Net 30,2021-01-31,Yes
CUST-03101,Vision Services Ltd,Ngozi Olayemi,Corporate,Lagos,08063983504,ngozi.olayemi@gmail.com,1000000,Immediate,2022-10-06,Yes
CUST-03102,Dynamic Global Ltd,Jumoke Faleye,Corporate,Abuja,08164852656,jumoke.faleye@businessng.com,1000000,Net 7,2018-02-04,Yes
CUST-03103,Vision Nigeria Ltd,Zainab Ogunleye,Corporate,Abuja,07068936971,zainab.ogunleye@businessng.com,0,Net 30,2021-04-06,Yes
CUST-03104,Rotimi Bello,Rotimi Bello,Individual,Kano,08161537998,rotimi.bello@yahoo.com,100000,Net 7,2020-03-21,Yes
CUST-03105,Future Group,Lola Agbaje,SME,Ibadan,08061411877,lola.agbaje@yahoo.com,1000000,Immediate,2019-09-16,Yes
CUST-03106,Central Ltd,Aliyu Lawal,Corporate,Ibadan,07062652996,aliyu.lawal@gmail.com,500000,Net 7,2019-01-25,Yes
CUST-03107,National Holdings,Bola Agboola,Corporate,Lagos,08161109273,bola.agboola@outlook.com,250000,Net 14,2021-12-04,Yes
CUST-03108,Zenith Ventures,Obiora Yusuf,Corporate,Kano,07033005179,obiora.yusuf@hotmail.com,100000,Net 7,2020-07-12,Yes
CUST-03109,Crown Services Ltd,Ahmed Fadipe,Corporate,Lagos,07038396003,ahmed.fadipe@gmail.com,0,Net 7,2019-11-30,Yes
CUST-03110,Global Ventures,Yusuf Kehinde,Corporate,Ibadan,09012552472,yusuf.kehinde@hotmail.com,1000000,Net 14,2020-02-19,Yes
CUST-03111,Iron Group,Obiora Akinwale,SME,Lagos,07062583664,obiora.akinwale@hotmail.com,1000000,Net 7,2021-11-12,No
CUST-03112,Olumide Salami,Olumide Salami,Individual,Lagos,08036824399,olumide.salami@tradingco.ng,100000,Immediate,2022-05-06,Yes
CUST-03113,Eagle Services Ltd,Dele Lawal,SME,Kano,08167304758,dele.lawal@outlook.com,1000000,Net 30,2018-02-27,Yes
CUST-03114,Diamond Group,Bunmi Umar,Corporate,Port Harcourt,08115966312,bunmi.umar@businessng.com,100000,Net 7,2022-02-24,Yes
CUST-03115,Apex Services Ltd,Oluwaseun Abdullahi,SME,Abuja,07061112516,oluwaseun.abdullahi@apexservic.com.ng,100000,Net 30,2019-01-04,Yes
CUST-03116,Platinum Enterprises,Mercy Fadipe,Corporate,Port Harcourt,08138552545,mercy.fadipe@gmail.com,500000,Net 7,2020-04-21,Yes
CUST-03117,Diamond Nigeria Ltd,Oluwaseun Fadahunsi,SME,Lagos,09078316711,oluwaseun.fadahunsi@diamondnig.com.ng,0,Immediate,2018-02-24,Yes
CUST-03118,Eagle Ventures,Ngozi Adeyemi,SME,Lagos,08121058521,ngozi.adeyemi@businessng.com,500000,Immediate,2021-08-31,Yes
CUST-03119,Urban Holdings,Adewale Nwachukwu,Corporate,Port Harcourt,08139847996,adewale.nwachukwu@gmail.com,100000,Net 30,2020-08-10,Yes
CUST-03120,Steel Enterprises,Amaka Mensah,Corporate,Port Harcourt,08059498003,amaka.mensah@yahoo.com,0,Immediate,2021-02-27,Yes
CUST-03121,Chinyere Fadipe,Chinyere Fadipe,Individual,Ibadan,08127731559,chinyere.fadipe@outlook.com,250000,Immediate,2020-10-02,Yes
CUST-03122,Capital Holdings,Ahmed Danjuma,SME,Port Harcourt,08122880198,ahmed.danjuma@capitalhol.com.ng,50000,Net 7,2018-03-17,Yes
CUST-03123,Federal Ventures,Kunle Abdullahi,Corporate,Ibadan,08118710198,kunle.abdullahi@businessng.com,100000,Net 7,2019-12-22,Yes
CUST-03124,Platinum Services Ltd,Ifeanyi Shehu,Corporate,Ibadan,07039807052,ifeanyi.shehu@hotmail.com,1000000,Net 30,2019-01-23,Yes
CUST-03125,Yusuf Fashola,Yusuf Fashola,Individual,Lagos,09019332195,yusuf.fashola@outlook.com,500000,Net 30,2019-08-01,Yes
CUST-03126,Future Trading Co,Happy Chukwu,Corporate,Lagos,08164945943,happy.chukwu@outlook.com,250000,Net 30,2022-03-20,Yes
CUST-03127,Bello Tinubu,Bello Tinubu,Individual,Lagos,08064357908,bello.tinubu@gmail.com,1000000,Net 30,2019-06-05,Yes
CUST-03128,Royal Ventures,Rotimi Akinwale,SME,Lagos,08128050267,rotimi.akinwale@royalventu.com.ng,500000,Net 7,2019-03-08,Yes
CUST-03129,Eagle Global Ltd,Fidelis Abubakar,Corporate,Ibadan,09079026055,fidelis.abubakar@eaglegloba.com.ng,50000,Immediate,2019-10-20,Yes
CUST-03130,Metro Group,Grace Fashola,SME,Lagos,08166526818,grace.fashola@businessng.com,100000,Net 7,2020-05-17,Yes
CUST-03131,Abuja Trading Co,Adewale Fashola,SME,Abuja,07039053977,adewale.fashola@abujatradi.com.ng,0,Immediate,2019-01-17,Yes
CUST-03132,Hamisu Olayemi,Hamisu Olayemi,Individual,Kano,08165871815,hamisu.olayemi@tradingco.ng,100000,Immediate,2020-07-14,Yes
CUST-03133,National Nigeria Ltd,Temitope Fashola,Corporate,Abuja,08118719030,temitope.fashola@nationalni.com.ng,250000,Net 14,2018-01-17,Yes
CUST-03134,Capital Ltd,Adeola Agboola,SME,Lagos,07069092582,adeola.agboola@tradingco.ng,1000000,Net 30,2022-01-24,Yes
CUST-03135,Eagle Enterprises,Obiora Umar,Corporate,Port Harcourt,07034551449,obiora.umar@outlook.com,1000000,Net 14,2019-02-27,Yes
CUST-03136,Eagle Group,Chukwudi Yusuf,Corporate,Abuja,07061531126,chukwudi.yusuf@businessng.com,500000,Net 7,2020-07-29,Yes
CUST-03137,Prime Global Ltd,Nuhu Garba,SME,Abuja,08127260583,nuhu.garba@hotmail.com,1000000,Net 14,2020-05-05,Yes
CUST-03138,Crown Holdings,Abosede Nwachukwu,SME,Kano,08058727784,abosede.nwachukwu@gmail.com,500000,Net 14,2019-10-27,Yes
CUST-03139,National Ventures,Faith Salami,Corporate,Port Harcourt,07035463116,faith.salami@businessng.com,0,Immediate,2022-05-29,Yes
CUST-03140,Urban Ventures,Olumide Umar,Corporate,Abuja,07034237187,olumide.umar@outlook.com,100000,Net 7,2018-08-23,Yes
CUST-03141,Central Trading Co,Akintunde Ogunleye,Corporate,Port Harcourt,08127973599,akintunde.ogunleye@centraltra.com.ng,500000,Immediate,2019-03-15,Yes
CUST-03142,Global Trading Co,Suleiman Adebayo,Corporate,Lagos,09072301306,suleiman.adebayo@gmail.com,0,Net 14,2022-01-07,Yes
CUST-03143,Steel Group,Akintunde Nwachukwu,Corporate,Abuja,08032552036,akintunde.nwachukwu@businessng.com,250000,Net 14,2022-09-20,Yes
CUST-03144,Future Group,Garba Okafor,Corporate,Lagos,08053729089,garba.okafor@gmail.com,50000,Immediate,2022-08-28,Yes
CUST-03145,Swift Enterprises,Kike Suleiman,Corporate,Port Harcourt,08165772963,kike.suleiman@gmail.com,250000,Immediate,2022-03-18,Yes
CUST-03146,Abuja Holdings,Ismail Musa,Corporate,Abuja,08036712992,ismail.musa@businessng.com,100000,Net 30,2021-11-04,Yes
CUST-03147,Eagle Ltd,Aminu Ibrahim,Corporate,Abuja,08126997357,aminu.ibrahim@gmail.com,250000,Net 7,2019-11-22,Yes
CUST-03148,Ade Fadahunsi,Ade Fadahunsi,Individual,Ibadan,08063974955,ade.fadahunsi@gmail.com,50000,Net 7,2019-08-20,Yes
CUST-03149,Eagle Holdings,Ifeanyi Wada,Corporate,Kano,08036661219,ifeanyi.wada@hotmail.com,100000,Immediate,2020-12-18,No
CUST-03150,Global Global Ltd,Zainab Aliyu,Corporate,Abuja,08057034034,zainab.aliyu@tradingco.ng,0,Net 7,2020-11-26,Yes
CUST-03151,Umar Adekunle,Umar Adekunle,Individual,Ibadan,07062955767,umar.adekunle@hotmail.com,1000000,Immediate,2021-09-27,Yes
CUST-03152,Star Group,Joy Adesanya,SME,Lagos,07033991066,joy.adesanya@yahoo.com,0,Immediate,2021-08-10,Yes
CUST-03153,Abuja Trading Co,Hassan Musa,Corporate,Lagos,07032848153,hassan.musa@outlook.com,0,Immediate,2019-03-20,Yes
CUST-03154,Elite Ventures,Jumoke Lawal,Corporate,Lagos,07033825424,jumoke.lawal@hotmail.com,100000,Net 7,2018-01-12,Yes
CUST-03155,Crown Services Ltd,Abiodun Lawal,Corporate,Lagos,08033552599,abiodun.lawal@gmail.com,500000,Net 14,2021-12-08,Yes
CUST-03156,Gold Holdings,Precious Ogundimu,SME,Abuja,08125987782,precious.ogundimu@goldholdin.com.ng,0,Net 7,2020-08-06,Yes
CUST-03157,Steel Group,Dele Taiwo,Corporate,Kano,08067985065,dele.taiwo@outlook.com,100000,Immediate,2019-10-04,Yes
CUST-03158,Apex Nigeria Ltd,Monday Aliyu,SME,Lagos,08162034085,monday.aliyu@apexnigeri.com.ng,100000,Net 7,2019-03-22,Yes
CUST-03159,Sade Ogunwale,Sade Ogunwale,Individual,Lagos,08165862368,sade.ogunwale@yahoo.com,500000,Net 14,2022-01-04,Yes
CUST-03160,Rotimi Agboola,Rotimi Agboola,Individual,Lagos,08053921842,rotimi.agboola@hotmail.com,250000,Immediate,2021-07-13,Yes
CUST-03161,Federal Solutions,Chukwuemeka Fashola,Corporate,Lagos,08168112060,chukwuemeka.fashola@hotmail.com,0,Net 30,2020-08-28,Yes
CUST-03162,Elite Ventures,Ibrahim Sanusi,Corporate,Ibadan,09079279443,ibrahim.sanusi@tradingco.ng,1000000,Net 30,2021-12-21,Yes
CUST-03163,Urban Services Ltd,Ramatu Ibrahim,SME,Lagos,08061666344,ramatu.ibrahim@hotmail.com,1000000,Net 14,2019-01-01,Yes
CUST-03164,Prime Group,Olumide Chukwu,Corporate,Lagos,08039271947,olumide.chukwu@yahoo.com,100000,Net 30,2022-07-06,Yes
CUST-03165,Power Solutions,Zainab Okafor,SME,Lagos,08059922954,zainab.okafor@powersolut.com.ng,1000000,Net 7,2021-04-30,Yes
CUST-03166,Bisi Salami,Bisi Salami,Individual,Ibadan,08166352982,bisi.salami@tradingco.ng,50000,Net 7,2021-02-11,Yes
CUST-03167,Central Ventures,Temitope Olawale,Corporate,Lagos,08054216257,temitope.olawale@tradingco.ng,1000000,Net 7,2022-05-11,Yes
CUST-03168,Prime Solutions,Grace Okonkwo,SME,Lagos,08114896493,grace.okonkwo@outlook.com,250000,Net 7,2018-06-11,Yes
CUST-03169,Summit Holdings,Peace Chukwu,Corporate,Port Harcourt,08124138788,peace.chukwu@tradingco.ng,0,Net 7,2019-10-15,Yes
CUST-03170,Kike Adegoke,Kike Adegoke,Individual,Lagos,07061114698,kike.adegoke@businessng.com,250000,Immediate,2020-10-12,Yes
CUST-03171,Heritage Ventures,Chidinma Agboola,SME,Lagos,08117702476,chidinma.agboola@yahoo.com,100000,Net 30,2020-02-13,Yes
CUST-03172,Eagle Global Ltd,Kike Adewale,Corporate,Kano,08036458551,kike.adewale@eaglegloba.com.ng,100000,Immediate,2021-06-05,No
CUST-03173,Joy Garba,Joy Garba,Individual,Abuja,07033874187,joy.garba@yahoo.com,100000,Net 14,2019-11-21,Yes
CUST-03174,Prime Group,Abiodun Bakare,Corporate,Kano,08066889117,abiodun.bakare@outlook.com,0,Net 30,2019-03-03,Yes
CUST-03175,Adaora Agbaje,Adaora Agbaje,Individual,Lagos,08037890755,adaora.agbaje@hotmail.com,100000,Net 14,2018-08-08,Yes
CUST-03176,National Holdings,Iyanuoluwa Badmus,Corporate,Ibadan,07061164692,iyanuoluwa.badmus@businessng.com,100000,Immediate,2019-05-31,Yes
CUST-03177,Bright Global Ltd,Fatima Ogundele,Corporate,Lagos,08138043228,fatima.ogundele@businessng.com,1000000,Net 30,2022-09-24,Yes
CUST-03178,Dynamic Global Ltd,Adaeze Lawal,Corporate,Port Harcourt,09072879666,adaeze.lawal@yahoo.com,500000,Immediate,2020-06-22,Yes
CUST-03179,Bello Umar,Bello Umar,Individual,Abuja,08116371348,bello.umar@yahoo.com,0,Immediate,2018-11-27,Yes
CUST-03180,Urban Global Ltd,Peace Adekunle,Corporate,Lagos,08066130694,peace.adekunle@urbangloba.com.ng,50000,Net 7,2018-08-04,Yes
CUST-03181,Platinum Group,Toluwani Chukwu,Corporate,Kano,07031442028,toluwani.chukwu@gmail.com,50000,Immediate,2020-11-09,Yes
CUST-03182,Capital Nigeria Ltd,Victor Adewale,Corporate,Port Harcourt,08031747129,victor.adewale@yahoo.com,0,Net 7,2019-09-16,Yes
CUST-03183,Iron Ltd,Ngozi Ogunwale,Corporate,Lagos,09075392118,ngozi.ogunwale@hotmail.com,0,Net 30,2021-07-23,Yes
CUST-03184,Elite Enterprises,Mercy Adebayo,SME,Ibadan,08065723605,mercy.adebayo@eliteenter.com.ng,500000,Net 30,2022-11-01,Yes
CUST-03185,Abuja Global Ltd,Ismail Fashola,Corporate,Port Harcourt,07039314378,ismail.fashola@outlook.com,50000,Net 7,2019-09-21,Yes
CUST-03186,Capital Nigeria Ltd,Segun Abubakar,Corporate,Lagos,08035936339,segun.abubakar@businessng.com,250000,Immediate,2018-05-15,Yes
CUST-03187,Federal Group,Adaora Nwachukwu,Corporate,Abuja,07068637240,adaora.nwachukwu@federalgro.com.ng,100000,Net 7,2018-04-07,No
CUST-03188,Oluwakemi Kehinde,Oluwakemi Kehinde,Individual,Lagos,08114892673,oluwakemi.kehinde@oluwakemik.com.ng,100000,Net 30,2022-03-27,Yes
CUST-03189,Urban Holdings,Titilayo Taiwo,Corporate,Ibadan,08069770031,titilayo.taiwo@businessng.com,500000,Net 30,2022-01-04,Yes
CUST-03190,Iron Group,Toyin Adekunle,SME,Lagos,08169390303,toyin.adekunle@hotmail.com,250000,Immediate,2018-09-21,Yes
CUST-03191,Steel Enterprises,Kelechi Olatunji,Corporate,Lagos,07039500660,kelechi.olatunji@hotmail.com,50000,Immediate,2019-07-18,Yes
CUST-03192,Future Trading Co,Sadiq Suleiman,Corporate,Abuja,09072417579,sadiq.suleiman@tradingco.ng,1000000,Net 30,2022-08-24,No
CUST-03193,Apex Services Ltd,Sola Aliyu,SME,Kano,08117756851,sola.aliyu@businessng.com,100000,Immediate,2019-05-23,Yes
CUST-03194,Central Group,Bello Ogundele,Corporate,Kano,08162779107,bello.ogundele@businessng.com,500000,Net 14,2019-05-04,Yes
CUST-03195,Capital Solutions,Bunmi Fashola,Corporate,Lagos,08124208029,bunmi.fashola@businessng.com,50000,Net 7,2020-07-06,Yes
CUST-03196,National Trading Co,Hauwa Okonkwo,Corporate,Lagos,08058651863,hauwa.okonkwo@gmail.com,50000,Immediate,2022-02-22,Yes
CUST-03197,Steel Trading Co,Godwin Shehu,Corporate,Port Harcourt,07034119075,godwin.shehu@gmail.com,1000000,Net 14,2020-01-06,Yes
CUST-03198,Bunmi Wada,Bunmi Wada,Individual,Lagos,08116362174,bunmi.wada@outlook.com,100000,Immediate,2020-07-10,No
CUST-03199,Folake Adegoke,Folake Adegoke,Individual,Abuja,09073763919,folake.adegoke@tradingco.ng,1000000,Net 7,2022-06-25,Yes
CUST-03200,Unity Ltd,Thompson Abubakar,SME,Lagos,08036206904,thompson.abubakar@hotmail.com,0,Immediate,2022-05-22,Yes
CUST-03201,Sade Bello,Sade Bello,Individual,Abuja,07069250720,sade.bello@sadebello.com.ng,1000000,Immediate,2019-07-27,Yes
CUST-03202,Platinum Holdings,Blessing Umar,SME,Abuja,08069754630,blessing.umar@hotmail.com,100000,Net 14,2018-11-02,Yes
CUST-03203,Urban Ltd,Godwin Musa,Corporate,Port Harcourt,07037952949,godwin.musa@hotmail.com,0,Immediate,2022-07-08,Yes
CUST-03204,Zenith Global Ltd,Chukwudi Adegoke,SME,Lagos,08136474399,chukwudi.adegoke@hotmail.com,0,Net 14,2021-09-12,Yes
CUST-03205,Steel Global Ltd,Damilola Salami,Corporate,Lagos,07037311721,damilola.salami@tradingco.ng,250000,Net 30,2021-09-08,Yes
CUST-03206,Star Solutions,Emmanuel Eze,SME,Lagos,09072696190,emmanuel.eze@businessng.com,250000,Net 30,2021-07-02,Yes
CUST-03207,Swift Solutions,Ade Akintoye,SME,Abuja,08035739729,ade.akintoye@businessng.com,500000,Immediate,2018-08-04,Yes
CUST-03208,Platinum Solutions,Adewale Mensah,SME,Lagos,08135151698,adewale.mensah@gmail.com,100000,Net 14,2021-11-12,Yes
CUST-03209,Swift Services Ltd,Chioma Ogundimu,Corporate,Abuja,08122353481,chioma.ogundimu@businessng.com,250000,Immediate,2018-02-14,Yes
CUST-03210,Abuja Global Ltd,Fatima Salami,SME,Ibadan,08136940807,fatima.salami@hotmail.com,1000000,Net 30,2019-08-30,Yes
CUST-03211,Vision Nigeria Ltd,Oluwatoyin Akinwale,Corporate,Port Harcourt,08113597713,oluwatoyin.akinwale@yahoo.com,0,Immediate,2022-08-10,Yes
CUST-03212,Royal Ventures,Chioma Fadahunsi,Corporate,Lagos,08113307012,chioma.fadahunsi@gmail.com,250000,Immediate,2020-09-28,Yes
CUST-03213,Global Ltd,Thompson Akintoye,SME,Lagos,07063157462,thompson.akintoye@yahoo.com,0,Net 14,2019-06-27,Yes
CUST-03214,Capital Global Ltd,Titi Fadipe,Corporate,Kano,07033283197,titi.fadipe@outlook.com,250000,Immediate,2018-09-11,Yes
CUST-03215,Fidelis Danjuma,Fidelis Danjuma,Individual,Ibadan,08126219107,fidelis.danjuma@outlook.com,1000000,Net 7,2020-04-26,Yes
CUST-03216,Vision Global Ltd,Kelechi Garba,Corporate,Abuja,07069981097,kelechi.garba@yahoo.com,250000,Net 7,2022-01-14,Yes
CUST-03217,Abuja Ventures,Amaka Ogunwale,Corporate,Kano,08116216787,amaka.ogunwale@gmail.com,50000,Net 7,2018-10-01,Yes
CUST-03218,National Group,Joy Abdullahi,SME,Kano,08034460371,joy.abdullahi@tradingco.ng,1000000,Net 14,2022-11-29,Yes
CUST-03219,Future Ltd,Chukwudi Ogunleye,Corporate,Abuja,07061764556,chukwudi.ogunleye@businessng.com,250000,Immediate,2021-04-14,Yes
CUST-03220,Kano Enterprises,Oluwatoyin Abdullahi,Corporate,Abuja,08135705988,oluwatoyin.abdullahi@tradingco.ng,1000000,Net 30,2020-10-05,Yes
CUST-03221,Hauwa Musa,Hauwa Musa,Individual,Lagos,08127551810,hauwa.musa@outlook.com,500000,Net 7,2018-03-11,Yes
CUST-03222,Star Holdings,Maryam Badmus,Corporate,Lagos,08059926699,maryam.badmus@businessng.com,500000,Net 7,2020-03-10,Yes
CUST-03223,Titilayo Agbaje,Titilayo Agbaje,Individual,Abuja,07067123790,titilayo.agbaje@businessng.com,50000,Net 30,2020-08-05,Yes
CUST-03224,Power Solutions,Damilola Bakare,SME,Port Harcourt,08051347249,damilola.bakare@powersolut.com.ng,0,Net 7,2018-09-06,Yes
CUST-03225,Capital Solutions,Ngozi Adegoke,Corporate,Abuja,08168299160,ngozi.adegoke@gmail.com,0,Net 30,2018-05-04,Yes
CUST-03226,Rotimi Fadahunsi,Rotimi Fadahunsi,Individual,Lagos,09011521470,rotimi.fadahunsi@hotmail.com,500000,Net 7,2020-03-24,Yes
CUST-03227,Metro Solutions,Ebunoluwa Balogun,Corporate,Lagos,08067614280,ebunoluwa.balogun@businessng.com,0,Net 7,2018-09-27,Yes
CUST-03228,Heritage Global Ltd,Hassan Bakare,Corporate,Port Harcourt,08119531474,hassan.bakare@heritagegl.com.ng,100000,Net 14,2018-11-13,Yes
CUST-03229,Platinum Nigeria Ltd,Oluwakemi Kehinde,Corporate,Abuja,08125439172,oluwakemi.kehinde@platinumni.com.ng,250000,Net 14,2019-11-20,Yes
CUST-03230,Steel Trading Co,Kike Falode,Corporate,Lagos,08138526684,kike.falode@tradingco.ng,50000,Immediate,2020-10-06,Yes
CUST-03231,Bright Services Ltd,Adeola Agboola,SME,Ibadan,08069876550,adeola.agboola@yahoo.com,50000,Net 7,2021-10-30,Yes
CUST-03232,Global Holdings,Femi Eze,SME,Port Harcourt,08138982549,femi.eze@hotmail.com,0,Net 30,2020-04-16,Yes
CUST-03233,Prime Solutions,Godwin Taiwo,Corporate,Ibadan,08056643124,godwin.taiwo@tradingco.ng,100000,Immediate,2018-06-15,Yes
CUST-03234,Royal Ltd,Temitope Ogundimu,Corporate,Lagos,08033279306,temitope.ogundimu@tradingco.ng,50000,Net 7,2018-03-19,Yes
CUST-03235,Power Enterprises,Adeola Fadahunsi,Corporate,Kano,08138421458,adeola.fadahunsi@businessng.com,250000,Net 30,2020-09-13,Yes
CUST-03236,Vision Solutions,Kunle Falode,Corporate,Lagos,08168663942,kunle.falode@yahoo.com,1000000,Net 7,2022-01-05,Yes
CUST-03237,Bashir Adewale,Bashir Adewale,Individual,Ibadan,08124139132,bashir.adewale@gmail.com,100000,Immediate,2018-03-26,Yes
CUST-03238,Iron Enterprises,Garba Adeyemi,SME,Lagos,07034249915,garba.adeyemi@tradingco.ng,1000000,Net 14,2021-11-28,Yes
CUST-03239,Future Global Ltd,Faith Taiwo,Corporate,Abuja,08067059799,faith.taiwo@outlook.com,250000,Net 7,2018-08-17,Yes
CUST-03240,Elite Nigeria Ltd,Funmilayo Adeyemi,SME,Kano,09014724228,funmilayo.adeyemi@gmail.com,1000000,Net 14,2018-04-16,Yes
CUST-03241,Iron Global Ltd,Oluwaseun Obi,SME,Lagos,08138991562,oluwaseun.obi@yahoo.com,100000,Immediate,2022-02-28,Yes
CUST-03242,Steel Group,Amaka Sanusi,Corporate,Kano,08111449635,amaka.sanusi@steelgroup.com.ng,50000,Net 30,2021-01-19,Yes
CUST-03243,Metro Enterprises,Chukwuemeka Faleye,Corporate,Lagos,08039012615,chukwuemeka.faleye@gmail.com,50000,Immediate,2020-12-05,Yes
CUST-03244,Vision Ventures,Khadija Okafor,Corporate,Abuja,08033204608,khadija.okafor@yahoo.com,50000,Immediate,2022-07-23,Yes
CUST-03245,Capital Services Ltd,Khadija Aliyu,SME,Kano,08034316868,khadija.aliyu@yahoo.com,50000,Immediate,2022-08-05,Yes
CUST-03246,Kano Nigeria Ltd,Damilola Adekunle,Corporate,Abuja,07061197757,damilola.adekunle@yahoo.com,1000000,Net 14,2018-09-07,Yes
CUST-03247,Platinum Services Ltd,Adewale Adebayo,SME,Port Harcourt,07069651579,adewale.adebayo@tradingco.ng,250000,Net 14,2019-11-29,Yes
CUST-03248,Crown Solutions,Chidinma Olayemi,Corporate,Lagos,08035977397,chidinma.olayemi@crownsolut.com.ng,250000,Net 7,2019-05-24,Yes
CUST-03249,Precious Musa,Precious Musa,Individual,Abuja,08138471112,precious.musa@yahoo.com,500000,Net 30,2019-11-26,Yes
CUST-03250,Musa Sanusi,Musa Sanusi,Individual,Lagos,08036175175,musa.sanusi@businessng.com,50000,Net 14,2022-04-17,Yes
CUST-03251,Adaeze Kehinde,Adaeze Kehinde,Individual,Lagos,08053453442,adaeze.kehinde@gmail.com,250000,Net 30,2019-06-19,Yes
CUST-03252,Kano Nigeria Ltd,Musa Faleye,Corporate,Abuja,08058535192,musa.faleye@outlook.com,0,Net 30,2021-02-12,Yes
CUST-03253,Faith Ogundimu,Faith Ogundimu,Individual,Port Harcourt,07069940552,faith.ogundimu@outlook.com,250000,Net 14,2021-06-24,Yes
CUST-03254,Platinum Services Ltd,Adewale Akintoye,SME,Port Harcourt,08138193927,adewale.akintoye@outlook.com,0,Net 30,2021-07-03,Yes
CUST-03255,Global Services Ltd,Mercy Falode,Corporate,Abuja,08032216000,mercy.falode@yahoo.com,100000,Net 7,2022-12-05,Yes
CUST-03256,Zainab Shehu,Zainab Shehu,Individual,Port Harcourt,08129749939,zainab.shehu@yahoo.com,100000,Net 7,2020-06-17,Yes
CUST-03257,Kano Ltd,Sola Adebayo,Corporate,Abuja,08114370644,sola.adebayo@hotmail.com,100000,Immediate,2022-07-01,Yes
CUST-03258,Dynamic Holdings,Bola Akintoye,SME,Port Harcourt,08123341457,bola.akintoye@businessng.com,0,Net 7,2021-09-30,No
CUST-03259,Urban Nigeria Ltd,Nnamdi Eze,Corporate,Lagos,07067532916,nnamdi.eze@hotmail.com,50000,Immediate,2018-11-13,Yes
CUST-03260,Olumide Olawale,Olumide Olawale,Individual,Lagos,09019488389,olumide.olawale@businessng.com,500000,Net 14,2022-06-02,Yes
CUST-03261,Heritage Enterprises,Suleiman Obi,Corporate,Lagos,08057386372,suleiman.obi@gmail.com,0,Immediate,2022-11-28,Yes
CUST-03262,Prime Global Ltd,Mercy Eze,Corporate,Lagos,08165507497,mercy.eze@gmail.com,50000,Net 30,2019-11-24,Yes
CUST-03263,Vision Holdings,Biodun Olayemi,SME,Ibadan,09075478972,biodun.olayemi@visionhold.com.ng,1000000,Net 30,2022-11-09,No
CUST-03264,Prime Holdings,Ngozi Agbaje,SME,Lagos,08039367127,ngozi.agbaje@outlook.com,250000,Immediate,2022-08-31,Yes
CUST-03265,Star Solutions,Dele Adebayo,Corporate,Ibadan,08122331185,dele.adebayo@tradingco.ng,1000000,Net 30,2019-09-25,Yes
CUST-03266,Summit Holdings,Garba Olawale,SME,Lagos,09078691206,garba.olawale@hotmail.com,50000,Immediate,2020-01-03,Yes
CUST-03267,Ramatu Adeyemi,Ramatu Adeyemi,Individual,Lagos,07037285689,ramatu.adeyemi@businessng.com,500000,Net 30,2020-05-28,Yes
CUST-03268,Urban Solutions,Musa Salami,SME,Lagos,07033857829,musa.salami@hotmail.com,500000,Net 14,2019-04-24,Yes
CUST-03269,Ade Bello,Ade Bello,Individual,Ibadan,08129440838,ade.bello@adebello.com.ng,250000,Net 7,2020-05-06,Yes
CUST-03270,Summit Enterprises,Adeola Olatunji,Corporate,Lagos,08164670901,adeola.olatunji@summitente.com.ng,500000,Net 7,2018-09-09,Yes
CUST-03271,Chukwuemeka Adegoke,Chukwuemeka Adegoke,Individual,Lagos,08163325526,chukwuemeka.adegoke@tradingco.ng,1000000,Immediate,2019-08-16,Yes
CUST-03272,Blessing Suleiman,Blessing Suleiman,Individual,Lagos,08058606442,blessing.suleiman@businessng.com,250000,Immediate,2020-01-15,Yes
CUST-03273,Diamond Holdings,Adaora Agboola,SME,Lagos,07036295740,adaora.agboola@hotmail.com,500000,Net 7,2021-03-27,Yes
CUST-03274,Hamisu Kehinde,Hamisu Kehinde,Individual,Lagos,07068384847,hamisu.kehinde@tradingco.ng,250000,Net 30,2022-05-31,Yes
CUST-03275,Platinum Holdings,Sade Abdullahi,SME,Abuja,07039064101,sade.abdullahi@hotmail.com,0,Net 14,2018-09-15,Yes
CUST-03276,Platinum Solutions,Chinyere Fashola,SME,Lagos,07064104547,chinyere.fashola@gmail.com,250000,Net 14,2018-05-08,Yes
CUST-03277,Central Services Ltd,Grace Fashola,SME,Lagos,09017049743,grace.fashola@outlook.com,1000000,Net 14,2018-10-18,Yes
CUST-03278,Ngozi Osei,Ngozi Osei,Individual,Port Harcourt,09077070254,ngozi.osei@tradingco.ng,0,Net 30,2021-05-28,Yes
CUST-03279,Platinum Solutions,Adeola Obi,SME,Lagos,08037373723,adeola.obi@businessng.com,250000,Net 7,2019-09-18,Yes
CUST-03280,Federal Enterprises,Abosede Olayemi,Corporate,Lagos,07035146853,abosede.olayemi@gmail.com,50000,Immediate,2021-01-19,Yes
CUST-03281,Federal Ltd,Abubakar Bakare,Corporate,Lagos,08062879690,abubakar.bakare@businessng.com,500000,Net 14,2021-10-01,Yes
CUST-03282,Vision Group,Khadija Suleiman,SME,Kano,09016365061,khadija.suleiman@outlook.com,50000,Net 14,2019-12-30,Yes
CUST-03283,Abuja Global Ltd,Chioma Wada,Corporate,Abuja,08128674889,chioma.wada@outlook.com,100000,Net 30,2021-12-19,Yes
CUST-03284,Elite Trading Co,Aliyu Osei,SME,Abuja,08065052299,aliyu.osei@outlook.com,100000,Net 30,2020-05-18,Yes
CUST-03285,Power Trading Co,Fatima Taiwo,Corporate,Abuja,08115199941,fatima.taiwo@gmail.com,250000,Net 7,2019-11-01,Yes
CUST-03286,Royal Holdings,Adaeze Yusuf,Corporate,Lagos,07038123072,adaeze.yusuf@royalholdi.com.ng,100000,Net 30,2020-05-12,Yes
CUST-03287,Kano Enterprises,Sadiq Nwachukwu,Corporate,Abuja,09077071466,sadiq.nwachukwu@businessng.com,0,Net 30,2021-04-23,Yes
CUST-03288,Star Nigeria Ltd,Ngozi Adeniyi,SME,Lagos,08139295548,ngozi.adeniyi@businessng.com,0,Immediate,2021-10-23,Yes
CUST-03289,Bunmi Agbaje,Bunmi Agbaje,Individual,Lagos,08034151981,bunmi.agbaje@bunmiagbaj.com.ng,1000000,Net 30,2018-11-22,Yes
CUST-03290,Eagle Ventures,Kayode Sanusi,Corporate,Lagos,08115597229,kayode.sanusi@outlook.com,1000000,Net 30,2018-12-18,Yes
CUST-03291,Bright Ltd,Lola Yusuf,Corporate,Lagos,08056646903,lola.yusuf@hotmail.com,250000,Net 7,2021-07-18,Yes
CUST-03292,Bright Solutions,Fidelis Shehu,Corporate,Lagos,08137430050,fidelis.shehu@yahoo.com,100000,Net 7,2021-10-11,Yes
CUST-03293,Star Services Ltd,Sola Adeyemi,Corporate,Lagos,07069842479,sola.adeyemi@businessng.com,100000,Immediate,2021-10-09,Yes
CUST-03294,Heritage Global Ltd,Adewale Tinubu,Corporate,Ibadan,07061826617,adewale.tinubu@hotmail.com,100000,Net 14,2018-01-30,No
CUST-03295,Central Ltd,Thompson Chukwu,Corporate,Kano,08118811985,thompson.chukwu@gmail.com,50000,Net 14,2019-07-07,Yes
CUST-03296,Zenith Services Ltd,Abosede Mensah,Corporate,Abuja,08063917394,abosede.mensah@yahoo.com,1000000,Net 14,2021-12-09,Yes
CUST-03297,Metro Global Ltd,Biodun Salami,SME,Abuja,08056949183,biodun.salami@outlook.com,100000,Net 30,2020-03-25,Yes
CUST-03298,Metro Global Ltd,Titilayo Adebayo,Corporate,Lagos,07066200679,titilayo.adebayo@metrogloba.com.ng,0,Net 14,2020-08-16,Yes
CUST-03299,Crown Group,Garba Adewale,Corporate,Port Harcourt,08164643269,garba.adewale@businessng.com,500000,Net 7,2021-05-28,Yes
CUST-03300,Unity Nigeria Ltd,Obiora Lawal,Corporate,Lagos,08032647890,obiora.lawal@yahoo.com,100000,Net 7,2021-07-27,Yes
CUST-03301,Future Trading Co,Ngozi Adesanya,SME,Lagos,07038490408,ngozi.adesanya@hotmail.com,50000,Net 7,2021-12-14,Yes
CUST-03302,Prime Global Ltd,Oluwaseun Fashola,SME,Abuja,08062839491,oluwaseun.fashola@yahoo.com,250000,Net 14,2021-05-12,Yes
CUST-03303,Hadiza Adegoke,Hadiza Adegoke,Individual,Lagos,07034032644,hadiza.adegoke@gmail.com,1000000,Immediate,2020-05-13,Yes
CUST-03304,Gbenga Abubakar,Gbenga Abubakar,Individual,Abuja,08116455993,gbenga.abubakar@gbengaabub.com.ng,0,Immediate,2018-01-08,Yes
CUST-03305,Lagos Global Ltd,Hauwa Nwachukwu,Corporate,Abuja,07035867093,hauwa.nwachukwu@outlook.com,50000,Net 7,2022-03-14,No
CUST-03306,Bright Enterprises,Peace Mensah,Corporate,Port Harcourt,08031945805,peace.mensah@hotmail.com,1000000,Net 7,2018-12-05,Yes
CUST-03307,Vision Enterprises,Kike Ogundimu,Corporate,Abuja,09071787813,kike.ogundimu@businessng.com,1000000,Net 30,2021-01-21,Yes
CUST-03308,Global Global Ltd,Chioma Ibrahim,SME,Kano,07064658227,chioma.ibrahim@gmail.com,0,Immediate,2021-04-19,Yes
CUST-03309,Unity Group,Ismail Adekunle,Corporate,Kano,08058983343,ismail.adekunle@hotmail.com,100000,Net 14,2020-04-04,Yes
CUST-03310,Heritage Services Ltd,Adaora Adeniyi,Corporate,Port Harcourt,08035048832,adaora.adeniyi@outlook.com,100000,Net 30,2021-07-30,Yes
CUST-03311,Diamond Group,Gbenga Lawal,Corporate,Port Harcourt,08117930821,gbenga.lawal@businessng.com,500000,Net 14,2022-08-12,No
CUST-03312,Umar Musa,Umar Musa,Individual,Abuja,08166585083,umar.musa@gmail.com,250000,Net 14,2020-10-10,Yes
CUST-03313,Capital Nigeria Ltd,Nneka Bakare,SME,Ibadan,09017641819,nneka.bakare@capitalnig.com.ng,1000000,Net 30,2020-01-06,Yes
CUST-03314,Silver Ltd,Peace Adewale,Corporate,Lagos,08114836380,peace.adewale@tradingco.ng,50000,Net 30,2022-03-04,Yes
CUST-03315,Abuja Trading Co,Gbenga Olatunji,Corporate,Lagos,08113343303,gbenga.olatunji@gmail.com,0,Net 7,2019-01-12,Yes
CUST-03316,Future Group,Ifeoma Agboola,Corporate,Abuja,08127178480,ifeoma.agboola@businessng.com,1000000,Net 7,2020-07-17,Yes
CUST-03317,Silver Ltd,Bayo Ogundele,Corporate,Lagos,08065777147,bayo.ogundele@yahoo.com,250000,Net 14,2019-03-15,Yes
CUST-03318,Eagle Global Ltd,Nuhu Adeniyi,Corporate,Abuja,08134002078,nuhu.adeniyi@eaglegloba.com.ng,500000,Net 7,2018-09-07,Yes
CUST-03319,Suleiman Fadahunsi,Suleiman Fadahunsi,Individual,Lagos,07034190898,suleiman.fadahunsi@suleimanfa.com.ng,50000,Net 7,2021-05-28,Yes
CUST-03320,Adaeze Mensah,Adaeze Mensah,Individual,Port Harcourt,08116127318,adaeze.mensah@adaezemens.com.ng,250000,Net 7,2021-02-14,Yes
CUST-03321,Future Global Ltd,Obiora Badmus,SME,Kano,08038849014,obiora.badmus@futureglob.com.ng,50000,Net 14,2022-03-20,Yes
CUST-03322,Apex Ltd,Folake Kehinde,SME,Abuja,09073614377,folake.kehinde@outlook.com,100000,Net 30,2020-06-01,Yes
CUST-03323,Happy Umar,Happy Umar,Individual,Kano,08168238187,happy.umar@tradingco.ng,0,Net 14,2019-03-07,Yes
CUST-03324,Blessing Adesanya,Blessing Adesanya,Individual,Ibadan,07061275145,blessing.adesanya@blessingad.com.ng,100000,Net 14,2021-04-01,Yes
CUST-03325,Metro Enterprises,Chiamaka Adekunle,Corporate,Abuja,08053455225,chiamaka.adekunle@yahoo.com,50000,Net 14,2020-07-06,No
CUST-03326,Heritage Holdings,Ifeanyi Chukwu,SME,Kano,08123779093,ifeanyi.chukwu@hotmail.com,0,Net 14,2020-08-15,Yes
CUST-03327,Godwin Kehinde,Godwin Kehinde,Individual,Lagos,07035217885,godwin.kehinde@hotmail.com,250000,Net 30,2018-08-04,Yes
CUST-03328,Diamond Nigeria Ltd,Chioma Umar,SME,Kano,08037348974,chioma.umar@businessng.com,500000,Net 30,2018-12-12,Yes
CUST-03329,Metro Ventures,Grace Yusuf,SME,Lagos,07035204037,grace.yusuf@metroventu.com.ng,100000,Immediate,2022-03-25,Yes
CUST-03330,Vision Holdings,Ifeoma Ogunleye,Corporate,Lagos,08166028059,ifeoma.ogunleye@outlook.com,0,Net 7,2021-11-25,Yes
CUST-03331,Federal Trading Co,Iyanuoluwa Bello,SME,Lagos,08067627705,iyanuoluwa.bello@federaltra.com.ng,1000000,Net 7,2019-07-03,Yes
CUST-03332,Global Services Ltd,Peace Osei,Corporate,Abuja,08125155754,peace.osei@tradingco.ng,500000,Immediate,2018-07-06,No
CUST-03333,Eagle Holdings,Femi Badmus,Corporate,Lagos,08069408308,femi.badmus@businessng.com,100000,Net 7,2018-03-05,Yes
CUST-03334,Capital Enterprises,Dele Olayemi,Corporate,Lagos,08064268996,dele.olayemi@yahoo.com,250000,Net 7,2021-10-22,Yes
CUST-03335,Dynamic Nigeria Ltd,Chidinma Olayemi,SME,Lagos,09011763389,chidinma.olayemi@yahoo.com,50000,Immediate,2021-01-29,Yes
CUST-03336,Royal Enterprises,Ronke Okafor,Corporate,Kano,07061304805,ronke.okafor@businessng.com,50000,Immediate,2021-09-20,No
CUST-03337,Gold Ventures,Toyin Fadahunsi,Corporate,Port Harcourt,08031130905,toyin.fadahunsi@tradingco.ng,0,Immediate,2021-09-05,Yes
CUST-03338,Global Enterprises,Obiora Akinwale,Corporate,Lagos,07039885199,obiora.akinwale@yahoo.com,100000,Net 7,2022-05-25,Yes
CUST-03339,Vision Solutions,Adaora Abdullahi,Corporate,Ibadan,09016107738,adaora.abdullahi@hotmail.com,500000,Immediate,2018-08-21,Yes
CUST-03340,Iron Ltd,Victor Yusuf,SME,Lagos,09013359406,victor.yusuf@ironltd.com.ng,50000,Immediate,2022-09-25,Yes
CUST-03341,Zenith Trading Co,Babatunde Falode,Corporate,Ibadan,08165748492,babatunde.falode@tradingco.ng,1000000,Immediate,2019-01-02,Yes
CUST-03342,Kayode Akinwale,Kayode Akinwale,Individual,Port Harcourt,08031419550,kayode.akinwale@outlook.com,500000,Net 7,2018-12-31,Yes
CUST-03343,Power Enterprises,Kelechi Obi,Corporate,Port Harcourt,09017448833,kelechi.obi@yahoo.com,100000,Net 7,2021-09-04,Yes
CUST-03344,Crown Holdings,Tunde Obi,Corporate,Abuja,08126810325,tunde.obi@tradingco.ng,100000,Net 7,2020-12-19,No
CUST-03345,Apex Nigeria Ltd,Femi Akinwale,SME,Ibadan,08067725840,femi.akinwale@hotmail.com,500000,Immediate,2018-08-20,Yes
CUST-03346,Mercy Adewale,Mercy Adewale,Individual,Lagos,08121118435,mercy.adewale@yahoo.com,100000,Immediate,2019-11-14,Yes
CUST-03347,Platinum Services Ltd,Hauwa Salami,Corporate,Lagos,08033862731,hauwa.salami@yahoo.com,0,Net 14,2018-06-21,Yes
CUST-03348,Kano Ltd,Oluwatoyin Fadipe,Corporate,Abuja,08162301973,oluwatoyin.fadipe@kanoltd.com.ng,500000,Net 14,2022-05-16,Yes
CUST-03349,Iron Group,Ismail Wada,Corporate,Lagos,08039851956,ismail.wada@outlook.com,500000,Net 14,2018-12-02,Yes
CUST-03350,Star Global Ltd,Lola Ogundele,SME,Abuja,09075202748,lola.ogundele@hotmail.com,250000,Net 30,2018-04-12,No
CUST-03351,Yusuf Fadipe,Yusuf Fadipe,Individual,Lagos,08038541460,yusuf.fadipe@hotmail.com,100000,Net 14,2022-08-29,Yes
CUST-03352,Vision Ltd,Blessing Obi,Corporate,Lagos,09013741742,blessing.obi@hotmail.com,50000,Net 30,2021-08-06,Yes
CUST-03353,Dynamic Ventures,Fatima Agboola,Corporate,Lagos,08064963753,fatima.agboola@yahoo.com,0,Net 14,2018-08-10,Yes
CUST-03354,Lagos Ltd,Emeka Bakare,Corporate,Abuja,08167431574,emeka.bakare@lagosltd.com.ng,0,Immediate,2021-06-19,Yes
CUST-03355,Heritage Ltd,Suleiman Okonkwo,Corporate,Abuja,07062077365,suleiman.okonkwo@gmail.com,1000000,Net 30,2021-07-30,Yes
CUST-03356,Summit Services Ltd,Ronke Badmus,Corporate,Lagos,08117591382,ronke.badmus@outlook.com,500000,Net 14,2022-07-21,Yes
CUST-03357,Elite Nigeria Ltd,Blessing Olawale,Corporate,Lagos,07031939699,blessing.olawale@hotmail.com,1000000,Immediate,2019-09-23,Yes
CUST-03358,Federal Trading Co,Mercy Kehinde,Corporate,Port Harcourt,09073021156,mercy.kehinde@federaltra.com.ng,0,Immediate,2018-07-24,No
CUST-03359,Urban Holdings,Aisha Yusuf,Corporate,Abuja,09017980880,aisha.yusuf@gmail.com,500000,Net 14,2018-09-22,Yes
CUST-03360,Prime Ventures,Ngozi Bello,SME,Lagos,08068547238,ngozi.bello@hotmail.com,100000,Net 14,2018-06-03,Yes
CUST-03361,Global Trading Co,Adaeze Fashola,Corporate,Lagos,07036872139,adaeze.fashola@yahoo.com,100000,Net 30,2020-10-30,Yes
CUST-03362,Vision Global Ltd,Folake Taiwo,Corporate,Ibadan,08131995202,folake.taiwo@visionglob.com.ng,100000,Net 7,2020-12-25,Yes
CUST-03363,Fatima Abdullahi,Fatima Abdullahi,Individual,Abuja,09013930168,fatima.abdullahi@hotmail.com,50000,Net 7,2019-03-17,Yes
CUST-03364,Jumoke Adeniyi,Jumoke Adeniyi,Individual,Port Harcourt,08033741549,jumoke.adeniyi@tradingco.ng,100000,Immediate,2022-07-29,Yes
CUST-03365,Platinum Global Ltd,Abubakar Ogundimu,Corporate,Port Harcourt,08129866902,abubakar.ogundimu@outlook.com,250000,Net 14,2020-12-29,Yes
CUST-03366,Federal Ventures,Titilayo Kehinde,SME,Kano,08166353527,titilayo.kehinde@tradingco.ng,250000,Net 14,2018-09-26,Yes
CUST-03367,Silver Services Ltd,Bashir Osei,SME,Abuja,08133609207,bashir.osei@hotmail.com,50000,Net 14,2022-11-10,Yes
CUST-03368,Diamond Enterprises,Akintunde Umar,Corporate,Lagos,08067895627,akintunde.umar@hotmail.com,50000,Net 7,2019-07-08,No
CUST-03369,Kayode Suleiman,Kayode Suleiman,Individual,Lagos,08067281373,kayode.suleiman@hotmail.com,1000000,Net 7,2019-06-08,Yes
CUST-03370,Gold Enterprises,Funmilayo Adewale,Corporate,Kano,09078039553,funmilayo.adewale@yahoo.com,50000,Net 7,2020-01-17,Yes
CUST-03371,Capital Group,Musa Garba,Corporate,Port Harcourt,08066141927,musa.garba@yahoo.com,100000,Net 14,2018-10-29,Yes
CUST-03372,Lagos Ventures,Segun Adegoke,Corporate,Lagos,07036577582,segun.adegoke@hotmail.com,1000000,Net 14,2018-12-08,No
CUST-03373,Heritage Enterprises,Ahmed Olawale,SME,Port Harcourt,07037351273,ahmed.olawale@yahoo.com,500000,Immediate,2020-01-22,Yes
CUST-03374,Silver Solutions,Nuhu Aliyu,Corporate,Ibadan,09013913153,nuhu.aliyu@outlook.com,1000000,Net 30,2019-08-14,Yes
CUST-03375,Global Group,Funmilayo Suleiman,SME,Lagos,08119863607,funmilayo.suleiman@hotmail.com,100000,Immediate,2020-01-08,Yes
CUST-03376,Royal Solutions,Adewale Adegoke,Corporate,Abuja,08112263230,adewale.adegoke@businessng.com,500000,Net 7,2022-10-21,Yes
CUST-03377,Faith Okafor,Faith Okafor,Individual,Lagos,08036697615,faith.okafor@hotmail.com,500000,Net 7,2019-06-17,Yes
CUST-03378,Emeka Okonkwo,Emeka Okonkwo,Individual,Abuja,08063354078,emeka.okonkwo@outlook.com,250000,Net 14,2019-05-04,No
CUST-03379,Mercy Fadahunsi,Mercy Fadahunsi,Individual,Abuja,08136176417,mercy.fadahunsi@yahoo.com,1000000,Immediate,2022-08-03,Yes
CUST-03380,Zenith Holdings,Sola Fadahunsi,Corporate,Abuja,08127530639,sola.fadahunsi@gmail.com,1000000,Immediate,2020-02-13,Yes
CUST-03381,Heritage Ventures,Fatima Agbaje,SME,Lagos,08132071418,fatima.agbaje@heritageve.com.ng,250000,Immediate,2020-03-01,Yes
CUST-03382,Ngozi Osei,Ngozi Osei,Individual,Lagos,09012401310,ngozi.osei@outlook.com,500000,Immediate,2018-07-29,Yes
CUST-03383,Elite Nigeria Ltd,Aliyu Adeyemi,Corporate,Abuja,08031027644,aliyu.adeyemi@outlook.com,0,Net 7,2020-09-11,Yes
CUST-03384,Unity Nigeria Ltd,Blessing Obi,SME,Lagos,08037561748,blessing.obi@gmail.com,100000,Net 14,2018-10-16,Yes
CUST-03385,Gold Holdings,Akintunde Adegoke,SME,Kano,08128594351,akintunde.adegoke@goldholdin.com.ng,100000,Net 7,2018-03-08,Yes
CUST-03386,Abuja Enterprises,Musa Mensah,Corporate,Lagos,08051232204,musa.mensah@tradingco.ng,250000,Net 7,2022-09-21,Yes
CUST-03387,Platinum Nigeria Ltd,Dele Lawal,SME,Port Harcourt,07067177606,dele.lawal@yahoo.com,500000,Net 14,2022-02-24,Yes
CUST-03388,Metro Holdings,Folake Danjuma,SME,Lagos,09019453083,folake.danjuma@yahoo.com,500000,Net 7,2018-02-28,Yes
CUST-03389,Metro Ventures,Toyin Adeniyi,SME,Port Harcourt,09074506027,toyin.adeniyi@hotmail.com,250000,Net 30,2018-02-02,Yes
CUST-03390,Prime Group,Bunmi Fadahunsi,Corporate,Kano,08165573373,bunmi.fadahunsi@tradingco.ng,1000000,Immediate,2019-10-11,Yes
CUST-03391,Federal Group,Temitope Olatunji,Corporate,Abuja,08033237541,temitope.olatunji@federalgro.com.ng,100000,Net 30,2021-06-21,Yes
CUST-03392,Silver Global Ltd,Bisi Lawal,Corporate,Abuja,07038851786,bisi.lawal@hotmail.com,0,Net 30,2019-10-31,Yes
CUST-03393,Central Solutions,Tunde Ibrahim,Corporate,Lagos,08053771505,tunde.ibrahim@tradingco.ng,50000,Net 30,2019-09-29,Yes
CUST-03394,Unity Solutions,Chioma Ogunleye,Corporate,Lagos,08125922343,chioma.ogunleye@gmail.com,500000,Net 14,2022-05-30,Yes
CUST-03395,Federal Group,Aliyu Akintoye,Corporate,Lagos,07035096527,aliyu.akintoye@hotmail.com,250000,Net 14,2018-03-19,Yes
CUST-03396,Adeola Abdullahi,Adeola Abdullahi,Individual,Ibadan,07068696504,adeola.abdullahi@yahoo.com,250000,Net 14,2021-02-21,No
CUST-03397,Future Nigeria Ltd,Bunmi Agbaje,Corporate,Lagos,08136552550,bunmi.agbaje@businessng.com,1000000,Net 14,2020-05-08,Yes
CUST-03398,Vision Enterprises,Tunde Taiwo,SME,Lagos,09013938627,tunde.taiwo@visionente.com.ng,100000,Net 30,2019-11-03,Yes
CUST-03399,Urban Solutions,Damilola Falode,Corporate,Port Harcourt,08121884752,damilola.falode@yahoo.com,0,Net 7,2021-09-23,Yes
CUST-03400,Zenith Ltd,Zainab Abubakar,SME,Kano,07032504517,zainab.abubakar@outlook.com,500000,Immediate,2018-09-21,Yes
CUST-03401,Aminu Olatunji,Aminu Olatunji,Individual,Lagos,09016371452,aminu.olatunji@yahoo.com,1000000,Net 14,2018-05-22,Yes
CUST-03402,Diamond Global Ltd,Fidelis Faleye,SME,Lagos,08135770101,fidelis.faleye@hotmail.com,0,Net 14,2018-09-25,No
CUST-03403,Star Trading Co,Toluwani Okonkwo,Corporate,Abuja,08131376178,toluwani.okonkwo@hotmail.com,50000,Net 7,2019-06-24,Yes
CUST-03404,Urban Trading Co,Emeka Ogunleye,SME,Abuja,08168530009,emeka.ogunleye@yahoo.com,500000,Net 7,2021-08-25,Yes
CUST-03405,Global Trading Co,Happy Nwachukwu,SME,Lagos,07032718148,happy.nwachukwu@tradingco.ng,500000,Immediate,2020-09-12,Yes
CUST-03406,National Ltd,Amaka Chukwu,Corporate,Abuja,07065896857,amaka.chukwu@outlook.com,0,Net 14,2019-05-27,Yes
CUST-03407,Apex Ventures,Amaka Taiwo,Corporate,Lagos,08064733234,amaka.taiwo@hotmail.com,500000,Immediate,2022-02-06,Yes
CUST-03408,Silver Services Ltd,Babatunde Olayemi,Corporate,Ibadan,08059366306,babatunde.olayemi@hotmail.com,250000,Net 30,2019-05-07,Yes
CUST-03409,Power Group,Folake Akinwale,Corporate,Lagos,07061975973,folake.akinwale@yahoo.com,100000,Immediate,2021-06-10,Yes
CUST-03410,Abosede Shehu,Abosede Shehu,Individual,Ibadan,08062809903,abosede.shehu@gmail.com,50000,Net 30,2021-07-02,Yes
CUST-03411,Star Trading Co,Bola Eze,Corporate,Kano,08134223585,bola.eze@tradingco.ng,50000,Net 7,2021-08-29,Yes
CUST-03412,Suleiman Kehinde,Suleiman Kehinde,Individual,Lagos,07039724513,suleiman.kehinde@outlook.com,100000,Immediate,2020-08-09,Yes
CUST-03413,Platinum Enterprises,Garba Suleiman,Corporate,Abuja,08037467737,garba.suleiman@hotmail.com,100000,Immediate,2019-10-18,Yes
CUST-03414,Heritage Trading Co,Thompson Bakare,Corporate,Abuja,08053637152,thompson.bakare@gmail.com,250000,Net 14,2021-02-25,Yes
CUST-03415,Steel Global Ltd,Ebunoluwa Fashola,SME,Lagos,08135729054,ebunoluwa.fashola@gmail.com,250000,Net 14,2022-08-17,Yes
CUST-03416,Bello Adesanya,Bello Adesanya,Individual,Lagos,08134840133,bello.adesanya@tradingco.ng,100000,Net 7,2020-07-18,Yes
CUST-03417,Dynamic Trading Co,Femi Abdullahi,SME,Lagos,09072419895,femi.abdullahi@dynamictra.com.ng,1000000,Net 14,2022-08-28,Yes
CUST-03418,Ifeoma Akinwale,Ifeoma Akinwale,Individual,Ibadan,07062127758,ifeoma.akinwale@tradingco.ng,1000000,Net 14,2019-10-05,Yes
CUST-03419,Vision Enterprises,Ramatu Adekunle,Corporate,Lagos,08121099070,ramatu.adekunle@gmail.com,100000,Immediate,2020-01-29,Yes
CUST-03420,Diamond Services Ltd,Oluwakemi Agbaje,SME,Kano,07066540402,oluwakemi.agbaje@outlook.com,250000,Immediate,2022-06-01,Yes
CUST-03421,Toyin Faleye,Toyin Faleye,Individual,Lagos,08033096061,toyin.faleye@tradingco.ng,100000,Net 30,2020-07-13,Yes
CUST-03422,Future Ltd,Ngozi Ogundele,Corporate,Ibadan,08139447471,ngozi.ogundele@tradingco.ng,0,Immediate,2022-06-22,Yes
CUST-03423,Metro Ltd,Ebunoluwa Osei,SME,Port Harcourt,09015048568,ebunoluwa.osei@outlook.com,1000000,Net 30,2018-03-29,Yes
CUST-03424,National Solutions,Segun Adewale,Corporate,Lagos,09013139139,segun.adewale@businessng.com,1000000,Immediate,2020-02-29,Yes
CUST-03425,Urban Group,Ronke Danjuma,Corporate,Lagos,08114006178,ronke.danjuma@tradingco.ng,500000,Net 7,2022-11-16,Yes
CUST-03426,Future Nigeria Ltd,Toyin Kehinde,SME,Abuja,08111876263,toyin.kehinde@hotmail.com,250000,Immediate,2019-12-13,Yes
CUST-03427,Capital Holdings,Adaora Yusuf,Corporate,Port Harcourt,08052358129,adaora.yusuf@businessng.com,250000,Net 30,2021-02-20,Yes
CUST-03428,Silver Global Ltd,Adaeze Olatunji,Corporate,Abuja,07037833899,adaeze.olatunji@tradingco.ng,0,Net 14,2021-03-10,Yes
CUST-03429,Royal Nigeria Ltd,Adaora Yusuf,Corporate,Lagos,08166607301,adaora.yusuf@hotmail.com,50000,Net 7,2018-09-27,Yes
CUST-03430,Capital Holdings,Nneka Ogundimu,Corporate,Kano,08052130381,nneka.ogundimu@capitalhol.com.ng,50000,Immediate,2018-10-25,Yes
CUST-03431,Faith Adebayo,Faith Adebayo,Individual,Lagos,09077506753,faith.adebayo@faithadeba.com.ng,250000,Net 14,2020-12-12,Yes
CUST-03432,Platinum Global Ltd,Abosede Mensah,SME,Lagos,07063718518,abosede.mensah@hotmail.com,1000000,Immediate,2019-06-17,Yes
CUST-03433,Dynamic Group,Garba Olatunji,Corporate,Kano,08068079251,garba.olatunji@outlook.com,50000,Net 7,2018-01-09,Yes
CUST-03434,Zenith Nigeria Ltd,Nnamdi Musa,Corporate,Abuja,08054419188,nnamdi.musa@gmail.com,500000,Immediate,2021-03-14,Yes
CUST-03435,Fatima Adegoke,Fatima Adegoke,Individual,Port Harcourt,08039794036,fatima.adegoke@outlook.com,1000000,Net 14,2019-04-09,Yes
CUST-03436,Dynamic Global Ltd,Aminu Balogun,Corporate,Lagos,08054163564,aminu.balogun@outlook.com,250000,Net 30,2019-02-27,Yes
CUST-03437,Gold Ventures,Toyin Adegoke,Corporate,Ibadan,07033788395,toyin.adegoke@businessng.com,500000,Net 14,2022-06-28,Yes
CUST-03438,Prime Global Ltd,Temitope Umar,Corporate,Ibadan,08138864717,temitope.umar@yahoo.com,0,Net 7,2022-03-21,Yes
CUST-03439,Grace Okafor,Grace Okafor,Individual,Abuja,07037391063,grace.okafor@yahoo.com,1000000,Net 14,2018-09-18,Yes
CUST-03440,Summit Nigeria Ltd,Damilola Wada,Corporate,Kano,09073537501,damilola.wada@gmail.com,50000,Immediate,2021-11-07,Yes
CUST-03441,Unity Nigeria Ltd,Blessing Taiwo,Corporate,Kano,07064353274,blessing.taiwo@tradingco.ng,1000000,Immediate,2021-12-25,Yes
CUST-03442,Summit Services Ltd,Hassan Adesanya,SME,Abuja,08121503652,hassan.adesanya@businessng.com,50000,Net 30,2020-05-18,Yes
CUST-03443,Heritage Services Ltd,Temitope Akintoye,SME,Lagos,09072235435,temitope.akintoye@tradingco.ng,50000,Net 7,2020-04-28,Yes
CUST-03444,Elite Services Ltd,Aisha Adeyemi,Corporate,Kano,08033903004,aisha.adeyemi@tradingco.ng,1000000,Net 14,2018-03-05,Yes
CUST-03445,Elite Nigeria Ltd,Bola Eze,Corporate,Port Harcourt,08163605508,bola.eze@tradingco.ng,100000,Net 14,2018-09-16,Yes
CUST-03446,Iron Nigeria Ltd,Jumoke Wada,Corporate,Kano,08116742901,jumoke.wada@gmail.com,1000000,Net 7,2018-04-22,Yes
CUST-03447,Star Services Ltd,Blessing Adegoke,SME,Lagos,08137677616,blessing.adegoke@outlook.com,50000,Net 14,2022-10-06,Yes
CUST-03448,Central Group,Mercy Faleye,Corporate,Lagos,08129478059,mercy.faleye@yahoo.com,500000,Net 7,2018-01-09,Yes
CUST-03449,Steel Services Ltd,Aliyu Aliyu,Corporate,Abuja,08055500433,aliyu.aliyu@steelservi.com.ng,0,Net 7,2020-03-30,No
CUST-03450,Silver Group,Aminu Shehu,SME,Lagos,09073793800,aminu.shehu@yahoo.com,1000000,Net 30,2018-08-11,Yes
CUST-03451,Ebunoluwa Garba,Ebunoluwa Garba,Individual,Kano,08111397585,ebunoluwa.garba@businessng.com,50000,Net 14,2021-02-24,Yes
CUST-03452,Abosede Taiwo,Abosede Taiwo,Individual,Lagos,07068684273,abosede.taiwo@hotmail.com,250000,Net 30,2018-06-07,No
CUST-03453,Future Group,Kelechi Ogunwale,SME,Lagos,08032516726,kelechi.ogunwale@tradingco.ng,100000,Net 14,2022-01-15,Yes
CUST-03454,Global Ventures,Blessing Nwachukwu,Corporate,Port Harcourt,08117116865,blessing.nwachukwu@businessng.com,500000,Net 7,2020-02-25,Yes
CUST-03455,Summit Enterprises,Sadiq Sanusi,Corporate,Port Harcourt,09011514908,sadiq.sanusi@hotmail.com,250000,Immediate,2021-02-24,No
CUST-03456,Prime Trading Co,Ebunoluwa Obi,Corporate,Abuja,09071697733,ebunoluwa.obi@hotmail.com,50000,Immediate,2021-10-01,Yes
CUST-03457,Global Trading Co,Akintunde Obi,SME,Kano,08062118896,akintunde.obi@yahoo.com,0,Net 30,2020-03-22,Yes
CUST-03458,Apex Global Ltd,Temitope Adebayo,Corporate,Port Harcourt,09014750466,temitope.adebayo@outlook.com,100000,Net 7,2020-02-08,Yes
CUST-03459,Crown Ventures,Ronke Adeyemi,SME,Port Harcourt,08036830197,ronke.adeyemi@hotmail.com,1000000,Net 14,2020-10-01,Yes
CUST-03460,Metro Ltd,Sadiq Adewale,SME,Lagos,07037561459,sadiq.adewale@businessng.com,250000,Net 7,2021-05-15,Yes
CUST-03461,Hamisu Suleiman,Hamisu Suleiman,Individual,Kano,08036733098,hamisu.suleiman@outlook.com,250000,Net 30,2022-03-09,Yes
CUST-03462,Central Holdings,Emmanuel Shehu,SME,Kano,08061975315,emmanuel.shehu@businessng.com,50000,Net 14,2019-03-11,Yes
CUST-03463,Platinum Holdings,Sadiq Badmus,Corporate,Lagos,07065565449,sadiq.badmus@hotmail.com,500000,Immediate,2021-11-06,Yes
CUST-03464,Zenith Nigeria Ltd,Grace Ibrahim,Corporate,Ibadan,07037477773,grace.ibrahim@gmail.com,100000,Net 30,2022-04-24,No
CUST-03465,Star Ltd,Babatunde Okonkwo,Corporate,Abuja,08169708257,babatunde.okonkwo@starltd.com.ng,100000,Net 14,2020-03-14,Yes
CUST-03466,Ahmed Umar,Ahmed Umar,Individual,Abuja,07035093835,ahmed.umar@businessng.com,250000,Net 7,2022-08-07,Yes
CUST-03467,Crown Global Ltd,Yusuf Faleye,Corporate,Lagos,08129910869,yusuf.faleye@outlook.com,500000,Net 30,2020-10-16,Yes
CUST-03468,Zenith Group,Rotimi Bello,Corporate,Lagos,08135246633,rotimi.bello@tradingco.ng,1000000,Net 7,2020-01-05,Yes
CUST-03469,Prime Global Ltd,Segun Mensah,SME,Ibadan,07066037050,segun.mensah@businessng.com,1000000,Immediate,2021-03-29,Yes
CUST-03470,Eagle Enterprises,Ismail Olatunji,Corporate,Lagos,08128524258,ismail.olatunji@eagleenter.com.ng,500000,Immediate,2022-02-01,Yes
CUST-03471,Federal Trading Co,Emmanuel Sanusi,Corporate,Kano,09018025252,emmanuel.sanusi@hotmail.com,250000,Net 30,2018-03-16,Yes
CUST-03472,Vision Nigeria Ltd,Toluwani Agboola,SME,Lagos,07031280097,toluwani.agboola@tradingco.ng,50000,Net 30,2021-01-31,Yes
CUST-03473,Maryam Musa,Maryam Musa,Individual,Port Harcourt,08114261900,maryam.musa@gmail.com,500000,Immediate,2020-11-11,Yes
CUST-03474,Fatima Adesanya,Fatima Adesanya,Individual,Ibadan,08124431419,fatima.adesanya@tradingco.ng,500000,Net 30,2021-12-16,Yes
CUST-03475,Federal Trading Co,Garba Salami,Corporate,Lagos,08038917566,garba.salami@gmail.com,100000,Net 14,2021-02-19,Yes
CUST-03476,Crown Nigeria Ltd,Adaora Obi,Corporate,Abuja,09077961896,adaora.obi@gmail.com,100000,Net 30,2022-08-26,Yes
CUST-03477,Unity Trading Co,Titi Ogundele,Corporate,Kano,08123261128,titi.ogundele@businessng.com,0,Net 7,2018-05-01,Yes
CUST-03478,Abuja Ltd,Hadiza Badmus,SME,Abuja,09074115522,hadiza.badmus@yahoo.com,1000000,Immediate,2019-03-05,Yes
CUST-03479,Metro Nigeria Ltd,Garba Adebayo,SME,Kano,08113847893,garba.adebayo@outlook.com,500000,Net 30,2021-09-18,Yes
CUST-03480,Hadiza Wada,Hadiza Wada,Individual,Abuja,08064176646,hadiza.wada@hotmail.com,100000,Net 30,2020-09-03,Yes
CUST-03481,Chioma Yusuf,Chioma Yusuf,Individual,Lagos,07064839960,chioma.yusuf@hotmail.com,100000,Net 7,2019-12-29,Yes
CUST-03482,Bright Group,Ramatu Kehinde,SME,Lagos,08051814209,ramatu.kehinde@tradingco.ng,0,Net 14,2018-08-02,No
CUST-03483,Platinum Services Ltd,Abiodun Aliyu,Corporate,Lagos,08166776712,abiodun.aliyu@gmail.com,100000,Net 30,2020-05-26,Yes
CUST-03484,Capital Ltd,Toyin Abubakar,SME,Port Harcourt,08059926445,toyin.abubakar@gmail.com,500000,Net 7,2020-10-29,No
CUST-03485,Lagos Holdings,Emeka Olayemi,Corporate,Lagos,08033977577,emeka.olayemi@businessng.com,250000,Net 14,2020-11-08,Yes
CUST-03486,Power Holdings,Dele Fadahunsi,Corporate,Lagos,08164465648,dele.fadahunsi@businessng.com,500000,Net 7,2019-05-16,Yes
CUST-03487,Titilayo Garba,Titilayo Garba,Individual,Lagos,09011899200,titilayo.garba@outlook.com,0,Net 14,2022-11-04,Yes
CUST-03488,Gold Global Ltd,Grace Fadahunsi,Corporate,Kano,09071126772,grace.fadahunsi@businessng.com,1000000,Net 7,2022-07-05,Yes
CUST-03489,Steel Nigeria Ltd,Adeola Agbaje,Corporate,Abuja,08069813654,adeola.agbaje@tradingco.ng,1000000,Net 30,2022-05-02,Yes
CUST-03490,Peace Adegoke,Peace Adegoke,Individual,Lagos,09018012316,peace.adegoke@tradingco.ng,50000,Net 7,2021-07-19,Yes
CUST-03491,Power Solutions,Kunle Kehinde,SME,Abuja,09078447413,kunle.kehinde@businessng.com,1000000,Net 7,2020-04-26,Yes
CUST-03492,Bright Enterprises,Abubakar Nwachukwu,Corporate,Ibadan,08125706307,abubakar.nwachukwu@gmail.com,1000000,Net 7,2021-12-08,Yes
CUST-03493,Chukwudi Salami,Chukwudi Salami,Individual,Lagos,08054110995,chukwudi.salami@outlook.com,50000,Net 14,2022-11-12,No
CUST-03494,Future Group,Chukwudi Abdullahi,Corporate,Lagos,08063754594,chukwudi.abdullahi@outlook.com,500000,Net 7,2018-06-25,Yes
CUST-03495,Gold Global Ltd,Adewale Obi,Corporate,Lagos,08163659413,adewale.obi@goldglobal.com.ng,50000,Net 30,2020-08-30,Yes
CUST-03496,Zenith Solutions,Ebunoluwa Umar,SME,Abuja,08127380431,ebunoluwa.umar@outlook.com,250000,Immediate,2020-05-23,Yes
CUST-03497,Elite Enterprises,Chinyere Fashola,Corporate,Ibadan,07062001307,chinyere.fashola@eliteenter.com.ng,250000,Net 7,2022-10-08,Yes
CUST-03498,Kano Global Ltd,Mercy Danjuma,Corporate,Lagos,09017486094,mercy.danjuma@gmail.com,1000000,Net 7,2019-03-08,Yes
CUST-03499,Iron Enterprises,Akintunde Abdullahi,SME,Kano,08125856664,akintunde.abdullahi@hotmail.com,250000,Net 7,2020-03-15,Yes
CUST-03500,Apex Trading Co,Hamisu Nwachukwu,Corporate,Lagos,08051702635,hamisu.nwachukwu@gmail.com,250000,Net 7,2022-03-05,Yes
